#
# A fatal error has been detected by the Java Runtime Environment:
#
#  SIGSEGV (0xb) at pc=0x0000786879a720db, pid=48596, tid=93306
#
# JRE version: OpenJDK Runtime Environment Temurin-17.0.14+7 (17.0.14+7) (build 17.0.14+7)
# Java VM: OpenJDK 64-Bit Server VM Temurin-17.0.14+7 (17.0.14+7, mixed mode, sharing, tiered, compressed oops, compressed class ptrs, g1 gc, linux-amd64)
# Problematic frame:
# C  [libpipewire-0.3.so.0+0x470db]
#
# Core dump will be written. Default location: Core dumps may be processed with "/usr/lib/systemd/systemd-coredump %P %u %g %s %t 9223372036854775808 %h" (or dumping to /home/tom/Documents/GitHub/OpenWorldEngine/core.48596)
#
# If you would like to submit a bug report, please visit:
#   https://github.com/adoptium/adoptium-support/issues
#

---------------  S U M M A R Y ------------

Command Line: -Dfile.encoding=UTF-8 -Duser.country=GB -Duser.language=en -Duser.variant Main

Host: AMD Ryzen 7 5800X 8-Core Processor, 32 cores, 15G, Linux Mint 22.1 Xia
Time: Sat May 31 18:50:42 2025 BST elapsed time: 354.575914 seconds (0d 0h 5m 54s)

---------------  T H R E A D  ---------------

Current thread is native thread

Stack: [0x00007865bd4b7000,0x00007865bdcb7000],  sp=0x00007865bdcb5a40,  free space=8186k
Native frames: (J=compiled Java code, j=interpreted, Vv=VM code, C=native code)
C  [libpipewire-0.3.so.0+0x470db]
C  [libpipewire-module-protocol-native.so+0x1fd32]
C  [libpipewire-module-protocol-native.so+0x15ee1]
C  [libpipewire-module-protocol-native.so+0x166c8]
C  [libspa-support.so+0x8d16]
C  [libpipewire-0.3.so.0+0x91c67]
C  [libc.so.6+0x9caa4]


siginfo: si_signo: 11 (SIGSEGV), si_code: 1 (SEGV_MAPERR), si_addr: 0x0000000000000008

Registers:
RAX=0x0000000000000000, RBX=0x0000000000000003, RCX=0x00000000ffffffff, RDX=0x0000000000000000
RSP=0x00007865bdcb5a40, RBP=0x00007865bdcb5a70, RSI=0x0000000000000000, RDI=0x00007867180f4c60
R8 =0x0000000000000003, R9 =0x0000786879a72080, R10=0x0000000000000048, R11=0x0000000000000007
R12=0x00007867180f3ce0, R13=0x0000000000000003, R14=0x00000000ffffffff, R15=0x0000000000000002
RIP=0x0000786879a720db, EFLAGS=0x0000000000010246, CSGSFS=0x002b000000000033, ERR=0x0000000000000004
  TRAPNO=0x000000000000000e


Top of Stack: (sp=0x00007865bdcb5a40)
0x00007865bdcb5a40:   00007867180f4cc0 00000000ffffffff
0x00007865bdcb5a50:   00007867180f3d38 0000000000000001
0x00007865bdcb5a60:   00007867180f4cc0 0000000000000001
0x00007865bdcb5a70:   00007865bdcb5b20 000078687af5ed32
0x00007865bdcb5a80:   00007867180f4cc0 0000000300000001
0x00007865bdcb5a90:   0000000300000002 ffffffffffffffff
0x00007865bdcb5aa0:   0000786718021a18 0000000000000048
0x00007865bdcb5ab0:   0000000000000048 0000000000000000
0x00007865bdcb5ac0:   0000786718085cc8 00007867180f3d80
0x00007865bdcb5ad0:   0000000000000000 0000000000000000
0x00007865bdcb5ae0:   0000000000000000 0000000000000000
0x00007865bdcb5af0:   0000000000000000 bcc0c2082120bc00
0x00007865bdcb5b00:   000078671802f9c0 00007867180f3ce0
0x00007865bdcb5b10:   000078671802f9c0 00007867180f3ce0
0x00007865bdcb5b20:   00007865bdcb5b80 000078687af54ee1
0x00007865bdcb5b30:   0000000000000000 00007865bdcb5b40
0x00007865bdcb5b40:   0000786718031af8 bcc0c2082120bc00
0x00007865bdcb5b50:   0000786718031bc0 00007867180f3ce0
0x00007865bdcb5b60:   0000786718092cb0 00007867180f4cc0
0x00007865bdcb5b70:   0000000000000e38 0000000000000001
0x00007865bdcb5b80:   00007865bdcb5c20 000078687af556c8
0x00007865bdcb5b90:   0000000000000000 000078671802f9c0
0x00007865bdcb5ba0:   0000000000000000 0000000000000008
0x00007865bdcb5bb0:   0000786500000004 0000000000000008
0x00007865bdcb5bc0:   00007865bdcb5bd0 000078685c18d380
0x00007865bdcb5bd0:   00007865bdcb5c20 0000786902ca0157
0x00007865bdcb5be0:   0000000000000000 bcc0c2082120bc00
0x00007865bdcb5bf0:   0000000000000001 00007865bdcb5c58
0x00007865bdcb5c00:   00007865bdcb5c58 00007865bdcb5c68
0x00007865bdcb5c10:   0000000000000001 000078671807a170
0x00007865bdcb5c20:   00007865bdcb5e90 000078687a334d16
0x00007865bdcb5c30:   0000000000000000 0000000000000000 

Instructions: (pc=0x0000786879a720db)
0x0000786879a71fdb:   49 8b 84 24 08 01 00 00 89 de 48 c1 e8 03 48 39
0x0000786879a71feb:   c6 73 32 49 8b 84 24 00 01 00 00 48 8b 3c f0 40
0x0000786879a71ffb:   f6 c7 01 75 20 48 85 ff 74 1b 48 8d 65 e8 44 89
0x0000786879a7200b:   ee 5b 41 5c 41 5d 5d e9 99 55 03 00 66 0f 1f 84
0x0000786879a7201b:   00 00 00 00 00 48 8d 65 e8 5b 41 5c 41 5d 5d c3
0x0000786879a7202b:   0f 1f 44 00 00 48 8b 05 81 6f 09 00 83 38 03 76
0x0000786879a7203b:   9f 48 83 ec 08 4c 8d 0d 7f 39 05 00 31 c0 b9 47
0x0000786879a7204b:   00 00 00 41 55 4c 8d 05 b9 fa 05 00 48 8d 15 26
0x0000786879a7205b:   39 05 00 bf 04 00 00 00 53 48 8d 35 e5 6f 09 00
0x0000786879a7206b:   41 54 e8 fe bf 01 00 48 83 c4 20 e9 60 ff ff ff
0x0000786879a7207b:   0f 1f 44 00 00 f3 0f 1e fa 55 48 89 e5 41 57 41
0x0000786879a7208b:   89 d7 41 56 41 89 ce 41 55 41 89 f5 41 54 49 89
0x0000786879a7209b:   fc 53 44 89 c3 48 83 ec 08 80 3d b9 6f 09 00 00
0x0000786879a720ab:   0f 84 9f 00 00 00 31 c0 83 3d a6 6f 09 00 03 0f
0x0000786879a720bb:   97 c0 48 85 c0 0f 85 b1 00 00 00 49 8b bc 24 98
0x0000786879a720cb:   00 00 00 89 de 44 89 f1 44 89 fa e8 95 d9 01 00
0x0000786879a720db:   44 8b 40 08 48 89 c3 45 39 e8 74 59 80 3d 76 6f
0x0000786879a720eb:   09 00 00 75 78 48 8b 05 c1 6e 09 00 8b 00 85 c0
0x0000786879a720fb:   0f 95 c0 0f b6 c0 48 85 c0 0f 85 b0 00 00 00 31
0x0000786879a7210b:   c0 44 89 e9 48 8d 15 5a 9f 05 00 4c 89 e7 be ea
0x0000786879a7211b:   ff ff ff e8 6d 2b 03 00 83 6b 0c 01 75 17 48 8d
0x0000786879a7212b:   65 d8 48 89 df 5b 41 5c 41 5d 41 5e 41 5f 5d e9
0x0000786879a7213b:   21 de 01 00 90 48 8d 65 d8 5b 41 5c 41 5d 41 5e
0x0000786879a7214b:   41 5f 5d c3 90 48 8b 05 61 6e 09 00 83 38 03 0f
0x0000786879a7215b:   97 c0 0f b6 c0 e9 58 ff ff ff 0f 1f 00 8b 15 f2
0x0000786879a7216b:   6e 09 00 31 c0 85 d2 0f 95 c0 eb 8a 48 83 ec 08
0x0000786879a7217b:   4c 8d 0d 96 9e 05 00 31 c0 b9 51 00 00 00 53 4c
0x0000786879a7218b:   8d 05 5f f9 05 00 48 8d 15 ec 37 05 00 bf 04 00
0x0000786879a7219b:   00 00 41 56 48 8d 35 aa 6e 09 00 41 57 41 55 41
0x0000786879a721ab:   54 e8 bf be 01 00 48 83 c4 30 e9 0c ff ff ff 41
0x0000786879a721bb:   50 4c 8d 0d 7d 9e 05 00 b9 55 00 00 00 31 c0 41
0x0000786879a721cb:   56 4c 8d 05 1d f9 05 00 48 8d 15 aa 37 05 00 bf 



---------------  P R O C E S S  ---------------

VM state: not at safepoint (normal execution)

VM Mutex/Monitor currently owned by a thread: None

Heap address: 0x0000000707600000, size: 3978 MB, Compressed Oops mode: Zero based, Oop shift amount: 3

CDS archive(s) mapped at: [0x000078687f000000-0x000078687fbc9000-0x000078687fbc9000), size 12357632, SharedBaseAddress: 0x000078687f000000, ArchiveRelocationMode: 1.
Compressed class space mapped at: 0x0000786880000000-0x00007868c0000000, reserved size: 1073741824
Narrow klass base: 0x000078687f000000, Narrow klass shift: 0, Narrow klass range: 0x100000000

GC Precious Log:
<Skipped>

Heap:
 garbage-first heap   total 260096K, used 110638K [0x0000000707600000, 0x0000000800000000)
  region size 2048K, 52 young (106496K), 2 survivors (4096K)
 Metaspace       used 11105K, committed 11392K, reserved 1114112K
  class space    used 1010K, committed 1152K, reserved 1048576K

Heap Regions: E=young(eden), S=young(survivor), O=old, HS=humongous(starts), HC=humongous(continues), CS=collection set, F=free, OA=open archive, CA=closed archive, TAMS=top-at-mark-start (previous, next)
|   0|0x0000000707600000, 0x0000000707800000, 0x0000000707800000|100%| O|  |TAMS 0x0000000707600000, 0x0000000707600000| Untracked 
|   1|0x0000000707800000, 0x0000000707a00000, 0x0000000707a00000|100%| O|  |TAMS 0x0000000707800000, 0x0000000707800000| Untracked 
|   2|0x0000000707a00000, 0x0000000707ab4c00, 0x0000000707c00000| 35%| O|  |TAMS 0x0000000707a00000, 0x0000000707a00000| Untracked 
|   3|0x0000000707c00000, 0x0000000707c00000, 0x0000000707e00000|  0%| F|  |TAMS 0x0000000707c00000, 0x0000000707c00000| Untracked 
|   4|0x0000000707e00000, 0x0000000707e00000, 0x0000000708000000|  0%| F|  |TAMS 0x0000000707e00000, 0x0000000707e00000| Untracked 
|   5|0x0000000708000000, 0x0000000708000000, 0x0000000708200000|  0%| F|  |TAMS 0x0000000708000000, 0x0000000708000000| Untracked 
|   6|0x0000000708200000, 0x0000000708200000, 0x0000000708400000|  0%| F|  |TAMS 0x0000000708200000, 0x0000000708200000| Untracked 
|   7|0x0000000708400000, 0x0000000708400000, 0x0000000708600000|  0%| F|  |TAMS 0x0000000708400000, 0x0000000708400000| Untracked 
|   8|0x0000000708600000, 0x0000000708600000, 0x0000000708800000|  0%| F|  |TAMS 0x0000000708600000, 0x0000000708600000| Untracked 
|   9|0x0000000708800000, 0x0000000708800000, 0x0000000708a00000|  0%| F|  |TAMS 0x0000000708800000, 0x0000000708800000| Untracked 
|  10|0x0000000708a00000, 0x0000000708a00000, 0x0000000708c00000|  0%| F|  |TAMS 0x0000000708a00000, 0x0000000708a00000| Untracked 
|  11|0x0000000708c00000, 0x0000000708c00000, 0x0000000708e00000|  0%| F|  |TAMS 0x0000000708c00000, 0x0000000708c00000| Untracked 
|  12|0x0000000708e00000, 0x0000000708e00000, 0x0000000709000000|  0%| F|  |TAMS 0x0000000708e00000, 0x0000000708e00000| Untracked 
|  13|0x0000000709000000, 0x0000000709000000, 0x0000000709200000|  0%| F|  |TAMS 0x0000000709000000, 0x0000000709000000| Untracked 
|  14|0x0000000709200000, 0x0000000709200000, 0x0000000709400000|  0%| F|  |TAMS 0x0000000709200000, 0x0000000709200000| Untracked 
|  15|0x0000000709400000, 0x0000000709400000, 0x0000000709600000|  0%| F|  |TAMS 0x0000000709400000, 0x0000000709400000| Untracked 
|  16|0x0000000709600000, 0x0000000709600000, 0x0000000709800000|  0%| F|  |TAMS 0x0000000709600000, 0x0000000709600000| Untracked 
|  17|0x0000000709800000, 0x0000000709800000, 0x0000000709a00000|  0%| F|  |TAMS 0x0000000709800000, 0x0000000709800000| Untracked 
|  18|0x0000000709a00000, 0x0000000709a00000, 0x0000000709c00000|  0%| F|  |TAMS 0x0000000709a00000, 0x0000000709a00000| Untracked 
|  19|0x0000000709c00000, 0x0000000709c00000, 0x0000000709e00000|  0%| F|  |TAMS 0x0000000709c00000, 0x0000000709c00000| Untracked 
|  20|0x0000000709e00000, 0x0000000709e00000, 0x000000070a000000|  0%| F|  |TAMS 0x0000000709e00000, 0x0000000709e00000| Untracked 
|  21|0x000000070a000000, 0x000000070a000000, 0x000000070a200000|  0%| F|  |TAMS 0x000000070a000000, 0x000000070a000000| Untracked 
|  22|0x000000070a200000, 0x000000070a200000, 0x000000070a400000|  0%| F|  |TAMS 0x000000070a200000, 0x000000070a200000| Untracked 
|  23|0x000000070a400000, 0x000000070a400000, 0x000000070a600000|  0%| F|  |TAMS 0x000000070a400000, 0x000000070a400000| Untracked 
|  24|0x000000070a600000, 0x000000070a600000, 0x000000070a800000|  0%| F|  |TAMS 0x000000070a600000, 0x000000070a600000| Untracked 
|  25|0x000000070a800000, 0x000000070a800000, 0x000000070aa00000|  0%| F|  |TAMS 0x000000070a800000, 0x000000070a800000| Untracked 
|  26|0x000000070aa00000, 0x000000070aa00000, 0x000000070ac00000|  0%| F|  |TAMS 0x000000070aa00000, 0x000000070aa00000| Untracked 
|  27|0x000000070ac00000, 0x000000070ac00000, 0x000000070ae00000|  0%| F|  |TAMS 0x000000070ac00000, 0x000000070ac00000| Untracked 
|  28|0x000000070ae00000, 0x000000070ae00000, 0x000000070b000000|  0%| F|  |TAMS 0x000000070ae00000, 0x000000070ae00000| Untracked 
|  29|0x000000070b000000, 0x000000070b000000, 0x000000070b200000|  0%| F|  |TAMS 0x000000070b000000, 0x000000070b000000| Untracked 
|  30|0x000000070b200000, 0x000000070b200000, 0x000000070b400000|  0%| F|  |TAMS 0x000000070b200000, 0x000000070b200000| Untracked 
|  31|0x000000070b400000, 0x000000070b400000, 0x000000070b600000|  0%| F|  |TAMS 0x000000070b400000, 0x000000070b400000| Untracked 
|  32|0x000000070b600000, 0x000000070b600000, 0x000000070b800000|  0%| F|  |TAMS 0x000000070b600000, 0x000000070b600000| Untracked 
|  33|0x000000070b800000, 0x000000070b800000, 0x000000070ba00000|  0%| F|  |TAMS 0x000000070b800000, 0x000000070b800000| Untracked 
|  34|0x000000070ba00000, 0x000000070ba00000, 0x000000070bc00000|  0%| F|  |TAMS 0x000000070ba00000, 0x000000070ba00000| Untracked 
|  35|0x000000070bc00000, 0x000000070bc00000, 0x000000070be00000|  0%| F|  |TAMS 0x000000070bc00000, 0x000000070bc00000| Untracked 
|  36|0x000000070be00000, 0x000000070be00000, 0x000000070c000000|  0%| F|  |TAMS 0x000000070be00000, 0x000000070be00000| Untracked 
|  37|0x000000070c000000, 0x000000070c000000, 0x000000070c200000|  0%| F|  |TAMS 0x000000070c000000, 0x000000070c000000| Untracked 
|  38|0x000000070c200000, 0x000000070c200000, 0x000000070c400000|  0%| F|  |TAMS 0x000000070c200000, 0x000000070c200000| Untracked 
|  39|0x000000070c400000, 0x000000070c400000, 0x000000070c600000|  0%| F|  |TAMS 0x000000070c400000, 0x000000070c400000| Untracked 
|  40|0x000000070c600000, 0x000000070c600000, 0x000000070c800000|  0%| F|  |TAMS 0x000000070c600000, 0x000000070c600000| Untracked 
|  41|0x000000070c800000, 0x000000070c800000, 0x000000070ca00000|  0%| F|  |TAMS 0x000000070c800000, 0x000000070c800000| Untracked 
|  42|0x000000070ca00000, 0x000000070ca00000, 0x000000070cc00000|  0%| F|  |TAMS 0x000000070ca00000, 0x000000070ca00000| Untracked 
|  43|0x000000070cc00000, 0x000000070cc00000, 0x000000070ce00000|  0%| F|  |TAMS 0x000000070cc00000, 0x000000070cc00000| Untracked 
|  44|0x000000070ce00000, 0x000000070ce00000, 0x000000070d000000|  0%| F|  |TAMS 0x000000070ce00000, 0x000000070ce00000| Untracked 
|  45|0x000000070d000000, 0x000000070d000000, 0x000000070d200000|  0%| F|  |TAMS 0x000000070d000000, 0x000000070d000000| Untracked 
|  46|0x000000070d200000, 0x000000070d200000, 0x000000070d400000|  0%| F|  |TAMS 0x000000070d200000, 0x000000070d200000| Untracked 
|  47|0x000000070d400000, 0x000000070d400000, 0x000000070d600000|  0%| F|  |TAMS 0x000000070d400000, 0x000000070d400000| Untracked 
|  48|0x000000070d600000, 0x000000070d600000, 0x000000070d800000|  0%| F|  |TAMS 0x000000070d600000, 0x000000070d600000| Untracked 
|  49|0x000000070d800000, 0x000000070d86afa0, 0x000000070da00000| 20%| S|CS|TAMS 0x000000070d800000, 0x000000070d800000| Complete 
|  50|0x000000070da00000, 0x000000070da00000, 0x000000070dc00000|  0%| F|  |TAMS 0x000000070da00000, 0x000000070da00000| Untracked 
|  51|0x000000070dc00000, 0x000000070de00000, 0x000000070de00000|100%| S|CS|TAMS 0x000000070dc00000, 0x000000070dc00000| Complete 
|  52|0x000000070de00000, 0x000000070de00000, 0x000000070e000000|  0%| F|  |TAMS 0x000000070de00000, 0x000000070de00000| Untracked 
|  53|0x000000070e000000, 0x000000070e000000, 0x000000070e200000|  0%| F|  |TAMS 0x000000070e000000, 0x000000070e000000| Untracked 
|  54|0x000000070e200000, 0x000000070e200000, 0x000000070e400000|  0%| F|  |TAMS 0x000000070e200000, 0x000000070e200000| Untracked 
|  55|0x000000070e400000, 0x000000070e400000, 0x000000070e600000|  0%| F|  |TAMS 0x000000070e400000, 0x000000070e400000| Untracked 
|  56|0x000000070e600000, 0x000000070e600000, 0x000000070e800000|  0%| F|  |TAMS 0x000000070e600000, 0x000000070e600000| Untracked 
|  57|0x000000070e800000, 0x000000070e800000, 0x000000070ea00000|  0%| F|  |TAMS 0x000000070e800000, 0x000000070e800000| Untracked 
|  58|0x000000070ea00000, 0x000000070ea00000, 0x000000070ec00000|  0%| F|  |TAMS 0x000000070ea00000, 0x000000070ea00000| Untracked 
|  59|0x000000070ec00000, 0x000000070ec00000, 0x000000070ee00000|  0%| F|  |TAMS 0x000000070ec00000, 0x000000070ec00000| Untracked 
|  60|0x000000070ee00000, 0x000000070ee00000, 0x000000070f000000|  0%| F|  |TAMS 0x000000070ee00000, 0x000000070ee00000| Untracked 
|  61|0x000000070f000000, 0x000000070f000000, 0x000000070f200000|  0%| F|  |TAMS 0x000000070f000000, 0x000000070f000000| Untracked 
|  62|0x000000070f200000, 0x000000070f200000, 0x000000070f400000|  0%| F|  |TAMS 0x000000070f200000, 0x000000070f200000| Untracked 
|  63|0x000000070f400000, 0x000000070f400000, 0x000000070f600000|  0%| F|  |TAMS 0x000000070f400000, 0x000000070f400000| Untracked 
|  64|0x000000070f600000, 0x000000070f600000, 0x000000070f800000|  0%| F|  |TAMS 0x000000070f600000, 0x000000070f600000| Untracked 
|  65|0x000000070f800000, 0x000000070f800000, 0x000000070fa00000|  0%| F|  |TAMS 0x000000070f800000, 0x000000070f800000| Untracked 
|  66|0x000000070fa00000, 0x000000070fa00000, 0x000000070fc00000|  0%| F|  |TAMS 0x000000070fa00000, 0x000000070fa00000| Untracked 
|  67|0x000000070fc00000, 0x000000070fc00000, 0x000000070fe00000|  0%| F|  |TAMS 0x000000070fc00000, 0x000000070fc00000| Untracked 
|  68|0x000000070fe00000, 0x000000070fe00000, 0x0000000710000000|  0%| F|  |TAMS 0x000000070fe00000, 0x000000070fe00000| Untracked 
|  69|0x0000000710000000, 0x0000000710000000, 0x0000000710200000|  0%| F|  |TAMS 0x0000000710000000, 0x0000000710000000| Untracked 
|  70|0x0000000710200000, 0x0000000710200000, 0x0000000710400000|  0%| F|  |TAMS 0x0000000710200000, 0x0000000710200000| Untracked 
|  71|0x0000000710400000, 0x0000000710400000, 0x0000000710600000|  0%| F|  |TAMS 0x0000000710400000, 0x0000000710400000| Untracked 
|  72|0x0000000710600000, 0x0000000710600000, 0x0000000710800000|  0%| F|  |TAMS 0x0000000710600000, 0x0000000710600000| Untracked 
|  73|0x0000000710800000, 0x0000000710800000, 0x0000000710a00000|  0%| F|  |TAMS 0x0000000710800000, 0x0000000710800000| Untracked 
|  74|0x0000000710a00000, 0x0000000710a00000, 0x0000000710c00000|  0%| F|  |TAMS 0x0000000710a00000, 0x0000000710a00000| Untracked 
|  75|0x0000000710c00000, 0x0000000710d00000, 0x0000000710e00000| 50%| E|  |TAMS 0x0000000710c00000, 0x0000000710c00000| Complete 
|  76|0x0000000710e00000, 0x0000000711000000, 0x0000000711000000|100%| E|CS|TAMS 0x0000000710e00000, 0x0000000710e00000| Complete 
|  77|0x0000000711000000, 0x0000000711200000, 0x0000000711200000|100%| E|CS|TAMS 0x0000000711000000, 0x0000000711000000| Complete 
|  78|0x0000000711200000, 0x0000000711400000, 0x0000000711400000|100%| E|CS|TAMS 0x0000000711200000, 0x0000000711200000| Complete 
|  79|0x0000000711400000, 0x0000000711600000, 0x0000000711600000|100%| E|CS|TAMS 0x0000000711400000, 0x0000000711400000| Complete 
|  80|0x0000000711600000, 0x0000000711800000, 0x0000000711800000|100%| E|CS|TAMS 0x0000000711600000, 0x0000000711600000| Complete 
|  81|0x0000000711800000, 0x0000000711a00000, 0x0000000711a00000|100%| E|CS|TAMS 0x0000000711800000, 0x0000000711800000| Complete 
|  82|0x0000000711a00000, 0x0000000711c00000, 0x0000000711c00000|100%| E|CS|TAMS 0x0000000711a00000, 0x0000000711a00000| Complete 
|  83|0x0000000711c00000, 0x0000000711e00000, 0x0000000711e00000|100%| E|CS|TAMS 0x0000000711c00000, 0x0000000711c00000| Complete 
|  84|0x0000000711e00000, 0x0000000712000000, 0x0000000712000000|100%| E|CS|TAMS 0x0000000711e00000, 0x0000000711e00000| Complete 
|  85|0x0000000712000000, 0x0000000712200000, 0x0000000712200000|100%| E|CS|TAMS 0x0000000712000000, 0x0000000712000000| Complete 
|  86|0x0000000712200000, 0x0000000712400000, 0x0000000712400000|100%| E|CS|TAMS 0x0000000712200000, 0x0000000712200000| Complete 
|  87|0x0000000712400000, 0x0000000712600000, 0x0000000712600000|100%| E|CS|TAMS 0x0000000712400000, 0x0000000712400000| Complete 
|  88|0x0000000712600000, 0x0000000712800000, 0x0000000712800000|100%| E|CS|TAMS 0x0000000712600000, 0x0000000712600000| Complete 
|  89|0x0000000712800000, 0x0000000712a00000, 0x0000000712a00000|100%| E|CS|TAMS 0x0000000712800000, 0x0000000712800000| Complete 
|  90|0x0000000712a00000, 0x0000000712c00000, 0x0000000712c00000|100%| E|CS|TAMS 0x0000000712a00000, 0x0000000712a00000| Complete 
|  91|0x0000000712c00000, 0x0000000712e00000, 0x0000000712e00000|100%| E|CS|TAMS 0x0000000712c00000, 0x0000000712c00000| Complete 
|  92|0x0000000712e00000, 0x0000000713000000, 0x0000000713000000|100%| E|CS|TAMS 0x0000000712e00000, 0x0000000712e00000| Complete 
|  93|0x0000000713000000, 0x0000000713200000, 0x0000000713200000|100%| E|CS|TAMS 0x0000000713000000, 0x0000000713000000| Complete 
|  94|0x0000000713200000, 0x0000000713400000, 0x0000000713400000|100%| E|CS|TAMS 0x0000000713200000, 0x0000000713200000| Complete 
|  95|0x0000000713400000, 0x0000000713600000, 0x0000000713600000|100%| E|CS|TAMS 0x0000000713400000, 0x0000000713400000| Complete 
|  96|0x0000000713600000, 0x0000000713800000, 0x0000000713800000|100%| E|CS|TAMS 0x0000000713600000, 0x0000000713600000| Complete 
|  97|0x0000000713800000, 0x0000000713a00000, 0x0000000713a00000|100%| E|CS|TAMS 0x0000000713800000, 0x0000000713800000| Complete 
|  98|0x0000000713a00000, 0x0000000713c00000, 0x0000000713c00000|100%| E|CS|TAMS 0x0000000713a00000, 0x0000000713a00000| Complete 
|  99|0x0000000713c00000, 0x0000000713e00000, 0x0000000713e00000|100%| E|CS|TAMS 0x0000000713c00000, 0x0000000713c00000| Complete 
| 100|0x0000000713e00000, 0x0000000714000000, 0x0000000714000000|100%| E|CS|TAMS 0x0000000713e00000, 0x0000000713e00000| Complete 
| 101|0x0000000714000000, 0x0000000714200000, 0x0000000714200000|100%| E|CS|TAMS 0x0000000714000000, 0x0000000714000000| Complete 
| 102|0x0000000714200000, 0x0000000714400000, 0x0000000714400000|100%| E|CS|TAMS 0x0000000714200000, 0x0000000714200000| Complete 
| 103|0x0000000714400000, 0x0000000714600000, 0x0000000714600000|100%| E|CS|TAMS 0x0000000714400000, 0x0000000714400000| Complete 
| 104|0x0000000714600000, 0x0000000714800000, 0x0000000714800000|100%| E|CS|TAMS 0x0000000714600000, 0x0000000714600000| Complete 
| 105|0x0000000714800000, 0x0000000714a00000, 0x0000000714a00000|100%| E|CS|TAMS 0x0000000714800000, 0x0000000714800000| Complete 
| 106|0x0000000714a00000, 0x0000000714c00000, 0x0000000714c00000|100%| E|CS|TAMS 0x0000000714a00000, 0x0000000714a00000| Complete 
| 107|0x0000000714c00000, 0x0000000714e00000, 0x0000000714e00000|100%| E|CS|TAMS 0x0000000714c00000, 0x0000000714c00000| Complete 
| 108|0x0000000714e00000, 0x0000000715000000, 0x0000000715000000|100%| E|CS|TAMS 0x0000000714e00000, 0x0000000714e00000| Complete 
| 109|0x0000000715000000, 0x0000000715200000, 0x0000000715200000|100%| E|CS|TAMS 0x0000000715000000, 0x0000000715000000| Complete 
| 110|0x0000000715200000, 0x0000000715400000, 0x0000000715400000|100%| E|CS|TAMS 0x0000000715200000, 0x0000000715200000| Complete 
| 111|0x0000000715400000, 0x0000000715600000, 0x0000000715600000|100%| E|CS|TAMS 0x0000000715400000, 0x0000000715400000| Complete 
| 112|0x0000000715600000, 0x0000000715800000, 0x0000000715800000|100%| E|CS|TAMS 0x0000000715600000, 0x0000000715600000| Complete 
| 113|0x0000000715800000, 0x0000000715a00000, 0x0000000715a00000|100%| E|CS|TAMS 0x0000000715800000, 0x0000000715800000| Complete 
| 114|0x0000000715a00000, 0x0000000715c00000, 0x0000000715c00000|100%| E|CS|TAMS 0x0000000715a00000, 0x0000000715a00000| Complete 
| 115|0x0000000715c00000, 0x0000000715e00000, 0x0000000715e00000|100%| E|CS|TAMS 0x0000000715c00000, 0x0000000715c00000| Complete 
| 116|0x0000000715e00000, 0x0000000716000000, 0x0000000716000000|100%| E|CS|TAMS 0x0000000715e00000, 0x0000000715e00000| Complete 
| 117|0x0000000716000000, 0x0000000716200000, 0x0000000716200000|100%| E|CS|TAMS 0x0000000716000000, 0x0000000716000000| Complete 
| 118|0x0000000716200000, 0x0000000716400000, 0x0000000716400000|100%| E|CS|TAMS 0x0000000716200000, 0x0000000716200000| Complete 
| 119|0x0000000716400000, 0x0000000716600000, 0x0000000716600000|100%| E|CS|TAMS 0x0000000716400000, 0x0000000716400000| Complete 
| 120|0x0000000716600000, 0x0000000716800000, 0x0000000716800000|100%| E|CS|TAMS 0x0000000716600000, 0x0000000716600000| Complete 
| 121|0x0000000716800000, 0x0000000716a00000, 0x0000000716a00000|100%| E|CS|TAMS 0x0000000716800000, 0x0000000716800000| Complete 
| 122|0x0000000716a00000, 0x0000000716c00000, 0x0000000716c00000|100%| E|CS|TAMS 0x0000000716a00000, 0x0000000716a00000| Complete 
| 123|0x0000000716c00000, 0x0000000716e00000, 0x0000000716e00000|100%| E|CS|TAMS 0x0000000716c00000, 0x0000000716c00000| Complete 
| 124|0x0000000716e00000, 0x0000000717000000, 0x0000000717000000|100%| E|CS|TAMS 0x0000000716e00000, 0x0000000716e00000| Complete 
|1987|0x00000007ffc00000, 0x00000007ffd75000, 0x00000007ffe00000| 72%|OA|  |TAMS 0x00000007ffc00000, 0x00000007ffc00000| Untracked 
|1988|0x00000007ffe00000, 0x00000007ffe77000, 0x0000000800000000| 23%|CA|  |TAMS 0x00000007ffe00000, 0x00000007ffe00000| Untracked 

Card table byte_map: [0x00007868e4476000,0x00007868e4c3b000] _byte_map_base: 0x00007868e0c3b000

Marking Bits (Prev, Next): (CMBitMap*) 0x00007868fc0973a0, (CMBitMap*) 0x00007868fc0973e0
 Prev Bits: [0x00007868dfe89000, 0x00007868e3cb1000)
 Next Bits: [0x00007868dc061000, 0x00007868dfe89000)

Polling page: 0x0000786902ee7000

Metaspace:

Usage:
  Non-class:      9.86 MB used.
      Class:   1010.59 KB used.
       Both:     10.85 MB used.

Virtual space:
  Non-class space:       64.00 MB reserved,      10.00 MB ( 16%) committed,  1 nodes.
      Class space:        1.00 GB reserved,       1.12 MB ( <1%) committed,  1 nodes.
             Both:        1.06 GB reserved,      11.12 MB (  1%) committed. 

Chunk freelists:
   Non-Class:  6.04 MB
       Class:  14.71 MB
        Both:  20.75 MB

MaxMetaspaceSize: unlimited
CompressedClassSpaceSize: 1.00 GB
Initial GC threshold: 21.00 MB
Current GC threshold: 21.00 MB
CDS: on
MetaspaceReclaimPolicy: balanced
 - commit_granule_bytes: 65536.
 - commit_granule_words: 8192.
 - virtual_space_node_default_size: 8388608.
 - enlarge_chunks_in_place: 1.
 - new_chunks_are_fully_committed: 0.
 - uncommit_free_chunks: 1.
 - use_allocation_guard: 0.
 - handle_deallocations: 1.


Internal statistics:

num_allocs_failed_limit: 0.
num_arena_births: 194.
num_arena_deaths: 0.
num_vsnodes_births: 2.
num_vsnodes_deaths: 0.
num_space_committed: 178.
num_space_uncommitted: 0.
num_chunks_returned_to_freelist: 0.
num_chunks_taken_from_freelist: 291.
num_chunk_merges: 0.
num_chunk_splits: 173.
num_chunks_enlarged: 86.
num_inconsistent_stats: 0.

CodeHeap 'non-profiled nmethods': size=119168Kb used=2922Kb max_used=3305Kb free=116246Kb
 bounds [0x00007868ecfa0000, 0x00007868ed2e0000, 0x00007868f4400000]
CodeHeap 'profiled nmethods': size=119164Kb used=4616Kb max_used=6879Kb free=114547Kb
 bounds [0x00007868e5400000, 0x00007868e5ac0000, 0x00007868ec85f000]
CodeHeap 'non-nmethods': size=7428Kb used=1327Kb max_used=3090Kb free=6100Kb
 bounds [0x00007868ec85f000, 0x00007868ecb7f000, 0x00007868ecfa0000]
 total_blobs=3685 nmethods=3017 adapters=581
 compilation: enabled
              stopped_count=0, restarted_count=0
 full_count=0

Compilation events (20 events):
Event: 349.950 Thread 0x00007868fc1b1520 3811   !   4       jdk.internal.reflect.GeneratedConstructorAccessor1::newInstance (49 bytes)
Event: 349.951 Thread 0x00007868fc1b1520 nmethod 3811 0x00007868ed238090 code [0x00007868ed238240, 0x00007868ed238388]
Event: 349.951 Thread 0x00007868fc1b1520 3812   !   4       jdk.internal.reflect.GeneratedConstructorAccessor7::newInstance (49 bytes)
Event: 349.953 Thread 0x00007868fc1b1520 nmethod 3812 0x00007868ed268f10 code [0x00007868ed2690e0, 0x00007868ed2694d8]
Event: 349.953 Thread 0x00007868fc1b1520 3813   !   4       jdk.internal.reflect.GeneratedConstructorAccessor8::newInstance (49 bytes)
Event: 349.954 Thread 0x00007868fc1b1520 nmethod 3813 0x00007868ed268490 code [0x00007868ed268660, 0x00007868ed268a58]
Event: 350.421 Thread 0x00007868fc1b1520 3814       4       com.sun.media.sound.DirectAudioDevice$DirectDL$Gain::setValue (26 bytes)
Event: 350.423 Thread 0x00007868fc1b1520 nmethod 3814 0x00007868ed0aac90 code [0x00007868ed0aae60, 0x00007868ed0ab118]
Event: 352.084 Thread 0x00007868fc1b1520 3815       4       com.sun.media.sound.WaveFloatFileReader::getAudioInputStream (79 bytes)
Event: 352.090 Thread 0x00007868fc1b1520 nmethod 3815 0x00007868ed212410 code [0x00007868ed212620, 0x00007868ed213240]
Event: 352.090 Thread 0x00007868fc1b1520 3816  s    4       java.io.BufferedInputStream::skip (98 bytes)
Event: 352.091 Thread 0x00007868fc1b1520 nmethod 3816 0x00007868ed1c3690 code [0x00007868ed1c3820, 0x00007868ed1c3a98]
Event: 352.167 Thread 0x00007868fc1b1520 3817       4       com.sun.media.sound.StandardFileFormat::<init> (28 bytes)
Event: 352.169 Thread 0x00007868fc1b1520 nmethod 3817 0x00007868ecfd2b10 code [0x00007868ecfd2ca0, 0x00007868ecfd3058]
Event: 352.170 Thread 0x00007868fc1b1520 3818       4       com.sun.media.sound.WaveFileFormat::<init> (93 bytes)
Event: 352.173 Thread 0x00007868fc1b1520 nmethod 3818 0x00007868ed0a9e90 code [0x00007868ed0aa040, 0x00007868ed0aa938]
Event: 353.965 Thread 0x00007868fc1b1520 3819       4       com.sun.media.sound.DirectAudioDevice$DirectDL::implOpen (493 bytes)
Event: 353.984 Thread 0x00007868fc1b1520 nmethod 3819 0x00007868ed1fd910 code [0x00007868ed1fdbc0, 0x00007868ed1ff8b8]
Event: 354.085 Thread 0x00007868fc1b1520 3820       4       java.lang.Thread::exit (70 bytes)
Event: 354.090 Thread 0x00007868fc1b1520 nmethod 3820 0x00007868ed1fcc90 code [0x00007868ed1fce20, 0x00007868ed1fd658]

GC Heap History (20 events):
Event: 349.105 GC heap before
{Heap before GC invocations=409 (full 0):
 garbage-first heap   total 260096K, used 159681K [0x0000000707600000, 0x0000000800000000)
  region size 2048K, 75 young (153600K), 1 survivors (2048K)
 Metaspace       used 11105K, committed 11392K, reserved 1114112K
  class space    used 1010K, committed 1152K, reserved 1048576K
}
Event: 349.105 GC heap after
{Heap after GC invocations=410 (full 0):
 garbage-first heap   total 260096K, used 8274K [0x0000000707600000, 0x0000000800000000)
  region size 2048K, 1 young (2048K), 1 survivors (2048K)
 Metaspace       used 11105K, committed 11392K, reserved 1114112K
  class space    used 1010K, committed 1152K, reserved 1048576K
}
Event: 349.680 GC heap before
{Heap before GC invocations=410 (full 0):
 garbage-first heap   total 260096K, used 159826K [0x0000000707600000, 0x0000000800000000)
  region size 2048K, 75 young (153600K), 1 survivors (2048K)
 Metaspace       used 11105K, committed 11392K, reserved 1114112K
  class space    used 1010K, committed 1152K, reserved 1048576K
}
Event: 349.681 GC heap after
{Heap after GC invocations=411 (full 0):
 garbage-first heap   total 260096K, used 8276K [0x0000000707600000, 0x0000000800000000)
  region size 2048K, 1 young (2048K), 1 survivors (2048K)
 Metaspace       used 11105K, committed 11392K, reserved 1114112K
  class space    used 1010K, committed 1152K, reserved 1048576K
}
Event: 350.243 GC heap before
{Heap before GC invocations=411 (full 0):
 garbage-first heap   total 260096K, used 159828K [0x0000000707600000, 0x0000000800000000)
  region size 2048K, 75 young (153600K), 1 survivors (2048K)
 Metaspace       used 11105K, committed 11392K, reserved 1114112K
  class space    used 1010K, committed 1152K, reserved 1048576K
}
Event: 350.244 GC heap after
{Heap after GC invocations=412 (full 0):
 garbage-first heap   total 260096K, used 8396K [0x0000000707600000, 0x0000000800000000)
  region size 2048K, 1 young (2048K), 1 survivors (2048K)
 Metaspace       used 11105K, committed 11392K, reserved 1114112K
  class space    used 1010K, committed 1152K, reserved 1048576K
}
Event: 350.807 GC heap before
{Heap before GC invocations=412 (full 0):
 garbage-first heap   total 260096K, used 159948K [0x0000000707600000, 0x0000000800000000)
  region size 2048K, 76 young (155648K), 1 survivors (2048K)
 Metaspace       used 11105K, committed 11392K, reserved 1114112K
  class space    used 1010K, committed 1152K, reserved 1048576K
}
Event: 350.808 GC heap after
{Heap after GC invocations=413 (full 0):
 garbage-first heap   total 260096K, used 8482K [0x0000000707600000, 0x0000000800000000)
  region size 2048K, 1 young (2048K), 1 survivors (2048K)
 Metaspace       used 11105K, committed 11392K, reserved 1114112K
  class space    used 1010K, committed 1152K, reserved 1048576K
}
Event: 351.384 GC heap before
{Heap before GC invocations=413 (full 0):
 garbage-first heap   total 260096K, used 160034K [0x0000000707600000, 0x0000000800000000)
  region size 2048K, 75 young (153600K), 1 survivors (2048K)
 Metaspace       used 11105K, committed 11392K, reserved 1114112K
  class space    used 1010K, committed 1152K, reserved 1048576K
}
Event: 351.385 GC heap after
{Heap after GC invocations=414 (full 0):
 garbage-first heap   total 260096K, used 8606K [0x0000000707600000, 0x0000000800000000)
  region size 2048K, 1 young (2048K), 1 survivors (2048K)
 Metaspace       used 11105K, committed 11392K, reserved 1114112K
  class space    used 1010K, committed 1152K, reserved 1048576K
}
Event: 351.955 GC heap before
{Heap before GC invocations=414 (full 0):
 garbage-first heap   total 260096K, used 160158K [0x0000000707600000, 0x0000000800000000)
  region size 2048K, 75 young (153600K), 1 survivors (2048K)
 Metaspace       used 11105K, committed 11392K, reserved 1114112K
  class space    used 1010K, committed 1152K, reserved 1048576K
}
Event: 351.955 GC heap after
{Heap after GC invocations=415 (full 0):
 garbage-first heap   total 260096K, used 8660K [0x0000000707600000, 0x0000000800000000)
  region size 2048K, 1 young (2048K), 1 survivors (2048K)
 Metaspace       used 11105K, committed 11392K, reserved 1114112K
  class space    used 1010K, committed 1152K, reserved 1048576K
}
Event: 352.538 GC heap before
{Heap before GC invocations=415 (full 0):
 garbage-first heap   total 260096K, used 160212K [0x0000000707600000, 0x0000000800000000)
  region size 2048K, 75 young (153600K), 1 survivors (2048K)
 Metaspace       used 11105K, committed 11392K, reserved 1114112K
  class space    used 1010K, committed 1152K, reserved 1048576K
}
Event: 352.538 GC heap after
{Heap after GC invocations=416 (full 0):
 garbage-first heap   total 260096K, used 8840K [0x0000000707600000, 0x0000000800000000)
  region size 2048K, 2 young (4096K), 2 survivors (4096K)
 Metaspace       used 11105K, committed 11392K, reserved 1114112K
  class space    used 1010K, committed 1152K, reserved 1048576K
}
Event: 353.084 GC heap before
{Heap before GC invocations=416 (full 0):
 garbage-first heap   total 260096K, used 158344K [0x0000000707600000, 0x0000000800000000)
  region size 2048K, 75 young (153600K), 2 survivors (4096K)
 Metaspace       used 11105K, committed 11392K, reserved 1114112K
  class space    used 1010K, committed 1152K, reserved 1048576K
}
Event: 353.084 GC heap after
{Heap after GC invocations=417 (full 0):
 garbage-first heap   total 260096K, used 9028K [0x0000000707600000, 0x0000000800000000)
  region size 2048K, 2 young (4096K), 2 survivors (4096K)
 Metaspace       used 11105K, committed 11392K, reserved 1114112K
  class space    used 1010K, committed 1152K, reserved 1048576K
}
Event: 353.634 GC heap before
{Heap before GC invocations=417 (full 0):
 garbage-first heap   total 260096K, used 158532K [0x0000000707600000, 0x0000000800000000)
  region size 2048K, 75 young (153600K), 2 survivors (4096K)
 Metaspace       used 11105K, committed 11392K, reserved 1114112K
  class space    used 1010K, committed 1152K, reserved 1048576K
}
Event: 353.635 GC heap after
{Heap after GC invocations=418 (full 0):
 garbage-first heap   total 260096K, used 9148K [0x0000000707600000, 0x0000000800000000)
  region size 2048K, 2 young (4096K), 2 survivors (4096K)
 Metaspace       used 11105K, committed 11392K, reserved 1114112K
  class space    used 1010K, committed 1152K, reserved 1048576K
}
Event: 354.196 GC heap before
{Heap before GC invocations=418 (full 0):
 garbage-first heap   total 260096K, used 158652K [0x0000000707600000, 0x0000000800000000)
  region size 2048K, 75 young (153600K), 2 survivors (4096K)
 Metaspace       used 11105K, committed 11392K, reserved 1114112K
  class space    used 1010K, committed 1152K, reserved 1048576K
}
Event: 354.197 GC heap after
{Heap after GC invocations=419 (full 0):
 garbage-first heap   total 260096K, used 9262K [0x0000000707600000, 0x0000000800000000)
  region size 2048K, 2 young (4096K), 2 survivors (4096K)
 Metaspace       used 11105K, committed 11392K, reserved 1114112K
  class space    used 1010K, committed 1152K, reserved 1048576K
}

Dll operation events (10 events):
Event: 0.001 Loaded shared library /home/tom/.jdks/temurin-17.0.14/lib/libjava.so
Event: 0.018 Loaded shared library /home/tom/.jdks/temurin-17.0.14/lib/libjsvml.so
Event: 0.050 Loaded shared library /home/tom/.jdks/temurin-17.0.14/lib/libnio.so
Event: 0.051 Loaded shared library /home/tom/.jdks/temurin-17.0.14/lib/libjimage.so
Event: 0.060 Loaded shared library /home/tom/.jdks/temurin-17.0.14/lib/libawt.so
Event: 0.062 Loaded shared library /home/tom/.jdks/temurin-17.0.14/lib/libawt_xawt.so
Event: 0.081 Loaded shared library /home/tom/.jdks/temurin-17.0.14/lib/libfontmanager.so
Event: 0.161 Loaded shared library /home/tom/.jdks/temurin-17.0.14/lib/libnet.so
Event: 4.906 Loaded shared library /home/tom/.jdks/temurin-17.0.14/lib/libzip.so
Event: 4.939 Loaded shared library /home/tom/.jdks/temurin-17.0.14/lib/libjsound.so

Deoptimization events (20 events):
Event: 298.147 Thread 0x00007868fc02a530 DEOPT PACKING pc=0x00007868ed2b7ecc sp=0x00007869017154c0
Event: 298.147 Thread 0x00007868fc02a530 DEOPT UNPACKING pc=0x00007868ec8b5699 sp=0x0000786901715450 mode 2
Event: 315.465 Thread 0x00007868fc329970 Uncommon trap: trap_request=0xffffff45 fr.pc=0x00007868ed245fac relative=0x000000000000220c
Event: 315.465 Thread 0x00007868fc329970 Uncommon trap: reason=unstable_if action=reinterpret pc=0x00007868ed245fac method=java.awt.EventQueue.coalesceMouseEvent(Ljava/awt/event/MouseEvent;)Z @ 30 c2
Event: 315.465 Thread 0x00007868fc329970 DEOPT PACKING pc=0x00007868ed245fac sp=0x000078687a7995f0
Event: 315.465 Thread 0x00007868fc329970 DEOPT UNPACKING pc=0x00007868ec8b5699 sp=0x000078687a7993c0 mode 2
Event: 317.654 Thread 0x00007868fc02a530 Uncommon trap: trap_request=0xffffff6e fr.pc=0x00007868ed24004c relative=0x0000000000002d2c
Event: 317.654 Thread 0x00007868fc02a530 Uncommon trap: reason=loop_limit_check action=maybe_recompile pc=0x00007868ed24004c method=sun.java2d.loops.ProcessPath.FillPolygon(Lsun/java2d/loops/ProcessPath$FillProcessHandler;I)V @ 277 c2
Event: 317.654 Thread 0x00007868fc02a530 DEOPT PACKING pc=0x00007868ed24004c sp=0x00007869017155f0
Event: 317.654 Thread 0x00007868fc02a530 DEOPT UNPACKING pc=0x00007868ec8b5699 sp=0x0000786901715550 mode 2
Event: 324.152 Thread 0x00007868fc02a530 DEOPT PACKING pc=0x00007868e5aa359a sp=0x0000786901715540
Event: 324.152 Thread 0x00007868fc02a530 DEOPT UNPACKING pc=0x00007868ec8b5e2f sp=0x0000786901714988 mode 0
Event: 340.100 Thread 0x00007868fc02a530 Uncommon trap: trap_request=0xffffff45 fr.pc=0x00007868ed069a8c relative=0x00000000000002ac
Event: 340.100 Thread 0x00007868fc02a530 Uncommon trap: reason=unstable_if action=reinterpret pc=0x00007868ed069a8c method=java.util.TimSort.mergeAt(I)V @ 170 c2
Event: 340.100 Thread 0x00007868fc02a530 DEOPT PACKING pc=0x00007868ed069a8c sp=0x0000786901715640
Event: 340.100 Thread 0x00007868fc02a530 DEOPT UNPACKING pc=0x00007868ec8b5699 sp=0x00007869017155e0 mode 2
Event: 340.417 Thread 0x00007868fc02a530 Uncommon trap: trap_request=0xffffff3d fr.pc=0x00007868ecfdf064 relative=0x0000000000000144
Event: 340.417 Thread 0x00007868fc02a530 Uncommon trap: reason=unstable_fused_if action=reinterpret pc=0x00007868ecfdf064 method=java.util.TimSort.mergeCollapse()V @ 47 c2
Event: 340.417 Thread 0x00007868fc02a530 DEOPT PACKING pc=0x00007868ecfdf064 sp=0x0000786901715690
Event: 340.417 Thread 0x00007868fc02a530 DEOPT UNPACKING pc=0x00007868ec8b5699 sp=0x0000786901715648 mode 2

Classes loaded (20 events):
Event: 47.401 Loading class jdk/internal/reflect/ByteVector done
Event: 47.401 Loading class jdk/internal/reflect/ByteVectorImpl done
Event: 47.401 Loading class jdk/internal/reflect/ClassFileAssembler
Event: 47.401 Loading class jdk/internal/reflect/ClassFileAssembler done
Event: 47.401 Loading class jdk/internal/reflect/UTF8
Event: 47.401 Loading class jdk/internal/reflect/UTF8 done
Event: 47.401 Loading class jdk/internal/reflect/Label
Event: 47.401 Loading class jdk/internal/reflect/Label done
Event: 47.401 Loading class jdk/internal/reflect/Label$PatchInfo
Event: 47.401 Loading class jdk/internal/reflect/Label$PatchInfo done
Event: 47.401 Loading class jdk/internal/reflect/MethodAccessorGenerator$1
Event: 47.401 Loading class jdk/internal/reflect/MethodAccessorGenerator$1 done
Event: 47.401 Loading class jdk/internal/reflect/ClassDefiner
Event: 47.401 Loading class jdk/internal/reflect/ClassDefiner done
Event: 47.401 Loading class jdk/internal/reflect/ClassDefiner$1
Event: 47.401 Loading class jdk/internal/reflect/ClassDefiner$1 done
Event: 47.402 Loading class jdk/internal/reflect/BootstrapConstructorAccessorImpl
Event: 47.402 Loading class jdk/internal/reflect/BootstrapConstructorAccessorImpl done
Event: 91.667 Loading class java/util/concurrent/CopyOnWriteArrayList$COWSubList
Event: 91.667 Loading class java/util/concurrent/CopyOnWriteArrayList$COWSubList done

Classes unloaded (0 events):
No events

Classes redefined (0 events):
No events

Internal exceptions (19 events):
Event: 0.055 Thread 0x00007868fc02a530 Exception <a 'java/lang/ClassNotFoundException'{0x0000000716f682e8}: sun/awt/resources/spi/awtProvider> (0x0000000716f682e8) 
thrown [src/hotspot/share/classfile/systemDictionary.cpp, line 256]
Event: 0.066 Thread 0x00007868fc02a530 Exception <a 'java/io/FileNotFoundException'{0x0000000716fa7d70}> (0x0000000716fa7d70) 
thrown [src/hotspot/share/prims/jni.cpp, line 516]
Event: 0.069 Thread 0x00007868fc02a530 Exception <a 'java/io/FileNotFoundException'{0x0000000716fd4c88}> (0x0000000716fd4c88) 
thrown [src/hotspot/share/prims/jni.cpp, line 516]
Event: 0.089 Thread 0x00007868fc02a530 Exception <a 'java/lang/NoSuchMethodError'{0x0000000716c3b938}: 'java.lang.Object java.lang.invoke.DirectMethodHandle$Holder.invokeStaticInit(java.lang.Object)'> (0x0000000716c3b938) 
thrown [src/hotspot/share/interpreter/linkResolver.cpp, line 758]
Event: 0.104 Thread 0x00007868fc02a530 Exception <a 'java/lang/NoSuchMethodError'{0x0000000716c90428}: 'void java.lang.invoke.DirectMethodHandle$Holder.invokeSpecial(java.lang.Object, java.lang.Object, java.lang.Object)'> (0x0000000716c90428) 
thrown [src/hotspot/share/interpreter/linkResolver.cpp, line 758]
Event: 0.108 Thread 0x00007868fc02a530 Exception <a 'java/lang/NoSuchMethodError'{0x0000000716cba520}: 'java.lang.Object java.lang.invoke.DirectMethodHandle$Holder.newInvokeSpecial(java.lang.Object, java.lang.Object, java.lang.Object, java.lang.Object, java.lang.Object)'> (0x0000000716cba520) 
thrown [src/hotspot/share/interpreter/linkResolver.cpp, line 758]
Event: 0.109 Thread 0x00007868fc02a530 Exception <a 'java/lang/NoSuchMethodError'{0x0000000716cc5eb8}: 'java.lang.Object java.lang.invoke.DirectMethodHandle$Holder.invokeStatic(java.lang.Object, int, java.lang.Object, java.lang.Object, java.lang.Object, java.lang.Object)'> (0x0000000716cc5eb8) 
thrown [src/hotspot/share/interpreter/linkResolver.cpp, line 758]
Event: 0.110 Thread 0x00007868fc02a530 Exception <a 'java/lang/NoSuchMethodError'{0x0000000716d5c270}: 'java.lang.Object java.lang.invoke.DirectMethodHandle$Holder.invokeStatic(java.lang.Object, int, java.lang.Object)'> (0x0000000716d5c270) 
thrown [src/hotspot/share/interpreter/linkResolver.cpp, line 758]
Event: 0.121 Thread 0x00007868fc02a530 Exception <a 'java/lang/NoSuchMethodError'{0x0000000716a7e290}: 'void java.lang.invoke.DirectMethodHandle$Holder.invokeStatic(java.lang.Object, java.lang.Object)'> (0x0000000716a7e290) 
thrown [src/hotspot/share/interpreter/linkResolver.cpp, line 758]
Event: 0.127 Thread 0x00007868fc02a530 Exception <a 'java/lang/ClassNotFoundException'{0x0000000716ab45f8}: com/sun/swing/internal/plaf/metal/resources/spi/metalProvider> (0x0000000716ab45f8) 
thrown [src/hotspot/share/classfile/systemDictionary.cpp, line 256]
Event: 0.127 Thread 0x00007868fc02a530 Exception <a 'java/lang/ClassNotFoundException'{0x0000000716ab8440}: com/sun/swing/internal/plaf/basic/resources/spi/basicProvider> (0x0000000716ab8440) 
thrown [src/hotspot/share/classfile/systemDictionary.cpp, line 256]
Event: 0.134 Thread 0x00007868fc02a530 Exception <a 'java/lang/NoSuchMethodError'{0x0000000716ad55e0}: 'void java.lang.invoke.DirectMethodHandle$Holder.invokeStaticInit(java.lang.Object)'> (0x0000000716ad55e0) 
thrown [src/hotspot/share/interpreter/linkResolver.cpp, line 758]
Event: 0.251 Thread 0x00007868fc02a530 Exception <a 'java/lang/NoSuchMethodError'{0x0000000715ed0488}: 'void java.lang.invoke.DirectMethodHandle$Holder.invokeStatic(java.lang.Object, java.lang.Object, java.lang.Object)'> (0x0000000715ed0488) 
thrown [src/hotspot/share/interpreter/linkResolver.cpp, line 758]
Event: 4.934 Thread 0x00007868fc02a530 Exception <a 'java/lang/NoSuchMethodError'{0x0000000716cdcd00}: 'double java.lang.invoke.DirectMethodHandle$Holder.invokeStatic(java.lang.Object, java.lang.Object)'> (0x0000000716cdcd00) 
thrown [src/hotspot/share/interpreter/linkResolver.cpp, line 758]
Event: 4.935 Thread 0x00007868fc02a530 Exception <a 'java/lang/NoSuchMethodError'{0x0000000716ce7008}: 'java.lang.Object java.lang.invoke.Invokers$Holder.invokeExact_MT(java.lang.Object, java.lang.Object, java.lang.Object, java.lang.Object, java.lang.Object, java.lang.Object)'> (0x0000000716ce7008) 
thrown [src/hotspot/share/interpreter/linkResolver.cpp, line 758]
Event: 4.935 Thread 0x00007868fc02a530 Exception <a 'java/lang/NoSuchMethodError'{0x0000000716cef458}: 'int java.lang.invoke.DirectMethodHandle$Holder.invokeSpecial(java.lang.Object, java.lang.Object, java.lang.Object)'> (0x0000000716cef458) 
thrown [src/hotspot/share/interpreter/linkResolver.cpp, line 758]
Event: 4.969 Thread 0x00007868fc480750 Implicit null exception at 0x00007868ecff115d to 0x00007868ecff11ec
Event: 4.969 Thread 0x00007868fc480750 Implicit null exception at 0x00007868ecff15f5 to 0x00007868ecff1668
Event: 11.167 Thread 0x00007868fc02a530 Exception <a 'java/lang/NoSuchMethodError'{0x000000070faf9218}: 'void java.lang.invoke.DirectMethodHandle$Holder.invokeVirtual(java.lang.Object, java.lang.Object)'> (0x000000070faf9218) 
thrown [src/hotspot/share/interpreter/linkResolver.cpp, line 758]

VM Operations (20 events):
Event: 349.680 Executing VM operation: G1CollectForAllocation
Event: 349.681 Executing VM operation: G1CollectForAllocation done
Event: 350.243 Executing VM operation: G1CollectForAllocation
Event: 350.244 Executing VM operation: G1CollectForAllocation done
Event: 350.807 Executing VM operation: G1CollectForAllocation
Event: 350.807 Executing VM operation: G1CollectForAllocation done
Event: 350.807 Executing VM operation: G1CollectForAllocation
Event: 350.808 Executing VM operation: G1CollectForAllocation done
Event: 351.384 Executing VM operation: G1CollectForAllocation
Event: 351.385 Executing VM operation: G1CollectForAllocation done
Event: 351.955 Executing VM operation: G1CollectForAllocation
Event: 351.956 Executing VM operation: G1CollectForAllocation done
Event: 352.538 Executing VM operation: G1CollectForAllocation
Event: 352.538 Executing VM operation: G1CollectForAllocation done
Event: 353.083 Executing VM operation: G1CollectForAllocation
Event: 353.084 Executing VM operation: G1CollectForAllocation done
Event: 353.634 Executing VM operation: G1CollectForAllocation
Event: 353.635 Executing VM operation: G1CollectForAllocation done
Event: 354.196 Executing VM operation: G1CollectForAllocation
Event: 354.197 Executing VM operation: G1CollectForAllocation done

Memory protections (20 events):
Event: 354.267 Protecting memory [0x00007867445f9000,0x00007867445fd000] with protection modes 0
Event: 354.300 Protecting memory [0x00007866e41f9000,0x00007866e41fd000] with protection modes 0
Event: 354.300 Protecting memory [0x00007867606f9000,0x00007867606fd000] with protection modes 0
Event: 354.317 Protecting memory [0x00007866e4efa000,0x00007866e4efe000] with protection modes 0
Event: 354.334 Protecting memory [0x00007866e4dfa000,0x00007866e4dfe000] with protection modes 0
Event: 354.384 Protecting memory [0x00007867443f9000,0x00007867443fd000] with protection modes 0
Event: 354.400 Protecting memory [0x00007867843f9000,0x00007867843fd000] with protection modes 0
Event: 354.417 Protecting memory [0x00007866e4cfa000,0x00007866e4cfe000] with protection modes 0
Event: 354.434 Protecting memory [0x00007867601f9000,0x00007867601fd000] with protection modes 0
Event: 354.434 Protecting memory [0x00007866e4bfa000,0x00007866e4bfe000] with protection modes 0
Event: 354.434 Protecting memory [0x00007866e4afa000,0x00007866e4afe000] with protection modes 0
Event: 354.467 Protecting memory [0x00007866e49fa000,0x00007866e49fe000] with protection modes 0
Event: 354.517 Protecting memory [0x00007867440f9000,0x00007867440fd000] with protection modes 0
Event: 354.517 Protecting memory [0x00007866e48fa000,0x00007866e48fe000] with protection modes 0
Event: 354.517 Protecting memory [0x00007866e47fa000,0x00007866e47fe000] with protection modes 0
Event: 354.537 Protecting memory [0x00007866e44f9000,0x00007866e44fd000] with protection modes 0
Event: 354.537 Protecting memory [0x00007866e43f9000,0x00007866e43fd000] with protection modes 0
Event: 354.537 Protecting memory [0x000078663adae000,0x000078663adb2000] with protection modes 0
Event: 354.538 Protecting memory [0x000078663acae000,0x000078663acb2000] with protection modes 0
Event: 354.554 Protecting memory [0x000078663abae000,0x000078663abb2000] with protection modes 0

Nmethod flushes (20 events):
Event: 228.567 Thread 0x00007868fc1b3ee0 flushing  nmethod 0x00007868e5a78410
Event: 228.567 Thread 0x00007868fc1b3ee0 flushing  nmethod 0x00007868e5a78b90
Event: 228.567 Thread 0x00007868fc1b3ee0 flushing  nmethod 0x00007868e5a79810
Event: 228.567 Thread 0x00007868fc1b3ee0 flushing  nmethod 0x00007868e5a7a710
Event: 228.567 Thread 0x00007868fc1b3ee0 flushing  nmethod 0x00007868e5a7ef90
Event: 228.567 Thread 0x00007868fc1b3ee0 flushing  nmethod 0x00007868e5a7fe10
Event: 228.567 Thread 0x00007868fc1b3ee0 flushing  nmethod 0x00007868e5a87910
Event: 228.567 Thread 0x00007868fc1b3ee0 flushing  nmethod 0x00007868e5a88790
Event: 228.567 Thread 0x00007868fc1b3ee0 flushing  nmethod 0x00007868e5a8b290
Event: 228.567 Thread 0x00007868fc1b3ee0 flushing  nmethod 0x00007868e5a8c590
Event: 228.567 Thread 0x00007868fc1b3ee0 flushing  nmethod 0x00007868e5a92610
Event: 228.567 Thread 0x00007868fc1b3ee0 flushing  nmethod 0x00007868e5a94610
Event: 228.567 Thread 0x00007868fc1b3ee0 flushing  nmethod 0x00007868e5aa1190
Event: 228.567 Thread 0x00007868fc1b3ee0 flushing  nmethod 0x00007868e5aaa790
Event: 228.567 Thread 0x00007868fc1b3ee0 flushing  nmethod 0x00007868e5aaae90
Event: 228.567 Thread 0x00007868fc1b3ee0 flushing  nmethod 0x00007868e5aae890
Event: 228.567 Thread 0x00007868fc1b3ee0 flushing  nmethod 0x00007868e5aaf810
Event: 228.567 Thread 0x00007868fc1b3ee0 flushing  nmethod 0x00007868e5ab0690
Event: 228.567 Thread 0x00007868fc1b3ee0 flushing  nmethod 0x00007868e5ab2210
Event: 228.567 Thread 0x00007868fc1b3ee0 flushing  nmethod 0x00007868e5ab7210

Events (20 events):
Event: 354.334 Thread 0x00007868fc02a530 Thread added: 0x00007868fc55ccf0
Event: 354.362 Thread 0x00007868fc1f7460 Thread exited: 0x00007868fc1f7460
Event: 354.384 Thread 0x00007868fc02a530 Thread added: 0x00007868fc1f7460
Event: 354.398 Thread 0x00007868fc4b5da0 Thread exited: 0x00007868fc4b5da0
Event: 354.400 Thread 0x00007868fc02a530 Thread added: 0x00007868fc4b5da0
Event: 354.417 Thread 0x00007868fc02a530 Thread added: 0x00007868fc1f2510
Event: 354.430 Thread 0x00007868fc5be7d0 Thread exited: 0x00007868fc5be7d0
Event: 354.434 Thread 0x00007868fc02a530 Thread added: 0x00007868fc5be7d0
Event: 354.434 Thread 0x00007868fc02a530 Thread added: 0x00007868fc1f1d10
Event: 354.434 Thread 0x00007868fc02a530 Thread added: 0x00007868fc1f3450
Event: 354.467 Thread 0x00007868fc02a530 Thread added: 0x00007868fc1f4450
Event: 354.512 Thread 0x00007868fc1d4840 Thread exited: 0x00007868fc1d4840
Event: 354.517 Thread 0x00007868fc02a530 Thread added: 0x00007868fc1d4840
Event: 354.517 Thread 0x00007868fc02a530 Thread added: 0x00007868fc721dd0
Event: 354.517 Thread 0x00007868fc02a530 Thread added: 0x00007868fc1f5440
Event: 354.537 Thread 0x00007868fc02a530 Thread added: 0x00007868fc723180
Event: 354.537 Thread 0x00007868fc02a530 Thread added: 0x00007868fc724800
Event: 354.537 Thread 0x00007868fc02a530 Thread added: 0x00007868fc725da0
Event: 354.538 Thread 0x00007868fc02a530 Thread added: 0x00007868fc727430
Event: 354.554 Thread 0x00007868fc02a530 Thread added: 0x00007868fc728ac0


Dynamic libraries:
707600000-717000000 rw-p 00000000 00:00 0 
717000000-7ffc00000 ---p 00000000 00:00 0 
7ffc00000-7ffd00000 rw-p 00000000 00:00 0 
7ffd00000-7ffd75000 rw-p 00c78000 08:02 27397149                         /home/tom/.jdks/temurin-17.0.14/lib/server/classes.jsa
7ffd75000-7ffe00000 rw-p 00000000 00:00 0 
7ffe00000-7ffe77000 rw-p 00c01000 08:02 27397149                         /home/tom/.jdks/temurin-17.0.14/lib/server/classes.jsa
7ffe77000-800000000 rw-p 00000000 00:00 0 
5d2f87eb5000-5d2f87eb6000 r--p 00000000 08:02 27397195                   /home/tom/.jdks/temurin-17.0.14/bin/java
5d2f87eb6000-5d2f87eb7000 r-xp 00001000 08:02 27397195                   /home/tom/.jdks/temurin-17.0.14/bin/java
5d2f87eb7000-5d2f87eb8000 r--p 00002000 08:02 27397195                   /home/tom/.jdks/temurin-17.0.14/bin/java
5d2f87eb8000-5d2f87eb9000 r--p 00002000 08:02 27397195                   /home/tom/.jdks/temurin-17.0.14/bin/java
5d2f87eb9000-5d2f87eba000 rw-p 00003000 08:02 27397195                   /home/tom/.jdks/temurin-17.0.14/bin/java
5d2fbaba8000-5d2fbaea2000 rw-p 00000000 00:00 0                          [heap]
7865bd4b6000-7865bd4b7000 ---p 00000000 00:00 0 
7865bd4b7000-7865bdcb7000 rw-p 00000000 00:00 0 
7865bdcb7000-7865bdcb8000 ---p 00000000 00:00 0 
7865bdcb8000-7865be4b8000 rw-p 00000000 00:00 0 
7865be4b8000-7865be4b9000 ---p 00000000 00:00 0 
7865be4b9000-7865becb9000 rw-p 00000000 00:00 0 
7865becb9000-7865becba000 ---p 00000000 00:00 0 
7865becba000-7865bf4ba000 rw-p 00000000 00:00 0 
7865bf4ba000-7865bf4bb000 ---p 00000000 00:00 0 
7865bf4bb000-7865bfcbb000 rw-p 00000000 00:00 0 
7865bfcbb000-7865bfcbc000 ---p 00000000 00:00 0 
7865bfcbc000-7865c04bc000 rw-p 00000000 00:00 0 
7865c04bc000-7865c04bd000 ---p 00000000 00:00 0 
7865c04bd000-7865c0cbd000 rw-p 00000000 00:00 0 
7865c0cbd000-7865c0cbe000 ---p 00000000 00:00 0 
7865c0cbe000-7865c14be000 rw-p 00000000 00:00 0 
7865c14be000-7865c14bf000 ---p 00000000 00:00 0 
7865c14bf000-7865c1cbf000 rw-p 00000000 00:00 0 
7865c1cbf000-7865c1cc0000 ---p 00000000 00:00 0 
7865c1cc0000-7865c24c0000 rw-p 00000000 00:00 0 
7865c24c0000-7865c24c1000 ---p 00000000 00:00 0 
7865c24c1000-7865c2cc1000 rw-p 00000000 00:00 0 
7865c2cc1000-7865c2cc2000 ---p 00000000 00:00 0 
7865c2cc2000-7865c34c2000 rw-p 00000000 00:00 0 
7865c34c2000-7865c34c3000 ---p 00000000 00:00 0 
7865c34c3000-7865c3cc3000 rw-p 00000000 00:00 0 
7865c3cc3000-7865c3cc7000 ---p 00000000 00:00 0 
7865c3cc7000-7865c3dc3000 rw-p 00000000 00:00 0 
7865c3dc4000-7865c3dc8000 ---p 00000000 00:00 0 
7865c3dc8000-7865c3ec4000 rw-p 00000000 00:00 0 
7865c3ec4000-7865c3ec8000 ---p 00000000 00:00 0 
7865c3ec8000-7865c3fc4000 rw-p 00000000 00:00 0 
7865c3fc4000-7865c3fc8000 ---p 00000000 00:00 0 
7865c3fc8000-7865c40c4000 rw-p 00000000 00:00 0 
7865c40c4000-7865c40c8000 ---p 00000000 00:00 0 
7865c40c8000-7865c41c4000 rw-p 00000000 00:00 0 
7865c41c4000-7865c41c8000 ---p 00000000 00:00 0 
7865c41c8000-7865c42c4000 rw-p 00000000 00:00 0 
7865c42c4000-7865c42c8000 ---p 00000000 00:00 0 
7865c42c8000-7865c43c4000 rw-p 00000000 00:00 0 
7865c43c4000-7865c43c8000 ---p 00000000 00:00 0 
7865c43c8000-7865c44c4000 rw-p 00000000 00:00 0 
7865c44c4000-7865c44c5000 ---p 00000000 00:00 0 
7865c44c5000-7865c4cc5000 rw-p 00000000 00:00 0 
7865c4cc5000-7865c4cc9000 ---p 00000000 00:00 0 
7865c4cc9000-7865c4dc5000 rw-p 00000000 00:00 0 
7865c4dc5000-7865c4dc6000 ---p 00000000 00:00 0 
7865c4dc6000-7865c55c6000 rw-p 00000000 00:00 0 
7865c55c6000-7865c55ca000 ---p 00000000 00:00 0 
7865c55ca000-7865c56c6000 rw-p 00000000 00:00 0 
7865c56c6000-7865c56c7000 ---p 00000000 00:00 0 
7865c56c7000-7865c5ec7000 rw-p 00000000 00:00 0 
7865c5ec7000-7865c5ec8000 ---p 00000000 00:00 0 
7865c5ec8000-7865c66c8000 rw-p 00000000 00:00 0 
7865c66c8000-7865c66c9000 ---p 00000000 00:00 0 
7865c66c9000-7865c6ec9000 rw-p 00000000 00:00 0 
7865c6ec9000-7865c6ecd000 ---p 00000000 00:00 0 
7865c6ecd000-7865c6fc9000 rw-p 00000000 00:00 0 
7865c6fc9000-7865c6fcd000 ---p 00000000 00:00 0 
7865c6fcd000-7865c70c9000 rw-p 00000000 00:00 0 
7865c70c9000-7865c70ca000 ---p 00000000 00:00 0 
7865c70ca000-7865c78ca000 rw-p 00000000 00:00 0 
7865c78ca000-7865c78cb000 ---p 00000000 00:00 0 
7865c78cb000-7865c80cb000 rw-p 00000000 00:00 0 
7865c80cb000-7865c80cf000 ---p 00000000 00:00 0 
7865c80cf000-7865c81cb000 rw-p 00000000 00:00 0 
7865c81cb000-7865c81cc000 ---p 00000000 00:00 0 
7865c81cc000-7865c89cc000 rw-p 00000000 00:00 0 
7865c89cc000-7865c89d0000 ---p 00000000 00:00 0 
7865c89d0000-7865c8acc000 rw-p 00000000 00:00 0 
7865c8acc000-7865c8acd000 ---p 00000000 00:00 0 
7865c8acd000-7865c92cd000 rw-p 00000000 00:00 0 
7865c92cd000-7865c92ce000 ---p 00000000 00:00 0 
7865c92ce000-7865c9ace000 rw-p 00000000 00:00 0 
7865c9ace000-7865c9acf000 ---p 00000000 00:00 0 
7865c9acf000-7865ca2cf000 rw-p 00000000 00:00 0 
7865ca2cf000-7865ca2d0000 ---p 00000000 00:00 0 
7865ca2d0000-7865caad0000 rw-p 00000000 00:00 0 
7865caad0000-7865caad1000 ---p 00000000 00:00 0 
7865caad1000-7865cb2d1000 rw-p 00000000 00:00 0 
7865cb2d1000-7865cb2d2000 ---p 00000000 00:00 0 
7865cb2d2000-7865cbad2000 rw-p 00000000 00:00 0 
7865cbad2000-7865cbad3000 ---p 00000000 00:00 0 
7865cbad3000-7865cc2d3000 rw-p 00000000 00:00 0 
7865cc2d3000-7865cc2d7000 ---p 00000000 00:00 0 
7865cc2d7000-7865cc3d3000 rw-p 00000000 00:00 0 
7865cc3d3000-7865cc3d4000 ---p 00000000 00:00 0 
7865cc3d4000-7865ccbd4000 rw-p 00000000 00:00 0 
7865ccbd4000-7865ccbd5000 ---p 00000000 00:00 0 
7865ccbd5000-7865cd3d5000 rw-p 00000000 00:00 0 
7865cd3d5000-7865cd3d6000 ---p 00000000 00:00 0 
7865cd3d6000-7865cdbd6000 rw-p 00000000 00:00 0 
7865cdbd6000-7865cdbda000 ---p 00000000 00:00 0 
7865cdbda000-7865cdcd6000 rw-p 00000000 00:00 0 
7865cdcd6000-7865cdcd7000 ---p 00000000 00:00 0 
7865cdcd7000-7865ce4d7000 rw-p 00000000 00:00 0 
7865ce4d7000-7865ce4d8000 ---p 00000000 00:00 0 
7865ce4d8000-7865cecd8000 rw-p 00000000 00:00 0 
7865cecd8000-7865cecd9000 ---p 00000000 00:00 0 
7865cecd9000-7865cf4d9000 rw-p 00000000 00:00 0 
7865cf4d9000-7865cf4dd000 ---p 00000000 00:00 0 
7865cf4dd000-7865cf5d9000 rw-p 00000000 00:00 0 
7865cf5d9000-7865cf5dd000 ---p 00000000 00:00 0 
7865cf5dd000-7865cf6d9000 rw-p 00000000 00:00 0 
7865cf6d9000-7865cf6da000 ---p 00000000 00:00 0 
7865cf6da000-7865cfeda000 rw-p 00000000 00:00 0 
7865cfeda000-7865cfedb000 ---p 00000000 00:00 0 
7865cfedb000-7865d06db000 rw-p 00000000 00:00 0 
7865d06db000-7865d06dc000 ---p 00000000 00:00 0 
7865d06dc000-7865d0edc000 rw-p 00000000 00:00 0 
7865d0edc000-7865d0ee0000 ---p 00000000 00:00 0 
7865d0ee0000-7865d0fdc000 rw-p 00000000 00:00 0 
7865d0fdc000-7865d0fdd000 ---p 00000000 00:00 0 
7865d0fdd000-7865d17dd000 rw-p 00000000 00:00 0 
7865d17dd000-7865d17de000 ---p 00000000 00:00 0 
7865d17de000-7865d1fde000 rw-p 00000000 00:00 0 
7865d1fde000-7865d1fdf000 ---p 00000000 00:00 0 
7865d1fdf000-7865d27df000 rw-p 00000000 00:00 0 
7865d27df000-7865d27e0000 ---p 00000000 00:00 0 
7865d27e0000-7865d2fe0000 rw-p 00000000 00:00 0 
7865d2fe0000-7865d2fe1000 ---p 00000000 00:00 0 
7865d2fe1000-7865d37e1000 rw-p 00000000 00:00 0 
7865d37e1000-7865d37e5000 ---p 00000000 00:00 0 
7865d37e5000-7865d38e1000 rw-p 00000000 00:00 0 
7865d38e1000-7865d38e2000 ---p 00000000 00:00 0 
7865d38e2000-7865d40e2000 rw-p 00000000 00:00 0 
7865d40e2000-7865d40e3000 ---p 00000000 00:00 0 
7865d40e3000-7865d48e3000 rw-p 00000000 00:00 0 
7865d48e3000-7865d48e4000 ---p 00000000 00:00 0 
7865d48e4000-7865d50e4000 rw-p 00000000 00:00 0 
7865d50e4000-7865d50e5000 ---p 00000000 00:00 0 
7865d50e5000-7865d58e5000 rw-p 00000000 00:00 0 
7865d58e5000-7865d58e6000 ---p 00000000 00:00 0 
7865d58e6000-7865d60e6000 rw-p 00000000 00:00 0 
7865d60e6000-7865d60e7000 ---p 00000000 00:00 0 
7865d60e7000-7865d68e7000 rw-p 00000000 00:00 0 
7865d68e7000-7865d68e8000 ---p 00000000 00:00 0 
7865d68e8000-7865d70e8000 rw-p 00000000 00:00 0 
7865d70e8000-7865d70e9000 ---p 00000000 00:00 0 
7865d70e9000-7865d78e9000 rw-p 00000000 00:00 0 
7865d78e9000-7865d78ed000 ---p 00000000 00:00 0 
7865d78ed000-7865d79e9000 rw-p 00000000 00:00 0 
7865d79ea000-7865d79ee000 ---p 00000000 00:00 0 
7865d79ee000-7865d7aea000 rw-p 00000000 00:00 0 
7865d7aea000-7865d7aee000 ---p 00000000 00:00 0 
7865d7aee000-7865d7bea000 rw-p 00000000 00:00 0 
7865d7bea000-7865d7bee000 ---p 00000000 00:00 0 
7865d7bee000-7865d7cea000 rw-p 00000000 00:00 0 
7865d7cea000-7865d7cee000 ---p 00000000 00:00 0 
7865d7cee000-7865d7dea000 rw-p 00000000 00:00 0 
7865d7dea000-7865d7dee000 ---p 00000000 00:00 0 
7865d7dee000-7865d7eea000 rw-p 00000000 00:00 0 
7865d7eea000-7865d7eeb000 ---p 00000000 00:00 0 
7865d7eeb000-7865d86eb000 rw-p 00000000 00:00 0 
7865d86eb000-7865d86ec000 ---p 00000000 00:00 0 
7865d86ec000-7865d8eec000 rw-p 00000000 00:00 0 
7865d8eec000-7865d8ef0000 ---p 00000000 00:00 0 
7865d8ef0000-7865d8fec000 rw-p 00000000 00:00 0 
7865d8fec000-7865d8ff0000 ---p 00000000 00:00 0 
7865d8ff0000-7865d90ec000 rw-p 00000000 00:00 0 
7865d90ec000-7865d90f0000 ---p 00000000 00:00 0 
7865d90f0000-7865d91ec000 rw-p 00000000 00:00 0 
7865d91ec000-7865d91f0000 ---p 00000000 00:00 0 
7865d91f0000-7865d92ec000 rw-p 00000000 00:00 0 
7865d92ec000-7865d92ed000 ---p 00000000 00:00 0 
7865d92ed000-7865d9aed000 rw-p 00000000 00:00 0 
7865d9aed000-7865d9aee000 ---p 00000000 00:00 0 
7865d9aee000-7865da2ee000 rw-p 00000000 00:00 0 
7865da2ee000-7865da2ef000 ---p 00000000 00:00 0 
7865da2ef000-7865daaef000 rw-p 00000000 00:00 0 
7865daaef000-7865daaf3000 ---p 00000000 00:00 0 
7865daaf3000-7865dabef000 rw-p 00000000 00:00 0 
7865dabef000-7865dabf3000 ---p 00000000 00:00 0 
7865dabf3000-7865dacef000 rw-p 00000000 00:00 0 
7865dacef000-7865dacf0000 ---p 00000000 00:00 0 
7865dacf0000-7865db4f0000 rw-p 00000000 00:00 0 
7865db4f0000-7865db4f1000 ---p 00000000 00:00 0 
7865db4f1000-7865dbcf1000 rw-p 00000000 00:00 0 
7865dbcf1000-7865dbcf2000 ---p 00000000 00:00 0 
7865dbcf2000-7865dc4f2000 rw-p 00000000 00:00 0 
7865dc4f2000-7865dc4f6000 ---p 00000000 00:00 0 
7865dc4f6000-7865dc5f2000 rw-p 00000000 00:00 0 
7865dc5f2000-7865dc5f6000 ---p 00000000 00:00 0 
7865dc5f6000-7865dc6f2000 rw-p 00000000 00:00 0 
7865dc6f2000-7865dc6f6000 ---p 00000000 00:00 0 
7865dc6f6000-7865dc7f2000 rw-p 00000000 00:00 0 
7865dc7f2000-7865dc7f3000 ---p 00000000 00:00 0 
7865dc7f3000-7865dcff3000 rw-p 00000000 00:00 0 
7865dcff3000-7865dcff4000 ---p 00000000 00:00 0 
7865dcff4000-7865dd7f4000 rw-p 00000000 00:00 0 
7865dd7f4000-7865dd7f5000 ---p 00000000 00:00 0 
7865dd7f5000-7865ddff5000 rw-p 00000000 00:00 0 
7865ddff5000-7865ddff9000 ---p 00000000 00:00 0 
7865ddff9000-7865de0f5000 rw-p 00000000 00:00 0 
7865de0f5000-7865de0f9000 ---p 00000000 00:00 0 
7865de0f9000-7865de1f5000 rw-p 00000000 00:00 0 
7865de1f5000-7865de1f9000 ---p 00000000 00:00 0 
7865de1f9000-7865de2f5000 rw-p 00000000 00:00 0 
7865de2f5000-7865de2f9000 ---p 00000000 00:00 0 
7865de2f9000-7865de3f5000 rw-p 00000000 00:00 0 
7865de3f5000-7865de3f9000 ---p 00000000 00:00 0 
7865de3f9000-7865de4f5000 rw-p 00000000 00:00 0 
7865de4f5000-7865de4f6000 ---p 00000000 00:00 0 
7865de4f6000-7865decf6000 rw-p 00000000 00:00 0 
7865decf6000-7865decf7000 ---p 00000000 00:00 0 
7865decf7000-7865df4f7000 rw-p 00000000 00:00 0 
7865df4f7000-7865df4f8000 ---p 00000000 00:00 0 
7865df4f8000-7865dfcf8000 rw-p 00000000 00:00 0 
7865dfcf8000-7865dfcf9000 ---p 00000000 00:00 0 
7865dfcf9000-7865e04f9000 rw-p 00000000 00:00 0 
7865e04f9000-7865e04fa000 ---p 00000000 00:00 0 
7865e04fa000-7865e0cfa000 rw-p 00000000 00:00 0 
7865e0cfa000-7865e0cfb000 ---p 00000000 00:00 0 
7865e0cfb000-7865e14fb000 rw-p 00000000 00:00 0 
7865e14fb000-7865e14ff000 ---p 00000000 00:00 0 
7865e14ff000-7865e15fb000 rw-p 00000000 00:00 0 
7865e15fb000-7865e15ff000 ---p 00000000 00:00 0 
7865e15ff000-7865e16fb000 rw-p 00000000 00:00 0 
7865e16fb000-7865e16fc000 ---p 00000000 00:00 0 
7865e16fc000-7865e1efc000 rw-p 00000000 00:00 0 
7865e1efc000-7865e1efd000 ---p 00000000 00:00 0 
7865e1efd000-7865e26fd000 rw-p 00000000 00:00 0 
7865e26fd000-7865e26fe000 ---p 00000000 00:00 0 
7865e26fe000-7865e2efe000 rw-p 00000000 00:00 0 
7865e2efe000-7865e2eff000 ---p 00000000 00:00 0 
7865e2eff000-7865e36ff000 rw-p 00000000 00:00 0 
7865e36ff000-7865e3700000 ---p 00000000 00:00 0 
7865e3700000-7865e3f00000 rw-p 00000000 00:00 0 
7865e3f00000-7865e3f01000 ---p 00000000 00:00 0 
7865e3f01000-7865e4701000 rw-p 00000000 00:00 0 
7865e4701000-7865e4702000 ---p 00000000 00:00 0 
7865e4702000-7865e4f02000 rw-p 00000000 00:00 0 
7865e4f02000-7865e4f03000 ---p 00000000 00:00 0 
7865e4f03000-7865e5703000 rw-p 00000000 00:00 0 
7865e5703000-7865e5704000 ---p 00000000 00:00 0 
7865e5704000-7865e5f04000 rw-p 00000000 00:00 0 
7865e5f04000-7865e5f05000 ---p 00000000 00:00 0 
7865e5f05000-7865e6705000 rw-p 00000000 00:00 0 
7865e6705000-7865e6706000 ---p 00000000 00:00 0 
7865e6706000-7865e6f06000 rw-p 00000000 00:00 0 
7865e6f06000-7865e6f07000 ---p 00000000 00:00 0 
7865e6f07000-7865e7707000 rw-p 00000000 00:00 0 
7865e7707000-7865e7708000 ---p 00000000 00:00 0 
7865e7708000-7865e7f08000 rw-p 00000000 00:00 0 
7865e7f08000-7865e7f09000 ---p 00000000 00:00 0 
7865e7f09000-7865e8709000 rw-p 00000000 00:00 0 
7865e8709000-7865e870a000 ---p 00000000 00:00 0 
7865e870a000-7865e8f0a000 rw-p 00000000 00:00 0 
7865e8f0a000-7865e8f0b000 ---p 00000000 00:00 0 
7865e8f0b000-7865e970b000 rw-p 00000000 00:00 0 
7865e970b000-7865e970c000 ---p 00000000 00:00 0 
7865e970c000-7865e9f0c000 rw-p 00000000 00:00 0 
7865e9f0c000-7865e9f0d000 ---p 00000000 00:00 0 
7865e9f0d000-7865ea70d000 rw-p 00000000 00:00 0 
7865ea70d000-7865ea70e000 ---p 00000000 00:00 0 
7865ea70e000-7865eaf0e000 rw-p 00000000 00:00 0 
7865eaf0e000-7865eaf0f000 ---p 00000000 00:00 0 
7865eaf0f000-7865eb70f000 rw-p 00000000 00:00 0 
7865eb70f000-7865eb710000 ---p 00000000 00:00 0 
7865eb710000-7865ebf10000 rw-p 00000000 00:00 0 
7865ebf10000-7865ebf11000 ---p 00000000 00:00 0 
7865ebf11000-7865ec711000 rw-p 00000000 00:00 0 
7865ec711000-7865ec712000 ---p 00000000 00:00 0 
7865ec712000-7865ecf12000 rw-p 00000000 00:00 0 
7865ecf12000-7865ecf13000 ---p 00000000 00:00 0 
7865ecf13000-7865ed713000 rw-p 00000000 00:00 0 
7865ed713000-7865ed714000 ---p 00000000 00:00 0 
7865ed714000-7865edf14000 rw-p 00000000 00:00 0 
7865edf14000-7865edf15000 ---p 00000000 00:00 0 
7865edf15000-7865ee715000 rw-p 00000000 00:00 0 
7865ee715000-7865ee716000 ---p 00000000 00:00 0 
7865ee716000-7865eef16000 rw-p 00000000 00:00 0 
7865eef16000-7865eef17000 ---p 00000000 00:00 0 
7865eef17000-7865ef717000 rw-p 00000000 00:00 0 
7865ef717000-7865ef718000 ---p 00000000 00:00 0 
7865ef718000-7865eff18000 rw-p 00000000 00:00 0 
7865eff18000-7865eff19000 ---p 00000000 00:00 0 
7865eff19000-7865f0719000 rw-p 00000000 00:00 0 
7865f0719000-7865f071a000 ---p 00000000 00:00 0 
7865f071a000-7865f0f1a000 rw-p 00000000 00:00 0 
7865f0f1a000-7865f0f1b000 ---p 00000000 00:00 0 
7865f0f1b000-7865f171b000 rw-p 00000000 00:00 0 
7865f171b000-7865f171c000 ---p 00000000 00:00 0 
7865f171c000-7865f1f1c000 rw-p 00000000 00:00 0 
7865f1f1c000-7865f1f1d000 ---p 00000000 00:00 0 
7865f1f1d000-7865f271d000 rw-p 00000000 00:00 0 
7865f271d000-7865f271e000 ---p 00000000 00:00 0 
7865f271e000-7865f2f1e000 rw-p 00000000 00:00 0 
7865f2f1e000-7865f2f1f000 ---p 00000000 00:00 0 
7865f2f1f000-7865f371f000 rw-p 00000000 00:00 0 
7865f371f000-7865f3720000 ---p 00000000 00:00 0 
7865f3720000-7865f3f20000 rw-p 00000000 00:00 0 
7865f3f20000-7865f3f21000 ---p 00000000 00:00 0 
7865f3f21000-7865f4721000 rw-p 00000000 00:00 0 
7865f4721000-7865f4722000 ---p 00000000 00:00 0 
7865f4722000-7865f4f22000 rw-p 00000000 00:00 0 
7865f4f22000-7865f4f23000 ---p 00000000 00:00 0 
7865f4f23000-7865f5723000 rw-p 00000000 00:00 0 
7865f5723000-7865f5724000 ---p 00000000 00:00 0 
7865f5724000-7865f5f24000 rw-p 00000000 00:00 0 
7865f5f24000-7865f5f25000 ---p 00000000 00:00 0 
7865f5f25000-7865f6725000 rw-p 00000000 00:00 0 
7865f6725000-7865f6726000 ---p 00000000 00:00 0 
7865f6726000-7865f6f26000 rw-p 00000000 00:00 0 
7865f6f26000-7865f6f27000 ---p 00000000 00:00 0 
7865f6f27000-7865f7727000 rw-p 00000000 00:00 0 
7865f7727000-7865f7728000 ---p 00000000 00:00 0 
7865f7728000-7865f7f28000 rw-p 00000000 00:00 0 
7865f7f28000-7865f7f29000 ---p 00000000 00:00 0 
7865f7f29000-7865f8729000 rw-p 00000000 00:00 0 
7865f8729000-7865f872a000 ---p 00000000 00:00 0 
7865f872a000-7865f8f2a000 rw-p 00000000 00:00 0 
7865f8f2a000-7865f8f2b000 ---p 00000000 00:00 0 
7865f8f2b000-7865f972b000 rw-p 00000000 00:00 0 
7865f972b000-7865f972c000 ---p 00000000 00:00 0 
7865f972c000-7865f9f2c000 rw-p 00000000 00:00 0 
7865f9f2c000-7865f9f2d000 ---p 00000000 00:00 0 
7865f9f2d000-7865fa72d000 rw-p 00000000 00:00 0 
7865fa72d000-7865fa72e000 ---p 00000000 00:00 0 
7865fa72e000-7865faf2e000 rw-p 00000000 00:00 0 
7865faf2e000-7865faf2f000 ---p 00000000 00:00 0 
7865faf2f000-7865fb72f000 rw-p 00000000 00:00 0 
7865fb72f000-7865fb730000 ---p 00000000 00:00 0 
7865fb730000-7865fbf30000 rw-p 00000000 00:00 0 
7865fbf30000-7865fbf31000 ---p 00000000 00:00 0 
7865fbf31000-7865fc731000 rw-p 00000000 00:00 0 
7865fc731000-7865fc732000 ---p 00000000 00:00 0 
7865fc732000-7865fcf32000 rw-p 00000000 00:00 0 
7865fcf32000-7865fcf33000 ---p 00000000 00:00 0 
7865fcf33000-7865fd733000 rw-p 00000000 00:00 0 
7865fd733000-7865fd734000 ---p 00000000 00:00 0 
7865fd734000-7865fdf34000 rw-p 00000000 00:00 0 
7865fdf34000-7865fdf35000 ---p 00000000 00:00 0 
7865fdf35000-7865fe735000 rw-p 00000000 00:00 0 
7865fe735000-7865fe736000 ---p 00000000 00:00 0 
7865fe736000-7865fef36000 rw-p 00000000 00:00 0 
7865fef36000-7865fef37000 ---p 00000000 00:00 0 
7865fef37000-7865ff737000 rw-p 00000000 00:00 0 
7865ff737000-7865ff738000 ---p 00000000 00:00 0 
7865ff738000-7865fff38000 rw-p 00000000 00:00 0 
7865fff38000-7865fff39000 ---p 00000000 00:00 0 
7865fff39000-786600739000 rw-p 00000000 00:00 0 
786600739000-78660073a000 ---p 00000000 00:00 0 
78660073a000-786600f3a000 rw-p 00000000 00:00 0 
786600f3a000-786600f3b000 ---p 00000000 00:00 0 
786600f3b000-78660173b000 rw-p 00000000 00:00 0 
78660173c000-786601740000 ---p 00000000 00:00 0 
786601740000-78660183c000 rw-p 00000000 00:00 0 
78660183c000-786601840000 ---p 00000000 00:00 0 
786601840000-78660193c000 rw-p 00000000 00:00 0 
78660193c000-786601940000 ---p 00000000 00:00 0 
786601940000-786601a3c000 rw-p 00000000 00:00 0 
786601a3c000-786601a40000 ---p 00000000 00:00 0 
786601a40000-786601b3c000 rw-p 00000000 00:00 0 
786601b3c000-786601b40000 ---p 00000000 00:00 0 
786601b40000-786601c3c000 rw-p 00000000 00:00 0 
786601c3c000-786601c40000 ---p 00000000 00:00 0 
786601c40000-786601d3c000 rw-p 00000000 00:00 0 
786601d3c000-786601d40000 ---p 00000000 00:00 0 
786601d40000-786601e3c000 rw-p 00000000 00:00 0 
786601e3c000-786601e40000 ---p 00000000 00:00 0 
786601e40000-786601f3c000 rw-p 00000000 00:00 0 
786601f3c000-786601f3d000 ---p 00000000 00:00 0 
786601f3d000-78660273d000 rw-p 00000000 00:00 0 
78660273d000-78660273e000 ---p 00000000 00:00 0 
78660273e000-786602f3e000 rw-p 00000000 00:00 0 
786602f3e000-786602f3f000 ---p 00000000 00:00 0 
786602f3f000-78660373f000 rw-p 00000000 00:00 0 
78660373f000-786603740000 ---p 00000000 00:00 0 
786603740000-786603f40000 rw-p 00000000 00:00 0 
786603f40000-786603f41000 ---p 00000000 00:00 0 
786603f41000-786604741000 rw-p 00000000 00:00 0 
786604741000-786604742000 ---p 00000000 00:00 0 
786604742000-786604f42000 rw-p 00000000 00:00 0 
786604f42000-786604f43000 ---p 00000000 00:00 0 
786604f43000-786605743000 rw-p 00000000 00:00 0 
786605743000-786605744000 ---p 00000000 00:00 0 
786605744000-786605f44000 rw-p 00000000 00:00 0 
786605f44000-786605f45000 ---p 00000000 00:00 0 
786605f45000-786606745000 rw-p 00000000 00:00 0 
786606745000-786606746000 ---p 00000000 00:00 0 
786606746000-786606f46000 rw-p 00000000 00:00 0 
786606f46000-786606f47000 ---p 00000000 00:00 0 
786606f47000-786607747000 rw-p 00000000 00:00 0 
786607747000-786607748000 ---p 00000000 00:00 0 
786607748000-786607f48000 rw-p 00000000 00:00 0 
786607f48000-786607f49000 ---p 00000000 00:00 0 
786607f49000-786608749000 rw-p 00000000 00:00 0 
786608749000-78660874a000 ---p 00000000 00:00 0 
78660874a000-786608f4a000 rw-p 00000000 00:00 0 
786608f4a000-786608f4b000 ---p 00000000 00:00 0 
786608f4b000-78660974b000 rw-p 00000000 00:00 0 
78660974b000-78660974c000 ---p 00000000 00:00 0 
78660974c000-786609f4c000 rw-p 00000000 00:00 0 
786609f4c000-786609f4d000 ---p 00000000 00:00 0 
786609f4d000-78660a74d000 rw-p 00000000 00:00 0 
78660a74d000-78660a74e000 ---p 00000000 00:00 0 
78660a74e000-78660af4e000 rw-p 00000000 00:00 0 
78660af4e000-78660af4f000 ---p 00000000 00:00 0 
78660af4f000-78660b74f000 rw-p 00000000 00:00 0 
78660b74f000-78660b750000 ---p 00000000 00:00 0 
78660b750000-78660bf50000 rw-p 00000000 00:00 0 
78660bf50000-78660bf51000 ---p 00000000 00:00 0 
78660bf51000-78660c751000 rw-p 00000000 00:00 0 
78660c751000-78660c752000 ---p 00000000 00:00 0 
78660c752000-78660cf52000 rw-p 00000000 00:00 0 
78660cf52000-78660cf53000 ---p 00000000 00:00 0 
78660cf53000-78660d753000 rw-p 00000000 00:00 0 
78660d753000-78660d754000 ---p 00000000 00:00 0 
78660d754000-78660df54000 rw-p 00000000 00:00 0 
78660df54000-78660df55000 ---p 00000000 00:00 0 
78660df55000-78660e755000 rw-p 00000000 00:00 0 
78660e755000-78660e756000 ---p 00000000 00:00 0 
78660e756000-78660ef56000 rw-p 00000000 00:00 0 
78660ef56000-78660ef57000 ---p 00000000 00:00 0 
78660ef57000-78660f757000 rw-p 00000000 00:00 0 
78660f757000-78660f758000 ---p 00000000 00:00 0 
78660f758000-78660ff58000 rw-p 00000000 00:00 0 
78660ff58000-78660ff59000 ---p 00000000 00:00 0 
78660ff59000-786610759000 rw-p 00000000 00:00 0 
786610759000-78661075a000 ---p 00000000 00:00 0 
78661075a000-786610f5a000 rw-p 00000000 00:00 0 
786610f5a000-786610f5b000 ---p 00000000 00:00 0 
786610f5b000-78661175b000 rw-p 00000000 00:00 0 
78661175b000-78661175c000 ---p 00000000 00:00 0 
78661175c000-786611f5c000 rw-p 00000000 00:00 0 
786611f5c000-786611f5d000 ---p 00000000 00:00 0 
786611f5d000-78661275d000 rw-p 00000000 00:00 0 
78661275d000-78661275e000 ---p 00000000 00:00 0 
78661275e000-786612f5e000 rw-p 00000000 00:00 0 
786612f5e000-786612f5f000 ---p 00000000 00:00 0 
786612f5f000-78661375f000 rw-p 00000000 00:00 0 
78661375f000-786613760000 ---p 00000000 00:00 0 
786613760000-786613f60000 rw-p 00000000 00:00 0 
786613f60000-786613f61000 ---p 00000000 00:00 0 
786613f61000-786614761000 rw-p 00000000 00:00 0 
786614761000-786614762000 ---p 00000000 00:00 0 
786614762000-786614f62000 rw-p 00000000 00:00 0 
786614f62000-786614f63000 ---p 00000000 00:00 0 
786614f63000-786615763000 rw-p 00000000 00:00 0 
786615763000-786615764000 ---p 00000000 00:00 0 
786615764000-786615f64000 rw-p 00000000 00:00 0 
786615f64000-786615f65000 ---p 00000000 00:00 0 
786615f65000-786616765000 rw-p 00000000 00:00 0 
786616765000-786616766000 ---p 00000000 00:00 0 
786616766000-786616f66000 rw-p 00000000 00:00 0 
786616f66000-786616f67000 ---p 00000000 00:00 0 
786616f67000-786617767000 rw-p 00000000 00:00 0 
786617767000-786617768000 ---p 00000000 00:00 0 
786617768000-786617f68000 rw-p 00000000 00:00 0 
786617f68000-786617f69000 ---p 00000000 00:00 0 
786617f69000-786618769000 rw-p 00000000 00:00 0 
786618769000-78661876a000 ---p 00000000 00:00 0 
78661876a000-786618f6a000 rw-p 00000000 00:00 0 
786618f6a000-786618f6b000 ---p 00000000 00:00 0 
786618f6b000-78661976b000 rw-p 00000000 00:00 0 
78661976b000-78661976c000 ---p 00000000 00:00 0 
78661976c000-786619f6c000 rw-p 00000000 00:00 0 
786619f6c000-786619f6d000 ---p 00000000 00:00 0 
786619f6d000-78661a76d000 rw-p 00000000 00:00 0 
78661a76d000-78661a76e000 ---p 00000000 00:00 0 
78661a76e000-78661af6e000 rw-p 00000000 00:00 0 
78661af6e000-78661af6f000 ---p 00000000 00:00 0 
78661af6f000-78661b76f000 rw-p 00000000 00:00 0 
78661b76f000-78661b770000 ---p 00000000 00:00 0 
78661b770000-78661bf70000 rw-p 00000000 00:00 0 
78661bf70000-78661bf71000 ---p 00000000 00:00 0 
78661bf71000-78661c771000 rw-p 00000000 00:00 0 
78661c771000-78661c772000 ---p 00000000 00:00 0 
78661c772000-78661cf72000 rw-p 00000000 00:00 0 
78661cf72000-78661cf73000 ---p 00000000 00:00 0 
78661cf73000-78661d773000 rw-p 00000000 00:00 0 
78661d773000-78661d774000 ---p 00000000 00:00 0 
78661d774000-78661df74000 rw-p 00000000 00:00 0 
78661df74000-78661df75000 ---p 00000000 00:00 0 
78661df75000-78661e775000 rw-p 00000000 00:00 0 
78661e775000-78661e776000 ---p 00000000 00:00 0 
78661e776000-78661ef76000 rw-p 00000000 00:00 0 
78661ef76000-78661ef77000 ---p 00000000 00:00 0 
78661ef77000-78661f777000 rw-p 00000000 00:00 0 
78661f777000-78661f778000 ---p 00000000 00:00 0 
78661f778000-78661ff78000 rw-p 00000000 00:00 0 
78661ff78000-78661ff79000 ---p 00000000 00:00 0 
78661ff79000-786620779000 rw-p 00000000 00:00 0 
786620779000-78662077a000 ---p 00000000 00:00 0 
78662077a000-786620f7a000 rw-p 00000000 00:00 0 
786620f7a000-786620f7b000 ---p 00000000 00:00 0 
786620f7b000-78662177b000 rw-p 00000000 00:00 0 
78662177b000-78662177c000 ---p 00000000 00:00 0 
78662177c000-786621f7c000 rw-p 00000000 00:00 0 
786621f7c000-786621f7d000 ---p 00000000 00:00 0 
786621f7d000-78662277d000 rw-p 00000000 00:00 0 
78662277d000-78662277e000 ---p 00000000 00:00 0 
78662277e000-786622f7e000 rw-p 00000000 00:00 0 
786622f7e000-786622f7f000 ---p 00000000 00:00 0 
786622f7f000-78662377f000 rw-p 00000000 00:00 0 
78662377f000-786623780000 ---p 00000000 00:00 0 
786623780000-786623f80000 rw-p 00000000 00:00 0 
786623f80000-786623f81000 ---p 00000000 00:00 0 
786623f81000-786624781000 rw-p 00000000 00:00 0 
786624781000-786624782000 ---p 00000000 00:00 0 
786624782000-786624f82000 rw-p 00000000 00:00 0 
786624f82000-786624f83000 ---p 00000000 00:00 0 
786624f83000-786625783000 rw-p 00000000 00:00 0 
786625783000-786625784000 ---p 00000000 00:00 0 
786625784000-786625f84000 rw-p 00000000 00:00 0 
786625f84000-786625f85000 ---p 00000000 00:00 0 
786625f85000-786626785000 rw-p 00000000 00:00 0 
786626785000-786626786000 ---p 00000000 00:00 0 
786626786000-786626f86000 rw-p 00000000 00:00 0 
786626f86000-786626f87000 ---p 00000000 00:00 0 
786626f87000-786627787000 rw-p 00000000 00:00 0 
786627787000-786627788000 ---p 00000000 00:00 0 
786627788000-786627f88000 rw-p 00000000 00:00 0 
786627f88000-786627f89000 ---p 00000000 00:00 0 
786627f89000-786628789000 rw-p 00000000 00:00 0 
786628789000-78662878a000 ---p 00000000 00:00 0 
78662878a000-786628f8a000 rw-p 00000000 00:00 0 
786628f8a000-786628f8b000 ---p 00000000 00:00 0 
786628f8b000-78662978b000 rw-p 00000000 00:00 0 
78662978b000-78662978c000 ---p 00000000 00:00 0 
78662978c000-786629f8c000 rw-p 00000000 00:00 0 
786629f8c000-786629f8d000 ---p 00000000 00:00 0 
786629f8d000-78662a78d000 rw-p 00000000 00:00 0 
78662a78d000-78662a78e000 ---p 00000000 00:00 0 
78662a78e000-78662af8e000 rw-p 00000000 00:00 0 
78662af8e000-78662af8f000 ---p 00000000 00:00 0 
78662af8f000-78662b78f000 rw-p 00000000 00:00 0 
78662b78f000-78662b790000 ---p 00000000 00:00 0 
78662b790000-78662bf90000 rw-p 00000000 00:00 0 
78662bf90000-78662bf91000 ---p 00000000 00:00 0 
78662bf91000-78662c791000 rw-p 00000000 00:00 0 
78662c791000-78662c792000 ---p 00000000 00:00 0 
78662c792000-78662cf92000 rw-p 00000000 00:00 0 
78662cf92000-78662cf93000 ---p 00000000 00:00 0 
78662cf93000-78662d793000 rw-p 00000000 00:00 0 
78662d793000-78662d794000 ---p 00000000 00:00 0 
78662d794000-78662df94000 rw-p 00000000 00:00 0 
78662df94000-78662df95000 ---p 00000000 00:00 0 
78662df95000-78662e795000 rw-p 00000000 00:00 0 
78662e795000-78662e796000 ---p 00000000 00:00 0 
78662e796000-78662ef96000 rw-p 00000000 00:00 0 
78662ef96000-78662ef97000 ---p 00000000 00:00 0 
78662ef97000-78662f797000 rw-p 00000000 00:00 0 
78662f797000-78662f798000 ---p 00000000 00:00 0 
78662f798000-78662ff98000 rw-p 00000000 00:00 0 
78662ff98000-78662ff99000 ---p 00000000 00:00 0 
78662ff99000-786630799000 rw-p 00000000 00:00 0 
786630799000-78663079a000 ---p 00000000 00:00 0 
78663079a000-786630f9a000 rw-p 00000000 00:00 0 
786630f9a000-786630f9b000 ---p 00000000 00:00 0 
786630f9b000-78663179b000 rw-p 00000000 00:00 0 
78663179b000-78663179c000 ---p 00000000 00:00 0 
78663179c000-786631f9c000 rw-p 00000000 00:00 0 
786631f9c000-786631f9d000 ---p 00000000 00:00 0 
786631f9d000-78663279d000 rw-p 00000000 00:00 0 
78663279d000-78663279e000 ---p 00000000 00:00 0 
78663279e000-786632f9e000 rw-p 00000000 00:00 0 
786632f9e000-786632f9f000 ---p 00000000 00:00 0 
786632f9f000-78663379f000 rw-p 00000000 00:00 0 
78663379f000-7866337a0000 ---p 00000000 00:00 0 
7866337a0000-786633fa0000 rw-p 00000000 00:00 0 
786633fa0000-786633fa1000 ---p 00000000 00:00 0 
786633fa1000-7866347a1000 rw-p 00000000 00:00 0 
7866347a1000-7866347a2000 ---p 00000000 00:00 0 
7866347a2000-786634fa2000 rw-p 00000000 00:00 0 
786634fa2000-786634fa3000 ---p 00000000 00:00 0 
786634fa3000-7866357a3000 rw-p 00000000 00:00 0 
7866357a3000-7866357a4000 ---p 00000000 00:00 0 
7866357a4000-786635fa4000 rw-p 00000000 00:00 0 
786635fa4000-786635fa5000 ---p 00000000 00:00 0 
786635fa5000-7866367a5000 rw-p 00000000 00:00 0 
7866367a5000-7866367a6000 ---p 00000000 00:00 0 
7866367a6000-786636fa6000 rw-p 00000000 00:00 0 
786636fa6000-786636fa7000 ---p 00000000 00:00 0 
786636fa7000-7866377a7000 rw-p 00000000 00:00 0 
7866377a7000-7866377a8000 ---p 00000000 00:00 0 
7866377a8000-786637fa8000 rw-p 00000000 00:00 0 
786637fa8000-786637fa9000 ---p 00000000 00:00 0 
786637fa9000-7866387a9000 rw-p 00000000 00:00 0 
7866387aa000-7866387ae000 ---p 00000000 00:00 0 
7866387ae000-7866388aa000 rw-p 00000000 00:00 0 
7866388aa000-7866388ae000 ---p 00000000 00:00 0 
7866388ae000-7866389aa000 rw-p 00000000 00:00 0 
7866389aa000-7866389ae000 ---p 00000000 00:00 0 
7866389ae000-786638aaa000 rw-p 00000000 00:00 0 
786638aaa000-786638aae000 ---p 00000000 00:00 0 
786638aae000-786638baa000 rw-p 00000000 00:00 0 
786638baa000-786638bae000 ---p 00000000 00:00 0 
786638bae000-786638caa000 rw-p 00000000 00:00 0 
786638caa000-786638cae000 ---p 00000000 00:00 0 
786638cae000-786638daa000 rw-p 00000000 00:00 0 
786638daa000-786638dae000 ---p 00000000 00:00 0 
786638dae000-786638eaa000 rw-p 00000000 00:00 0 
786638eaa000-786638eae000 ---p 00000000 00:00 0 
786638eae000-786638faa000 rw-p 00000000 00:00 0 
786638faa000-786638fab000 ---p 00000000 00:00 0 
786638fab000-7866397ab000 rw-p 00000000 00:00 0 
7866397ab000-7866397ac000 ---p 00000000 00:00 0 
7866397ac000-786639fac000 rw-p 00000000 00:00 0 
786639fac000-786639fad000 ---p 00000000 00:00 0 
786639fad000-78663a7ad000 rw-p 00000000 00:00 0 
78663abae000-78663abb2000 ---p 00000000 00:00 0 
78663abb2000-78663acae000 rw-p 00000000 00:00 0 
78663acae000-78663acb2000 ---p 00000000 00:00 0 
78663acb2000-78663adae000 rw-p 00000000 00:00 0 
78663adae000-78663adb2000 ---p 00000000 00:00 0 
78663adb2000-78663aeae000 rw-p 00000000 00:00 0 
78663aeae000-78663aeb2000 ---p 00000000 00:00 0 
78663aeb2000-78663afae000 rw-p 00000000 00:00 0 
78663afae000-78663afaf000 ---p 00000000 00:00 0 
78663afaf000-78663b7af000 rw-p 00000000 00:00 0 
78663b7af000-78663b7b0000 ---p 00000000 00:00 0 
78663b7b0000-78663bfb0000 rw-p 00000000 00:00 0 
78663bfb0000-78663bfb1000 ---p 00000000 00:00 0 
78663bfb1000-78663c7b1000 rw-p 00000000 00:00 0 
78663c7b1000-78663c7b2000 ---p 00000000 00:00 0 
78663c7b2000-78663cfb2000 rw-p 00000000 00:00 0 
78663cfb2000-78663cfb3000 ---p 00000000 00:00 0 
78663cfb3000-78663d7b3000 rw-p 00000000 00:00 0 
78663d7b3000-78663d7b4000 ---p 00000000 00:00 0 
78663d7b4000-78663dfb4000 rw-p 00000000 00:00 0 
78663dfb4000-78663dfb5000 ---p 00000000 00:00 0 
78663dfb5000-78663e7b5000 rw-p 00000000 00:00 0 
78663e7b5000-78663e7b6000 ---p 00000000 00:00 0 
78663e7b6000-78663efb6000 rw-p 00000000 00:00 0 
78663efb6000-78663efb7000 ---p 00000000 00:00 0 
78663efb7000-78663f7b7000 rw-p 00000000 00:00 0 
78663f7b7000-78663f7b8000 ---p 00000000 00:00 0 
78663f7b8000-78663ffb8000 rw-p 00000000 00:00 0 
78663ffb8000-78663ffb9000 ---p 00000000 00:00 0 
78663ffb9000-7866407b9000 rw-p 00000000 00:00 0 
7866407b9000-7866407ba000 ---p 00000000 00:00 0 
7866407ba000-786640fba000 rw-p 00000000 00:00 0 
786640fba000-786640fbb000 ---p 00000000 00:00 0 
786640fbb000-7866417bb000 rw-p 00000000 00:00 0 
7866417bb000-7866417bc000 ---p 00000000 00:00 0 
7866417bc000-786641fbc000 rw-p 00000000 00:00 0 
786641fbc000-786641fbd000 ---p 00000000 00:00 0 
786641fbd000-7866427bd000 rw-p 00000000 00:00 0 
7866427bd000-7866427be000 ---p 00000000 00:00 0 
7866427be000-786642fbe000 rw-p 00000000 00:00 0 
786642fbe000-786642fbf000 ---p 00000000 00:00 0 
786642fbf000-7866437bf000 rw-p 00000000 00:00 0 
7866437bf000-7866437c0000 ---p 00000000 00:00 0 
7866437c0000-786643fc0000 rw-p 00000000 00:00 0 
786643fc0000-786643fc1000 ---p 00000000 00:00 0 
786643fc1000-7866447c1000 rw-p 00000000 00:00 0 
7866447c1000-7866447c2000 ---p 00000000 00:00 0 
7866447c2000-786644fc2000 rw-p 00000000 00:00 0 
786644fc2000-786644fc3000 ---p 00000000 00:00 0 
786644fc3000-7866457c3000 rw-p 00000000 00:00 0 
7866457c3000-7866457c4000 ---p 00000000 00:00 0 
7866457c4000-786645fc4000 rw-p 00000000 00:00 0 
786645fc4000-786645fc5000 ---p 00000000 00:00 0 
786645fc5000-7866467c5000 rw-p 00000000 00:00 0 
7866467c5000-7866467c6000 ---p 00000000 00:00 0 
7866467c6000-786646fc6000 rw-p 00000000 00:00 0 
786646fc6000-786646fc7000 ---p 00000000 00:00 0 
786646fc7000-7866477c7000 rw-p 00000000 00:00 0 
7866477c7000-7866477c8000 ---p 00000000 00:00 0 
7866477c8000-786647fc8000 rw-p 00000000 00:00 0 
786647fc8000-786647fc9000 ---p 00000000 00:00 0 
786647fc9000-7866487c9000 rw-p 00000000 00:00 0 
7866487c9000-7866487ca000 ---p 00000000 00:00 0 
7866487ca000-786648fca000 rw-p 00000000 00:00 0 
786648fca000-786648fcb000 ---p 00000000 00:00 0 
786648fcb000-7866497cb000 rw-p 00000000 00:00 0 
7866497cb000-7866497cc000 ---p 00000000 00:00 0 
7866497cc000-786649fcc000 rw-p 00000000 00:00 0 
786649fcc000-786649fcd000 ---p 00000000 00:00 0 
786649fcd000-78664a7cd000 rw-p 00000000 00:00 0 
78664a7cd000-78664a7ce000 ---p 00000000 00:00 0 
78664a7ce000-78664afce000 rw-p 00000000 00:00 0 
78664afce000-78664afcf000 ---p 00000000 00:00 0 
78664afcf000-78664b7cf000 rw-p 00000000 00:00 0 
78664b7cf000-78664b7d0000 ---p 00000000 00:00 0 
78664b7d0000-78664bfd0000 rw-p 00000000 00:00 0 
78664bfd0000-78664bfd1000 ---p 00000000 00:00 0 
78664bfd1000-78664c7d1000 rw-p 00000000 00:00 0 
78664c7d1000-78664c7d2000 ---p 00000000 00:00 0 
78664c7d2000-78664cfd2000 rw-p 00000000 00:00 0 
78664cfd2000-78664cfd3000 ---p 00000000 00:00 0 
78664cfd3000-78664d7d3000 rw-p 00000000 00:00 0 
78664d7d3000-78664d7d4000 ---p 00000000 00:00 0 
78664d7d4000-78664dfd4000 rw-p 00000000 00:00 0 
78664dfd4000-78664dfd5000 ---p 00000000 00:00 0 
78664dfd5000-78664e7d5000 rw-p 00000000 00:00 0 
78664e7d5000-78664e7d6000 ---p 00000000 00:00 0 
78664e7d6000-78664efd6000 rw-p 00000000 00:00 0 
78664efd6000-78664efd7000 ---p 00000000 00:00 0 
78664efd7000-78664f7d7000 rw-p 00000000 00:00 0 
78664f7d7000-78664f7d8000 ---p 00000000 00:00 0 
78664f7d8000-78664ffd8000 rw-p 00000000 00:00 0 
78664ffd8000-78664ffd9000 ---p 00000000 00:00 0 
78664ffd9000-7866507d9000 rw-p 00000000 00:00 0 
7866507d9000-7866507da000 ---p 00000000 00:00 0 
7866507da000-786650fda000 rw-p 00000000 00:00 0 
786650fda000-786650fdb000 ---p 00000000 00:00 0 
786650fdb000-7866517db000 rw-p 00000000 00:00 0 
7866517db000-7866517dc000 ---p 00000000 00:00 0 
7866517dc000-786651fdc000 rw-p 00000000 00:00 0 
786651fdc000-786651fdd000 ---p 00000000 00:00 0 
786651fdd000-7866527dd000 rw-p 00000000 00:00 0 
7866527dd000-7866527de000 ---p 00000000 00:00 0 
7866527de000-786652fde000 rw-p 00000000 00:00 0 
786652fde000-786652fdf000 ---p 00000000 00:00 0 
786652fdf000-7866537df000 rw-p 00000000 00:00 0 
7866537df000-7866537e0000 ---p 00000000 00:00 0 
7866537e0000-786653fe0000 rw-p 00000000 00:00 0 
786653fe0000-786653fe1000 ---p 00000000 00:00 0 
786653fe1000-7866547e1000 rw-p 00000000 00:00 0 
7866547e1000-7866547e2000 ---p 00000000 00:00 0 
7866547e2000-786654fe2000 rw-p 00000000 00:00 0 
786654fe2000-786654fe3000 ---p 00000000 00:00 0 
786654fe3000-7866557e3000 rw-p 00000000 00:00 0 
7866557e3000-7866557e4000 ---p 00000000 00:00 0 
7866557e4000-786655fe4000 rw-p 00000000 00:00 0 
786655fe4000-786655fe5000 ---p 00000000 00:00 0 
786655fe5000-7866567e5000 rw-p 00000000 00:00 0 
7866567e5000-7866567e6000 ---p 00000000 00:00 0 
7866567e6000-786656fe6000 rw-p 00000000 00:00 0 
786656fe6000-786656fe7000 ---p 00000000 00:00 0 
786656fe7000-7866577e7000 rw-p 00000000 00:00 0 
7866577e7000-7866577e8000 ---p 00000000 00:00 0 
7866577e8000-786657fe8000 rw-p 00000000 00:00 0 
786657fe8000-786657fe9000 ---p 00000000 00:00 0 
786657fe9000-7866587e9000 rw-p 00000000 00:00 0 
7866587e9000-7866587ea000 ---p 00000000 00:00 0 
7866587ea000-786658fea000 rw-p 00000000 00:00 0 
786658fea000-786658feb000 ---p 00000000 00:00 0 
786658feb000-7866597eb000 rw-p 00000000 00:00 0 
7866597eb000-7866597ec000 ---p 00000000 00:00 0 
7866597ec000-786659fec000 rw-p 00000000 00:00 0 
786659fec000-786659fed000 ---p 00000000 00:00 0 
786659fed000-78665a7ed000 rw-p 00000000 00:00 0 
78665a7ed000-78665a7ee000 ---p 00000000 00:00 0 
78665a7ee000-78665afee000 rw-p 00000000 00:00 0 
78665afee000-78665afef000 ---p 00000000 00:00 0 
78665afef000-78665b7ef000 rw-p 00000000 00:00 0 
78665b7ef000-78665b7f0000 ---p 00000000 00:00 0 
78665b7f0000-78665bff0000 rw-p 00000000 00:00 0 
78665bff0000-78665bff1000 ---p 00000000 00:00 0 
78665bff1000-78665c7f1000 rw-p 00000000 00:00 0 
78665c7f1000-78665c7f2000 ---p 00000000 00:00 0 
78665c7f2000-78665cff2000 rw-p 00000000 00:00 0 
78665cff2000-78665cff3000 ---p 00000000 00:00 0 
78665cff3000-78665d7f3000 rw-p 00000000 00:00 0 
78665d7f3000-78665d7f4000 ---p 00000000 00:00 0 
78665d7f4000-78665dff4000 rw-p 00000000 00:00 0 
78665dff4000-78665dff5000 ---p 00000000 00:00 0 
78665dff5000-78665e7f5000 rw-p 00000000 00:00 0 
78665e7f5000-78665e7f6000 ---p 00000000 00:00 0 
78665e7f6000-78665eff6000 rw-p 00000000 00:00 0 
78665eff6000-78665eff7000 ---p 00000000 00:00 0 
78665eff7000-78665f7f7000 rw-p 00000000 00:00 0 
78665f7f7000-78665f7f8000 ---p 00000000 00:00 0 
78665f7f8000-78665fff8000 rw-p 00000000 00:00 0 
78665fff8000-78665fff9000 ---p 00000000 00:00 0 
78665fff9000-7866607f9000 rw-p 00000000 00:00 0 
7866607f9000-7866607fa000 ---p 00000000 00:00 0 
7866607fa000-786660ffa000 rw-p 00000000 00:00 0 
786660ffa000-786660ffb000 ---p 00000000 00:00 0 
786660ffb000-7866617fb000 rw-p 00000000 00:00 0 
7866617fb000-7866617fc000 ---p 00000000 00:00 0 
7866617fc000-786661ffc000 rw-p 00000000 00:00 0 
786661ffc000-786661ffd000 ---p 00000000 00:00 0 
786661ffd000-7866627fd000 rw-p 00000000 00:00 0 
7866627fd000-7866627fe000 ---p 00000000 00:00 0 
7866627fe000-786662ffe000 rw-p 00000000 00:00 0 
786662ffe000-786662fff000 ---p 00000000 00:00 0 
786662fff000-7866637ff000 rw-p 00000000 00:00 0 
7866637ff000-786663800000 ---p 00000000 00:00 0 
786663800000-786664000000 rw-p 00000000 00:00 0 
786664000000-7866641d9000 rw-p 00000000 00:00 0 
7866641d9000-786668000000 ---p 00000000 00:00 0 
786668000000-7866681ec000 rw-p 00000000 00:00 0 
7866681ec000-78666c000000 ---p 00000000 00:00 0 
78666c000000-78666c258000 rw-p 00000000 00:00 0 
78666c258000-786670000000 ---p 00000000 00:00 0 
786670000000-7866701f8000 rw-p 00000000 00:00 0 
7866701f8000-786674000000 ---p 00000000 00:00 0 
786674000000-7866742e4000 rw-p 00000000 00:00 0 
7866742e4000-786678000000 ---p 00000000 00:00 0 
786678000000-786678232000 rw-p 00000000 00:00 0 
786678232000-78667c000000 ---p 00000000 00:00 0 
78667c000000-78667c23e000 rw-p 00000000 00:00 0 
78667c23e000-786680000000 ---p 00000000 00:00 0 
7866800f9000-7866800fd000 ---p 00000000 00:00 0 
7866800fd000-7866801f9000 rw-p 00000000 00:00 0 
7866801f9000-7866801fd000 ---p 00000000 00:00 0 
7866801fd000-7866802f9000 rw-p 00000000 00:00 0 
7866802f9000-7866802fd000 ---p 00000000 00:00 0 
7866802fd000-7866803f9000 rw-p 00000000 00:00 0 
7866803f9000-7866803fd000 ---p 00000000 00:00 0 
7866803fd000-7866804f9000 rw-p 00000000 00:00 0 
7866804f9000-7866804fd000 ---p 00000000 00:00 0 
7866804fd000-7866805f9000 rw-p 00000000 00:00 0 
7866805f9000-7866805fd000 ---p 00000000 00:00 0 
7866805fd000-7866806f9000 rw-p 00000000 00:00 0 
7866806f9000-7866806fd000 ---p 00000000 00:00 0 
7866806fd000-7866807f9000 rw-p 00000000 00:00 0 
7866807f9000-7866807fa000 ---p 00000000 00:00 0 
7866807fa000-786680ffa000 rw-p 00000000 00:00 0 
786680ffa000-786680ffb000 ---p 00000000 00:00 0 
786680ffb000-7866817fb000 rw-p 00000000 00:00 0 
7866817fb000-7866817fc000 ---p 00000000 00:00 0 
7866817fc000-786681ffc000 rw-p 00000000 00:00 0 
786681ffc000-786681ffd000 ---p 00000000 00:00 0 
786681ffd000-7866827fd000 rw-p 00000000 00:00 0 
7866827fd000-7866827fe000 ---p 00000000 00:00 0 
7866827fe000-786682ffe000 rw-p 00000000 00:00 0 
786682ffe000-786682fff000 ---p 00000000 00:00 0 
786682fff000-7866837ff000 rw-p 00000000 00:00 0 
7866837ff000-786683800000 ---p 00000000 00:00 0 
786683800000-786684000000 rw-p 00000000 00:00 0 
786684000000-786684240000 rw-p 00000000 00:00 0 
786684240000-786688000000 ---p 00000000 00:00 0 
786688000000-786688270000 rw-p 00000000 00:00 0 
786688270000-78668c000000 ---p 00000000 00:00 0 
78668c000000-78668c1f3000 rw-p 00000000 00:00 0 
78668c1f3000-786690000000 ---p 00000000 00:00 0 
786690000000-78669023f000 rw-p 00000000 00:00 0 
78669023f000-786694000000 ---p 00000000 00:00 0 
786694000000-78669427f000 rw-p 00000000 00:00 0 
78669427f000-786698000000 ---p 00000000 00:00 0 
7866980f9000-7866980fd000 ---p 00000000 00:00 0 
7866980fd000-7866981f9000 rw-p 00000000 00:00 0 
7866981f9000-7866981fd000 ---p 00000000 00:00 0 
7866981fd000-7866982f9000 rw-p 00000000 00:00 0 
7866982f9000-7866982fd000 ---p 00000000 00:00 0 
7866982fd000-7866983f9000 rw-p 00000000 00:00 0 
7866983f9000-7866983fd000 ---p 00000000 00:00 0 
7866983fd000-7866984f9000 rw-p 00000000 00:00 0 
7866984f9000-7866984fd000 ---p 00000000 00:00 0 
7866984fd000-7866985f9000 rw-p 00000000 00:00 0 
7866985f9000-7866985fd000 ---p 00000000 00:00 0 
7866985fd000-7866986f9000 rw-p 00000000 00:00 0 
7866986f9000-7866986fd000 ---p 00000000 00:00 0 
7866986fd000-7866987f9000 rw-p 00000000 00:00 0 
7866987f9000-7866987fa000 ---p 00000000 00:00 0 
7866987fa000-786698ffa000 rw-p 00000000 00:00 0 
786698ffa000-786698ffb000 ---p 00000000 00:00 0 
786698ffb000-7866997fb000 rw-p 00000000 00:00 0 
7866997fb000-7866997fc000 ---p 00000000 00:00 0 
7866997fc000-786699ffc000 rw-p 00000000 00:00 0 
786699ffc000-786699ffd000 ---p 00000000 00:00 0 
786699ffd000-78669a7fd000 rw-p 00000000 00:00 0 
78669a7fd000-78669a7fe000 ---p 00000000 00:00 0 
78669a7fe000-78669affe000 rw-p 00000000 00:00 0 
78669affe000-78669afff000 ---p 00000000 00:00 0 
78669afff000-78669b7ff000 rw-p 00000000 00:00 0 
78669b7ff000-78669b800000 ---p 00000000 00:00 0 
78669b800000-78669c000000 rw-p 00000000 00:00 0 
78669c000000-78669c296000 rw-p 00000000 00:00 0 
78669c296000-7866a0000000 ---p 00000000 00:00 0 
7866a0000000-7866a0276000 rw-p 00000000 00:00 0 
7866a0276000-7866a4000000 ---p 00000000 00:00 0 
7866a4000000-7866a420c000 rw-p 00000000 00:00 0 
7866a420c000-7866a8000000 ---p 00000000 00:00 0 
7866a8000000-7866a81d9000 rw-p 00000000 00:00 0 
7866a81d9000-7866ac000000 ---p 00000000 00:00 0 
7866ac000000-7866ac280000 rw-p 00000000 00:00 0 
7866ac280000-7866b0000000 ---p 00000000 00:00 0 
7866b0000000-7866b01b3000 rw-p 00000000 00:00 0 
7866b01b3000-7866b4000000 ---p 00000000 00:00 0 
7866b4000000-7866b4324000 rw-p 00000000 00:00 0 
7866b4324000-7866b8000000 ---p 00000000 00:00 0 
7866b80f9000-7866b80fd000 ---p 00000000 00:00 0 
7866b80fd000-7866b81f9000 rw-p 00000000 00:00 0 
7866b81f9000-7866b81fd000 ---p 00000000 00:00 0 
7866b81fd000-7866b82f9000 rw-p 00000000 00:00 0 
7866b82f9000-7866b82fd000 ---p 00000000 00:00 0 
7866b82fd000-7866b83f9000 rw-p 00000000 00:00 0 
7866b83f9000-7866b83fd000 ---p 00000000 00:00 0 
7866b83fd000-7866b84f9000 rw-p 00000000 00:00 0 
7866b84f9000-7866b84fd000 ---p 00000000 00:00 0 
7866b84fd000-7866b85f9000 rw-p 00000000 00:00 0 
7866b85f9000-7866b85fd000 ---p 00000000 00:00 0 
7866b85fd000-7866b86f9000 rw-p 00000000 00:00 0 
7866b86f9000-7866b86fd000 ---p 00000000 00:00 0 
7866b86fd000-7866b87f9000 rw-p 00000000 00:00 0 
7866b87f9000-7866b87fa000 ---p 00000000 00:00 0 
7866b87fa000-7866b8ffa000 rw-p 00000000 00:00 0 
7866b8ffa000-7866b8ffb000 ---p 00000000 00:00 0 
7866b8ffb000-7866b97fb000 rw-p 00000000 00:00 0 
7866b97fc000-7866b97fd000 ---p 00000000 00:00 0 
7866b97fd000-7866b9ffd000 rw-p 00000000 00:00 0 
7866b9ffd000-7866ba001000 ---p 00000000 00:00 0 
7866ba001000-7866ba0fd000 rw-p 00000000 00:00 0 
7866ba0fd000-7866ba101000 ---p 00000000 00:00 0 
7866ba101000-7866ba1fd000 rw-p 00000000 00:00 0 
7866ba1fd000-7866ba201000 ---p 00000000 00:00 0 
7866ba201000-7866ba2fd000 rw-p 00000000 00:00 0 
7866ba2fd000-7866ba301000 ---p 00000000 00:00 0 
7866ba301000-7866ba3fd000 rw-p 00000000 00:00 0 
7866ba3fd000-7866ba401000 ---p 00000000 00:00 0 
7866ba401000-7866ba4fd000 rw-p 00000000 00:00 0 
7866ba4fd000-7866ba501000 ---p 00000000 00:00 0 
7866ba501000-7866ba5fd000 rw-p 00000000 00:00 0 
7866ba5fd000-7866ba601000 ---p 00000000 00:00 0 
7866ba601000-7866ba6fd000 rw-p 00000000 00:00 0 
7866ba6fd000-7866ba701000 ---p 00000000 00:00 0 
7866ba701000-7866ba7fd000 rw-p 00000000 00:00 0 
7866ba7fd000-7866ba7fe000 ---p 00000000 00:00 0 
7866ba7fe000-7866baffe000 rw-p 00000000 00:00 0 
7866baffe000-7866bafff000 ---p 00000000 00:00 0 
7866bafff000-7866bb7ff000 rw-p 00000000 00:00 0 
7866bb7ff000-7866bb800000 ---p 00000000 00:00 0 
7866bb800000-7866bc000000 rw-p 00000000 00:00 0 
7866bc000000-7866bc1f5000 rw-p 00000000 00:00 0 
7866bc1f5000-7866c0000000 ---p 00000000 00:00 0 
7866c0000000-7866c028c000 rw-p 00000000 00:00 0 
7866c028c000-7866c4000000 ---p 00000000 00:00 0 
7866c4000000-7866c4254000 rw-p 00000000 00:00 0 
7866c4254000-7866c8000000 ---p 00000000 00:00 0 
7866c8000000-7866c8281000 rw-p 00000000 00:00 0 
7866c8281000-7866cc000000 ---p 00000000 00:00 0 
7866cc000000-7866cc286000 rw-p 00000000 00:00 0 
7866cc286000-7866d0000000 ---p 00000000 00:00 0 
7866d0000000-7866d01ec000 rw-p 00000000 00:00 0 
7866d01ec000-7866d4000000 ---p 00000000 00:00 0 
7866d4000000-7866d41da000 rw-p 00000000 00:00 0 
7866d41da000-7866d8000000 ---p 00000000 00:00 0 
7866d8000000-7866d821c000 rw-p 00000000 00:00 0 
7866d821c000-7866dc000000 ---p 00000000 00:00 0 
7866dc000000-7866dc273000 rw-p 00000000 00:00 0 
7866dc273000-7866e0000000 ---p 00000000 00:00 0 
7866e0000000-7866e01dc000 rw-p 00000000 00:00 0 
7866e01dc000-7866e4000000 ---p 00000000 00:00 0 
7866e40f9000-7866e40fd000 ---p 00000000 00:00 0 
7866e40fd000-7866e41f9000 rw-p 00000000 00:00 0 
7866e41f9000-7866e41fd000 ---p 00000000 00:00 0 
7866e41fd000-7866e42f9000 rw-p 00000000 00:00 0 
7866e42f9000-7866e42fd000 ---p 00000000 00:00 0 
7866e42fd000-7866e43f9000 rw-p 00000000 00:00 0 
7866e43f9000-7866e43fd000 ---p 00000000 00:00 0 
7866e43fd000-7866e44f9000 rw-p 00000000 00:00 0 
7866e44f9000-7866e44fd000 ---p 00000000 00:00 0 
7866e44fd000-7866e45f9000 rw-p 00000000 00:00 0 
7866e45f9000-7866e45fd000 ---p 00000000 00:00 0 
7866e45fd000-7866e46f9000 rw-p 00000000 00:00 0 
7866e46f9000-7866e46fd000 ---p 00000000 00:00 0 
7866e46fd000-7866e47f9000 rw-p 00000000 00:00 0 
7866e47fa000-7866e47fe000 ---p 00000000 00:00 0 
7866e47fe000-7866e48fa000 rw-p 00000000 00:00 0 
7866e48fa000-7866e48fe000 ---p 00000000 00:00 0 
7866e48fe000-7866e49fa000 rw-p 00000000 00:00 0 
7866e49fa000-7866e49fe000 ---p 00000000 00:00 0 
7866e49fe000-7866e4afa000 rw-p 00000000 00:00 0 
7866e4afa000-7866e4afe000 ---p 00000000 00:00 0 
7866e4afe000-7866e4bfa000 rw-p 00000000 00:00 0 
7866e4bfa000-7866e4bfe000 ---p 00000000 00:00 0 
7866e4bfe000-7866e4cfa000 rw-p 00000000 00:00 0 
7866e4cfa000-7866e4cfe000 ---p 00000000 00:00 0 
7866e4cfe000-7866e4dfa000 rw-p 00000000 00:00 0 
7866e4dfa000-7866e4dfe000 ---p 00000000 00:00 0 
7866e4dfe000-7866e4efa000 rw-p 00000000 00:00 0 
7866e4efa000-7866e4efe000 ---p 00000000 00:00 0 
7866e4efe000-7866e4ffa000 rw-p 00000000 00:00 0 
7866e4ffa000-7866e4ffb000 ---p 00000000 00:00 0 
7866e4ffb000-7866e57fb000 rw-p 00000000 00:00 0 
7866e57fb000-7866e57fc000 ---p 00000000 00:00 0 
7866e57fc000-7866e5ffc000 rw-p 00000000 00:00 0 
7866e5ffc000-7866e5ffd000 ---p 00000000 00:00 0 
7866e5ffd000-7866e67fd000 rw-p 00000000 00:00 0 
7866e67fd000-7866e67fe000 ---p 00000000 00:00 0 
7866e67fe000-7866e6ffe000 rw-p 00000000 00:00 0 
7866e6ffe000-7866e6fff000 ---p 00000000 00:00 0 
7866e6fff000-7866e77ff000 rw-p 00000000 00:00 0 
7866e77ff000-7866e7800000 ---p 00000000 00:00 0 
7866e7800000-7866e8000000 rw-p 00000000 00:00 0 
7866e8000000-7866e821c000 rw-p 00000000 00:00 0 
7866e821c000-7866ec000000 ---p 00000000 00:00 0 
7866ec000000-7866ec257000 rw-p 00000000 00:00 0 
7866ec257000-7866f0000000 ---p 00000000 00:00 0 
7866f0000000-7866f0258000 rw-p 00000000 00:00 0 
7866f0258000-7866f4000000 ---p 00000000 00:00 0 
7866f4000000-7866f4250000 rw-p 00000000 00:00 0 
7866f4250000-7866f8000000 ---p 00000000 00:00 0 
7866f8000000-7866f81fd000 rw-p 00000000 00:00 0 
7866f81fd000-7866fc000000 ---p 00000000 00:00 0 
7866fc000000-7866fc1cf000 rw-p 00000000 00:00 0 
7866fc1cf000-786700000000 ---p 00000000 00:00 0 
786700000000-786700202000 rw-p 00000000 00:00 0 
786700202000-786704000000 ---p 00000000 00:00 0 
786704000000-786704304000 rw-p 00000000 00:00 0 
786704304000-786708000000 ---p 00000000 00:00 0 
7867080f9000-7867080fd000 ---p 00000000 00:00 0 
7867080fd000-7867081f9000 rw-p 00000000 00:00 0 
7867081f9000-7867081fd000 ---p 00000000 00:00 0 
7867081fd000-7867082f9000 rw-p 00000000 00:00 0 
7867082f9000-7867082fd000 ---p 00000000 00:00 0 
7867082fd000-7867083f9000 rw-p 00000000 00:00 0 
7867083f9000-7867083fd000 ---p 00000000 00:00 0 
7867083fd000-7867084f9000 rw-p 00000000 00:00 0 
7867084f9000-7867084fd000 ---p 00000000 00:00 0 
7867084fd000-7867085f9000 rw-p 00000000 00:00 0 
7867085f9000-7867085fd000 ---p 00000000 00:00 0 
7867085fd000-7867086f9000 rw-p 00000000 00:00 0 
7867086f9000-7867086fd000 ---p 00000000 00:00 0 
7867086fd000-7867087f9000 rw-p 00000000 00:00 0 
7867087f9000-7867087fa000 ---p 00000000 00:00 0 
7867087fa000-786708ffa000 rw-p 00000000 00:00 0 
786708ffa000-786708ffb000 ---p 00000000 00:00 0 
786708ffb000-7867097fb000 rw-p 00000000 00:00 0 
7867097fb000-7867097fc000 ---p 00000000 00:00 0 
7867097fc000-786709ffc000 rw-p 00000000 00:00 0 
786709ffc000-786709ffd000 ---p 00000000 00:00 0 
786709ffd000-78670a7fd000 rw-p 00000000 00:00 0 
78670a7fd000-78670a7fe000 ---p 00000000 00:00 0 
78670a7fe000-78670affe000 rw-p 00000000 00:00 0 
78670affe000-78670afff000 ---p 00000000 00:00 0 
78670afff000-78670b7ff000 rw-p 00000000 00:00 0 
78670b7ff000-78670b800000 ---p 00000000 00:00 0 
78670b800000-78670c000000 rw-p 00000000 00:00 0 
78670c000000-78670c1e1000 rw-p 00000000 00:00 0 
78670c1e1000-786710000000 ---p 00000000 00:00 0 
786710000000-7867102e3000 rw-p 00000000 00:00 0 
7867102e3000-786714000000 ---p 00000000 00:00 0 
786714000000-7867141f8000 rw-p 00000000 00:00 0 
7867141f8000-786718000000 ---p 00000000 00:00 0 
786718000000-786718286000 rw-p 00000000 00:00 0 
786718286000-78671c000000 ---p 00000000 00:00 0 
78671c000000-78671c1d6000 rw-p 00000000 00:00 0 
78671c1d6000-786720000000 ---p 00000000 00:00 0 
7867200f9000-7867200fd000 ---p 00000000 00:00 0 
7867200fd000-7867201f9000 rw-p 00000000 00:00 0 
7867201f9000-7867201fd000 ---p 00000000 00:00 0 
7867201fd000-7867202f9000 rw-p 00000000 00:00 0 
7867202f9000-7867202fd000 ---p 00000000 00:00 0 
7867202fd000-7867203f9000 rw-p 00000000 00:00 0 
7867203f9000-7867203fd000 ---p 00000000 00:00 0 
7867203fd000-7867204f9000 rw-p 00000000 00:00 0 
7867204f9000-7867204fd000 ---p 00000000 00:00 0 
7867204fd000-7867205f9000 rw-p 00000000 00:00 0 
7867205f9000-7867205fd000 ---p 00000000 00:00 0 
7867205fd000-7867206f9000 rw-p 00000000 00:00 0 
7867206f9000-7867206fd000 ---p 00000000 00:00 0 
7867206fd000-7867207f9000 rw-p 00000000 00:00 0 
7867207f9000-7867207fa000 ---p 00000000 00:00 0 
7867207fa000-786720ffa000 rw-p 00000000 00:00 0 
786720ffa000-786720ffb000 ---p 00000000 00:00 0 
786720ffb000-7867217fb000 rw-p 00000000 00:00 0 
7867217fb000-7867217fc000 ---p 00000000 00:00 0 
7867217fc000-786721ffc000 rw-p 00000000 00:00 0 
786721ffc000-786721ffd000 ---p 00000000 00:00 0 
786721ffd000-7867227fd000 rw-p 00000000 00:00 0 
7867227fd000-7867227fe000 ---p 00000000 00:00 0 
7867227fe000-786722ffe000 rw-p 00000000 00:00 0 
786722ffe000-786722fff000 ---p 00000000 00:00 0 
786722fff000-7867237ff000 rw-p 00000000 00:00 0 
7867237ff000-786723800000 ---p 00000000 00:00 0 
786723800000-786724000000 rw-p 00000000 00:00 0 
786724000000-7867241d9000 rw-p 00000000 00:00 0 
7867241d9000-786728000000 ---p 00000000 00:00 0 
786728000000-7867282af000 rw-p 00000000 00:00 0 
7867282af000-78672c000000 ---p 00000000 00:00 0 
78672c000000-78672c213000 rw-p 00000000 00:00 0 
78672c213000-786730000000 ---p 00000000 00:00 0 
786730000000-786730233000 rw-p 00000000 00:00 0 
786730233000-786734000000 ---p 00000000 00:00 0 
786734000000-786734299000 rw-p 00000000 00:00 0 
786734299000-786738000000 ---p 00000000 00:00 0 
786738000000-78673825a000 rw-p 00000000 00:00 0 
78673825a000-78673c000000 ---p 00000000 00:00 0 
78673c000000-78673c261000 rw-p 00000000 00:00 0 
78673c261000-786740000000 ---p 00000000 00:00 0 
786740000000-786740280000 rw-p 00000000 00:00 0 
786740280000-786744000000 ---p 00000000 00:00 0 
7867440f9000-7867440fd000 ---p 00000000 00:00 0 
7867440fd000-7867441f9000 rw-p 00000000 00:00 0 
7867441f9000-7867441fd000 ---p 00000000 00:00 0 
7867441fd000-7867442f9000 rw-p 00000000 00:00 0 
7867442f9000-7867442fd000 ---p 00000000 00:00 0 
7867442fd000-7867443f9000 rw-p 00000000 00:00 0 
7867443f9000-7867443fd000 ---p 00000000 00:00 0 
7867443fd000-7867444f9000 rw-p 00000000 00:00 0 
7867444f9000-7867444fd000 ---p 00000000 00:00 0 
7867444fd000-7867445f9000 rw-p 00000000 00:00 0 
7867445f9000-7867445fd000 ---p 00000000 00:00 0 
7867445fd000-7867446f9000 rw-p 00000000 00:00 0 
7867446f9000-7867446fd000 ---p 00000000 00:00 0 
7867446fd000-7867447f9000 rw-p 00000000 00:00 0 
7867447f9000-7867447fa000 ---p 00000000 00:00 0 
7867447fa000-786744ffa000 rw-p 00000000 00:00 0 
786744ffa000-786744ffb000 ---p 00000000 00:00 0 
786744ffb000-7867457fb000 rw-p 00000000 00:00 0 
7867457fb000-7867457fc000 ---p 00000000 00:00 0 
7867457fc000-786745ffc000 rw-p 00000000 00:00 0 
786745ffc000-786745ffd000 ---p 00000000 00:00 0 
786745ffd000-7867467fd000 rw-p 00000000 00:00 0 
7867467fd000-7867467fe000 ---p 00000000 00:00 0 
7867467fe000-786746ffe000 rw-p 00000000 00:00 0 
786746ffe000-786746fff000 ---p 00000000 00:00 0 
786746fff000-7867477ff000 rw-p 00000000 00:00 0 
7867477ff000-786747800000 ---p 00000000 00:00 0 
786747800000-786748000000 rw-p 00000000 00:00 0 
786748000000-7867481d9000 rw-p 00000000 00:00 0 
7867481d9000-78674c000000 ---p 00000000 00:00 0 
78674c000000-78674c230000 rw-p 00000000 00:00 0 
78674c230000-786750000000 ---p 00000000 00:00 0 
786750000000-7867501f3000 rw-p 00000000 00:00 0 
7867501f3000-786754000000 ---p 00000000 00:00 0 
786754000000-786754201000 rw-p 00000000 00:00 0 
786754201000-786758000000 ---p 00000000 00:00 0 
786758000000-786758297000 rw-p 00000000 00:00 0 
786758297000-78675c000000 ---p 00000000 00:00 0 
78675c000000-78675c1f8000 rw-p 00000000 00:00 0 
78675c1f8000-786760000000 ---p 00000000 00:00 0 
7867600f9000-7867600fd000 ---p 00000000 00:00 0 
7867600fd000-7867601f9000 rw-p 00000000 00:00 0 
7867601f9000-7867601fd000 ---p 00000000 00:00 0 
7867601fd000-7867602f9000 rw-p 00000000 00:00 0 
7867602f9000-7867602fd000 ---p 00000000 00:00 0 
7867602fd000-7867603f9000 rw-p 00000000 00:00 0 
7867603f9000-7867603fd000 ---p 00000000 00:00 0 
7867603fd000-7867604f9000 rw-p 00000000 00:00 0 
7867604f9000-7867604fd000 ---p 00000000 00:00 0 
7867604fd000-7867605f9000 rw-p 00000000 00:00 0 
7867605f9000-7867605fd000 ---p 00000000 00:00 0 
7867605fd000-7867606f9000 rw-p 00000000 00:00 0 
7867606f9000-7867606fd000 ---p 00000000 00:00 0 
7867606fd000-7867607f9000 rw-p 00000000 00:00 0 
7867607f9000-7867607fa000 ---p 00000000 00:00 0 
7867607fa000-786760ffa000 rw-p 00000000 00:00 0 
786760ffa000-786760ffb000 ---p 00000000 00:00 0 
786760ffb000-7867617fb000 rw-p 00000000 00:00 0 
7867617fb000-7867617fc000 ---p 00000000 00:00 0 
7867617fc000-786761ffc000 rw-p 00000000 00:00 0 
786761ffc000-786761ffd000 ---p 00000000 00:00 0 
786761ffd000-7867627fd000 rw-p 00000000 00:00 0 
7867627fd000-7867627fe000 ---p 00000000 00:00 0 
7867627fe000-786762ffe000 rw-p 00000000 00:00 0 
786762ffe000-786762fff000 ---p 00000000 00:00 0 
786762fff000-7867637ff000 rw-p 00000000 00:00 0 
7867637ff000-786763800000 ---p 00000000 00:00 0 
786763800000-786764000000 rw-p 00000000 00:00 0 
786764000000-7867642b0000 rw-p 00000000 00:00 0 
7867642b0000-786768000000 ---p 00000000 00:00 0 
786768000000-7867681ed000 rw-p 00000000 00:00 0 
7867681ed000-78676c000000 ---p 00000000 00:00 0 
78676c000000-78676c1fc000 rw-p 00000000 00:00 0 
78676c1fc000-786770000000 ---p 00000000 00:00 0 
786770000000-786770213000 rw-p 00000000 00:00 0 
786770213000-786774000000 ---p 00000000 00:00 0 
786774000000-786774302000 rw-p 00000000 00:00 0 
786774302000-786778000000 ---p 00000000 00:00 0 
786778000000-78677820a000 rw-p 00000000 00:00 0 
78677820a000-78677c000000 ---p 00000000 00:00 0 
78677c000000-78677c2d9000 rw-p 00000000 00:00 0 
78677c2d9000-786780000000 ---p 00000000 00:00 0 
786780000000-786780214000 rw-p 00000000 00:00 0 
786780214000-786784000000 ---p 00000000 00:00 0 
7867840f9000-7867840fd000 ---p 00000000 00:00 0 
7867840fd000-7867841f9000 rw-p 00000000 00:00 0 
7867841f9000-7867841fd000 ---p 00000000 00:00 0 
7867841fd000-7867842f9000 rw-p 00000000 00:00 0 
7867842f9000-7867842fd000 ---p 00000000 00:00 0 
7867842fd000-7867843f9000 rw-p 00000000 00:00 0 
7867843f9000-7867843fd000 ---p 00000000 00:00 0 
7867843fd000-7867844f9000 rw-p 00000000 00:00 0 
7867844f9000-7867844fd000 ---p 00000000 00:00 0 
7867844fd000-7867845f9000 rw-p 00000000 00:00 0 
7867845f9000-7867845fd000 ---p 00000000 00:00 0 
7867845fd000-7867846f9000 rw-p 00000000 00:00 0 
7867846f9000-7867846fd000 ---p 00000000 00:00 0 
7867846fd000-7867847f9000 rw-p 00000000 00:00 0 
7867847f9000-7867847fa000 ---p 00000000 00:00 0 
7867847fa000-786784ffa000 rw-p 00000000 00:00 0 
786784ffb000-786784ffc000 ---p 00000000 00:00 0 
786784ffc000-7867857fc000 rw-p 00000000 00:00 0 
7867857fc000-786785800000 ---p 00000000 00:00 0 
786785800000-7867858fc000 rw-p 00000000 00:00 0 
7867858fc000-786785900000 ---p 00000000 00:00 0 
786785900000-7867859fc000 rw-p 00000000 00:00 0 
7867859fc000-786785a00000 ---p 00000000 00:00 0 
786785a00000-786785afc000 rw-p 00000000 00:00 0 
786785afc000-786785b00000 ---p 00000000 00:00 0 
786785b00000-786785bfc000 rw-p 00000000 00:00 0 
786785bfc000-786785c00000 ---p 00000000 00:00 0 
786785c00000-786785cfc000 rw-p 00000000 00:00 0 
786785cfc000-786785cfd000 ---p 00000000 00:00 0 
786785cfd000-7867864fd000 rw-p 00000000 00:00 0 
7867864fd000-7867864fe000 ---p 00000000 00:00 0 
7867864fe000-786786cfe000 rw-p 00000000 00:00 0 
786786cfe000-786786cff000 ---p 00000000 00:00 0 
786786cff000-7867874ff000 rw-p 00000000 00:00 0 
7867874ff000-786787503000 ---p 00000000 00:00 0 
786787503000-7867875ff000 rw-p 00000000 00:00 0 
7867875ff000-786787603000 ---p 00000000 00:00 0 
786787603000-7867876ff000 rw-p 00000000 00:00 0 
7867876ff000-786787703000 ---p 00000000 00:00 0 
786787703000-7867877ff000 rw-p 00000000 00:00 0 
7867877ff000-786787800000 ---p 00000000 00:00 0 
786787800000-786788000000 rw-p 00000000 00:00 0 
786788000000-7867882be000 rw-p 00000000 00:00 0 
7867882be000-78678c000000 ---p 00000000 00:00 0 
78678c000000-78678c1f3000 rw-p 00000000 00:00 0 
78678c1f3000-786790000000 ---p 00000000 00:00 0 
786790000000-786790240000 rw-p 00000000 00:00 0 
786790240000-786794000000 ---p 00000000 00:00 0 
786794000000-786794258000 rw-p 00000000 00:00 0 
786794258000-786798000000 ---p 00000000 00:00 0 
786798000000-786798207000 rw-p 00000000 00:00 0 
786798207000-78679c000000 ---p 00000000 00:00 0 
78679c000000-78679c284000 rw-p 00000000 00:00 0 
78679c284000-7867a0000000 ---p 00000000 00:00 0 
7867a0090000-7867a0091000 rw-s 00000000 00:01 62629                      /memfd:pipewire-memfd:flags=0x0000000f,type=2,size=4096 (deleted)
7867a0091000-7867a009a000 rw-s 00000000 00:01 63567                      /memfd:pipewire-memfd:flags=0x0000000f,type=2,size=32832 (deleted)
7867a009a000-7867a00a3000 rw-s 00000000 00:01 63566                      /memfd:pipewire-memfd:flags=0x0000000f,type=2,size=32832 (deleted)
7867a00a3000-7867a00a4000 rw-s 00000000 00:01 13314                      /memfd:pipewire-memfd:flags=0x0000000f,type=2,size=2312 (deleted)
7867a00a4000-7867a00a5000 rw-s 00000000 00:01 62628                      /memfd:pipewire-memfd:flags=0x0000000f,type=2,size=2312 (deleted)
7867a00a5000-7867a00a6000 rw-s 00000000 00:01 50855                      /memfd:pipewire-memfd:flags=0x0000000f,type=2,size=2312 (deleted)
7867a00a6000-7867a00a7000 rw-s 00000000 00:01 64550                      /memfd:pipewire-memfd:flags=0x0000000f,type=2,size=4096 (deleted)
7867a00a7000-7867a00b0000 rw-s 00000000 00:01 64552                      /memfd:pipewire-memfd:flags=0x0000000f,type=2,size=32832 (deleted)
7867a00b0000-7867a00b9000 rw-s 00000000 00:01 64551                      /memfd:pipewire-memfd:flags=0x0000000f,type=2,size=32832 (deleted)
7867a00b9000-7867a00ba000 rw-s 00000000 00:01 13314                      /memfd:pipewire-memfd:flags=0x0000000f,type=2,size=2312 (deleted)
7867a00ba000-7867a00bb000 rw-s 00000000 00:01 64549                      /memfd:pipewire-memfd:flags=0x0000000f,type=2,size=2312 (deleted)
7867a00bb000-7867a00bc000 rw-s 00000000 00:01 52612                      /memfd:pipewire-memfd:flags=0x0000000f,type=2,size=2312 (deleted)
7867a00bc000-7867a00bd000 rw-s 00000000 00:01 63563                      /memfd:pipewire-memfd:flags=0x0000000f,type=2,size=4096 (deleted)
7867a00bd000-7867a00c6000 rw-s 00000000 00:01 63565                      /memfd:pipewire-memfd:flags=0x0000000f,type=2,size=32832 (deleted)
7867a00c6000-7867a00cf000 rw-s 00000000 00:01 63564                      /memfd:pipewire-memfd:flags=0x0000000f,type=2,size=32832 (deleted)
7867a00cf000-7867a00d0000 rw-s 00000000 00:01 13314                      /memfd:pipewire-memfd:flags=0x0000000f,type=2,size=2312 (deleted)
7867a00d0000-7867a00d1000 rw-s 00000000 00:01 63562                      /memfd:pipewire-memfd:flags=0x0000000f,type=2,size=2312 (deleted)
7867a00d1000-7867a00d2000 rw-s 00000000 00:01 62622                      /memfd:pipewire-memfd:flags=0x0000000f,type=2,size=2312 (deleted)
7867a00d2000-7867a00d3000 rw-s 00000000 00:01 63561                      /memfd:pipewire-memfd:flags=0x0000000f,type=2,size=4096 (deleted)
7867a00d3000-7867a00dc000 rw-s 00000000 00:01 56682                      /memfd:pipewire-memfd:flags=0x0000000f,type=2,size=32832 (deleted)
7867a00dc000-7867a00e5000 rw-s 00000000 00:01 56681                      /memfd:pipewire-memfd:flags=0x0000000f,type=2,size=32832 (deleted)
7867a00e5000-7867a00e6000 rw-s 00000000 00:01 13314                      /memfd:pipewire-memfd:flags=0x0000000f,type=2,size=2312 (deleted)
7867a00e6000-7867a00e7000 rw-s 00000000 00:01 63560                      /memfd:pipewire-memfd:flags=0x0000000f,type=2,size=2312 (deleted)
7867a00e7000-7867a00e8000 rw-s 00000000 00:01 56680                      /memfd:pipewire-memfd:flags=0x0000000f,type=2,size=2312 (deleted)
7867a00e8000-7867a00f1000 rw-s 00000000 00:01 59649                      /memfd:pipewire-memfd:flags=0x0000000f,type=2,size=32832 (deleted)
7867a00f1000-7867a00fa000 rw-s 00000000 00:01 59648                      /memfd:pipewire-memfd:flags=0x0000000f,type=2,size=32832 (deleted)
7867a00fa000-7867a00fe000 ---p 00000000 00:00 0 
7867a00fe000-7867a01fa000 rw-p 00000000 00:00 0 
7867a01fa000-7867a01fe000 ---p 00000000 00:00 0 
7867a01fe000-7867a02fa000 rw-p 00000000 00:00 0 
7867a02fa000-7867a02fe000 ---p 00000000 00:00 0 
7867a02fe000-7867a03fa000 rw-p 00000000 00:00 0 
7867a03fa000-7867a03fe000 ---p 00000000 00:00 0 
7867a03fe000-7867a04fa000 rw-p 00000000 00:00 0 
7867a04fa000-7867a04fe000 ---p 00000000 00:00 0 
7867a04fe000-7867a05fa000 rw-p 00000000 00:00 0 
7867a05fa000-7867a05fe000 ---p 00000000 00:00 0 
7867a05fe000-7867a06fa000 rw-p 00000000 00:00 0 
7867a06fa000-7867a06fe000 ---p 00000000 00:00 0 
7867a06fe000-7867a07fa000 rw-p 00000000 00:00 0 
7867a07fa000-7867a07fe000 ---p 00000000 00:00 0 
7867a07fe000-7867a08fa000 rw-p 00000000 00:00 0 
7867a08fa000-7867a08fe000 ---p 00000000 00:00 0 
7867a08fe000-7867a09fa000 rw-p 00000000 00:00 0 
7867a09fa000-7867a09fe000 ---p 00000000 00:00 0 
7867a09fe000-7867a0afa000 rw-p 00000000 00:00 0 
7867a0afa000-7867a0afe000 ---p 00000000 00:00 0 
7867a0afe000-7867a0bfa000 rw-p 00000000 00:00 0 
7867a0bfa000-7867a0bfe000 ---p 00000000 00:00 0 
7867a0bfe000-7867a0cfa000 rw-p 00000000 00:00 0 
7867a0cfa000-7867a0cfe000 ---p 00000000 00:00 0 
7867a0cfe000-7867a0dfa000 rw-p 00000000 00:00 0 
7867a0dfa000-7867a0dfe000 ---p 00000000 00:00 0 
7867a0dfe000-7867a0efa000 rw-p 00000000 00:00 0 
7867a0efa000-7867a0efe000 ---p 00000000 00:00 0 
7867a0efe000-7867a0ffa000 rw-p 00000000 00:00 0 
7867a0ffa000-7867a0ffb000 ---p 00000000 00:00 0 
7867a0ffb000-7867a17fb000 rw-p 00000000 00:00 0 
7867a17fb000-7867a17fc000 ---p 00000000 00:00 0 
7867a17fc000-7867a1ffc000 rw-p 00000000 00:00 0 
7867a1ffc000-7867a1ffd000 ---p 00000000 00:00 0 
7867a1ffd000-7867a27fd000 rw-p 00000000 00:00 0 
7867a27fd000-7867a27fe000 ---p 00000000 00:00 0 
7867a27fe000-7867a2ffe000 rw-p 00000000 00:00 0 
7867a2ffe000-7867a2fff000 ---p 00000000 00:00 0 
7867a2fff000-7867a37ff000 rw-p 00000000 00:00 0 
7867a37ff000-7867a3800000 ---p 00000000 00:00 0 
7867a3800000-7867a4000000 rw-p 00000000 00:00 0 
7867a4000000-7867a422f000 rw-p 00000000 00:00 0 
7867a422f000-7867a8000000 ---p 00000000 00:00 0 
7867a8000000-7867a824f000 rw-p 00000000 00:00 0 
7867a824f000-7867ac000000 ---p 00000000 00:00 0 
7867ac000000-7867ac259000 rw-p 00000000 00:00 0 
7867ac259000-7867b0000000 ---p 00000000 00:00 0 
7867b0000000-7867b0216000 rw-p 00000000 00:00 0 
7867b0216000-7867b4000000 ---p 00000000 00:00 0 
7867b4000000-7867b427f000 rw-p 00000000 00:00 0 
7867b427f000-7867b8000000 ---p 00000000 00:00 0 
7867b8000000-7867b81ed000 rw-p 00000000 00:00 0 
7867b81ed000-7867bc000000 ---p 00000000 00:00 0 
7867bc000000-7867bc001000 rw-s 00000000 00:01 62621                      /memfd:pipewire-memfd:flags=0x0000000f,type=2,size=4096 (deleted)
7867bc001000-7867bc002000 rw-s 00000000 00:01 13314                      /memfd:pipewire-memfd:flags=0x0000000f,type=2,size=2312 (deleted)
7867bc002000-7867bc003000 rw-s 00000000 00:01 62620                      /memfd:pipewire-memfd:flags=0x0000000f,type=2,size=2312 (deleted)
7867bc003000-7867bc004000 rw-s 00000000 00:01 64547                      /memfd:pipewire-memfd:flags=0x0000000f,type=2,size=2312 (deleted)
7867bc004000-7867bc005000 rw-s 00000000 00:01 59645                      /memfd:pipewire-memfd:flags=0x0000000f,type=2,size=4096 (deleted)
7867bc005000-7867bc00e000 rw-s 00000000 00:01 59647                      /memfd:pipewire-memfd:flags=0x0000000f,type=2,size=32832 (deleted)
7867bc00e000-7867bc017000 rw-s 00000000 00:01 59646                      /memfd:pipewire-memfd:flags=0x0000000f,type=2,size=32832 (deleted)
7867bc017000-7867bc018000 rw-s 00000000 00:01 13314                      /memfd:pipewire-memfd:flags=0x0000000f,type=2,size=2312 (deleted)
7867bc018000-7867bc019000 rw-s 00000000 00:01 59644                      /memfd:pipewire-memfd:flags=0x0000000f,type=2,size=2312 (deleted)
7867bc019000-7867bc01a000 rw-s 00000000 00:01 55604                      /memfd:pipewire-memfd:flags=0x0000000f,type=2,size=2312 (deleted)
7867bc01a000-7867bc01b000 rw-s 00000000 00:01 49796                      /memfd:pipewire-memfd:flags=0x0000000f,type=2,size=4096 (deleted)
7867bc01b000-7867bc024000 rw-s 00000000 00:01 58645                      /memfd:pipewire-memfd:flags=0x0000000f,type=2,size=32832 (deleted)
7867bc024000-7867bc02d000 rw-s 00000000 00:01 58644                      /memfd:pipewire-memfd:flags=0x0000000f,type=2,size=32832 (deleted)
7867bc02d000-7867bc02e000 rw-s 00000000 00:01 13314                      /memfd:pipewire-memfd:flags=0x0000000f,type=2,size=2312 (deleted)
7867bc02e000-7867bc02f000 rw-s 00000000 00:01 49795                      /memfd:pipewire-memfd:flags=0x0000000f,type=2,size=2312 (deleted)
7867bc02f000-7867bc030000 rw-s 00000000 00:01 60700                      /memfd:pipewire-memfd:flags=0x0000000f,type=2,size=2312 (deleted)
7867bc030000-7867bc031000 rw-s 00000000 00:01 56677                      /memfd:pipewire-memfd:flags=0x0000000f,type=2,size=4096 (deleted)
7867bc031000-7867bc03a000 rw-s 00000000 00:01 62618                      /memfd:pipewire-memfd:flags=0x0000000f,type=2,size=32832 (deleted)
7867bc03a000-7867bc043000 rw-s 00000000 00:01 62617                      /memfd:pipewire-memfd:flags=0x0000000f,type=2,size=32832 (deleted)
7867bc043000-7867bc044000 rw-s 00000000 00:01 13314                      /memfd:pipewire-memfd:flags=0x0000000f,type=2,size=2312 (deleted)
7867bc044000-7867bc045000 rw-s 00000000 00:01 56676                      /memfd:pipewire-memfd:flags=0x0000000f,type=2,size=2312 (deleted)
7867bc045000-7867bc046000 rw-s 00000000 00:01 57652                      /memfd:pipewire-memfd:flags=0x0000000f,type=2,size=2312 (deleted)
7867bc046000-7867bc047000 rw-s 00000000 00:01 58643                      /memfd:pipewire-memfd:flags=0x0000000f,type=2,size=4096 (deleted)
7867bc047000-7867bc050000 rw-s 00000000 00:01 53684                      /memfd:pipewire-memfd:flags=0x0000000f,type=2,size=32832 (deleted)
7867bc050000-7867bc059000 rw-s 00000000 00:01 53683                      /memfd:pipewire-memfd:flags=0x0000000f,type=2,size=32832 (deleted)
7867bc059000-7867bc05a000 rw-s 00000000 00:01 13314                      /memfd:pipewire-memfd:flags=0x0000000f,type=2,size=2312 (deleted)
7867bc05a000-7867bc05b000 rw-s 00000000 00:01 58642                      /memfd:pipewire-memfd:flags=0x0000000f,type=2,size=2312 (deleted)
7867bc05b000-7867bc05c000 rw-s 00000000 00:01 49794                      /memfd:pipewire-memfd:flags=0x0000000f,type=2,size=2312 (deleted)
7867bc05c000-7867bc05d000 rw-s 00000000 00:01 49791                      /memfd:pipewire-memfd:flags=0x0000000f,type=2,size=4096 (deleted)
7867bc05d000-7867bc066000 rw-s 00000000 00:01 49793                      /memfd:pipewire-memfd:flags=0x0000000f,type=2,size=32832 (deleted)
7867bc066000-7867bc06f000 rw-s 00000000 00:01 49792                      /memfd:pipewire-memfd:flags=0x0000000f,type=2,size=32832 (deleted)
7867bc06f000-7867bc070000 rw-s 00000000 00:01 13314                      /memfd:pipewire-memfd:flags=0x0000000f,type=2,size=2312 (deleted)
7867bc070000-7867bc071000 rw-s 00000000 00:01 49790                      /memfd:pipewire-memfd:flags=0x0000000f,type=2,size=2312 (deleted)
7867bc071000-7867bc072000 rw-s 00000000 00:01 56675                      /memfd:pipewire-memfd:flags=0x0000000f,type=2,size=2312 (deleted)
7867bc072000-7867bc073000 rw-s 00000000 00:01 57651                      /memfd:pipewire-memfd:flags=0x0000000f,type=2,size=4096 (deleted)
7867bc073000-7867bc07c000 rw-s 00000000 00:01 64541                      /memfd:pipewire-memfd:flags=0x0000000f,type=2,size=32832 (deleted)
7867bc07c000-7867bc085000 rw-s 00000000 00:01 64540                      /memfd:pipewire-memfd:flags=0x0000000f,type=2,size=32832 (deleted)
7867bc085000-7867bc086000 rw-s 00000000 00:01 13314                      /memfd:pipewire-memfd:flags=0x0000000f,type=2,size=2312 (deleted)
7867bc086000-7867bc087000 rw-s 00000000 00:01 57650                      /memfd:pipewire-memfd:flags=0x0000000f,type=2,size=2312 (deleted)
7867bc087000-7867bc088000 rw-s 00000000 00:01 64539                      /memfd:pipewire-memfd:flags=0x0000000f,type=2,size=2312 (deleted)
7867bc088000-7867bc089000 rw-s 00000000 00:01 63554                      /memfd:pipewire-memfd:flags=0x0000000f,type=2,size=4096 (deleted)
7867bc089000-7867bc092000 rw-s 00000000 00:01 63556                      /memfd:pipewire-memfd:flags=0x0000000f,type=2,size=32832 (deleted)
7867bc092000-7867bc09b000 rw-s 00000000 00:01 63555                      /memfd:pipewire-memfd:flags=0x0000000f,type=2,size=32832 (deleted)
7867bc09b000-7867bc09c000 rw-s 00000000 00:01 13314                      /memfd:pipewire-memfd:flags=0x0000000f,type=2,size=2312 (deleted)
7867bc09c000-7867bc09d000 rw-s 00000000 00:01 63553                      /memfd:pipewire-memfd:flags=0x0000000f,type=2,size=2312 (deleted)
7867bc09d000-7867bc09e000 rw-s 00000000 00:01 59637                      /memfd:pipewire-memfd:flags=0x0000000f,type=2,size=2312 (deleted)
7867bc09e000-7867bc09f000 rw-s 00000000 00:01 62614                      /memfd:pipewire-memfd:flags=0x0000000f,type=2,size=4096 (deleted)
7867bc09f000-7867bc0a8000 rw-s 00000000 00:01 56674                      /memfd:pipewire-memfd:flags=0x0000000f,type=2,size=32832 (deleted)
7867bc0a8000-7867bc0b1000 rw-s 00000000 00:01 56673                      /memfd:pipewire-memfd:flags=0x0000000f,type=2,size=32832 (deleted)
7867bc0b1000-7867bc0b2000 rw-s 00000000 00:01 13314                      /memfd:pipewire-memfd:flags=0x0000000f,type=2,size=2312 (deleted)
7867bc0b2000-7867bc0b3000 rw-s 00000000 00:01 62613                      /memfd:pipewire-memfd:flags=0x0000000f,type=2,size=2312 (deleted)
7867bc0b3000-7867bc0b4000 rw-s 00000000 00:01 51880                      /memfd:pipewire-memfd:flags=0x0000000f,type=2,size=2312 (deleted)
7867bc0b4000-7867bc0b5000 rw-s 00000000 00:01 55600                      /memfd:pipewire-memfd:flags=0x0000000f,type=2,size=4096 (deleted)
7867bc0b5000-7867bc0be000 rw-s 00000000 00:01 50849                      /memfd:pipewire-memfd:flags=0x0000000f,type=2,size=32832 (deleted)
7867bc0be000-7867bc0c7000 rw-s 00000000 00:01 50848                      /memfd:pipewire-memfd:flags=0x0000000f,type=2,size=32832 (deleted)
7867bc0c7000-7867bc0c8000 rw-s 00000000 00:01 13314                      /memfd:pipewire-memfd:flags=0x0000000f,type=2,size=2312 (deleted)
7867bc0c8000-7867bc0c9000 rw-s 00000000 00:01 55599                      /memfd:pipewire-memfd:flags=0x0000000f,type=2,size=2312 (deleted)
7867bc0c9000-7867bc0ca000 rw-s 00000000 00:01 49783                      /memfd:pipewire-memfd:flags=0x0000000f,type=2,size=2312 (deleted)
7867bc0ca000-7867bc0cb000 rw-s 00000000 00:01 55584                      /memfd:pipewire-memfd:flags=0x0000000f,type=2,size=4096 (deleted)
7867bc0cb000-7867bc0d4000 rw-s 00000000 00:01 55586                      /memfd:pipewire-memfd:flags=0x0000000f,type=2,size=32832 (deleted)
7867bc0d4000-7867bc0dd000 rw-s 00000000 00:01 55585                      /memfd:pipewire-memfd:flags=0x0000000f,type=2,size=32832 (deleted)
7867bc0dd000-7867bc0de000 rw-s 00000000 00:01 13314                      /memfd:pipewire-memfd:flags=0x0000000f,type=2,size=2312 (deleted)
7867bc0de000-7867bc0e7000 rw-s 00000000 00:01 55582                      /memfd:pipewire-memfd:flags=0x0000000f,type=2,size=32832 (deleted)
7867bc0e7000-7867bc0f0000 rw-s 00000000 00:01 55581                      /memfd:pipewire-memfd:flags=0x0000000f,type=2,size=32832 (deleted)
7867bc0f0000-7867bc0f9000 rw-s 00000000 00:01 58639                      /memfd:pipewire-memfd:flags=0x0000000f,type=2,size=32832 (deleted)
7867bc0f9000-7867bc0fd000 ---p 00000000 00:00 0 
7867bc0fd000-7867bc1f9000 rw-p 00000000 00:00 0 
7867bc1f9000-7867bc1fd000 ---p 00000000 00:00 0 
7867bc1fd000-7867bc2f9000 rw-p 00000000 00:00 0 
7867bc2f9000-7867bc2fd000 ---p 00000000 00:00 0 
7867bc2fd000-7867bc3f9000 rw-p 00000000 00:00 0 
7867bc3f9000-7867bc3fd000 ---p 00000000 00:00 0 
7867bc3fd000-7867bc4f9000 rw-p 00000000 00:00 0 
7867bc4f9000-7867bc4fd000 ---p 00000000 00:00 0 
7867bc4fd000-7867bc5f9000 rw-p 00000000 00:00 0 
7867bc5f9000-7867bc5fd000 ---p 00000000 00:00 0 
7867bc5fd000-7867bc6f9000 rw-p 00000000 00:00 0 
7867bc6f9000-7867bc6fd000 ---p 00000000 00:00 0 
7867bc6fd000-7867bc7f9000 rw-p 00000000 00:00 0 
7867bc7f9000-7867bc7fa000 ---p 00000000 00:00 0 
7867bc7fa000-7867bcffa000 rw-p 00000000 00:00 0 
7867bcffa000-7867bcffb000 ---p 00000000 00:00 0 
7867bcffb000-7867bd7fb000 rw-p 00000000 00:00 0 
7867bd7fb000-7867bd7fc000 ---p 00000000 00:00 0 
7867bd7fc000-7867bdffc000 rw-p 00000000 00:00 0 
7867bdffc000-7867bdffd000 ---p 00000000 00:00 0 
7867bdffd000-7867be7fd000 rw-p 00000000 00:00 0 
7867be7fd000-7867be7fe000 ---p 00000000 00:00 0 
7867be7fe000-7867beffe000 rw-p 00000000 00:00 0 
7867beffe000-7867befff000 ---p 00000000 00:00 0 
7867befff000-7867bf7ff000 rw-p 00000000 00:00 0 
7867bf7ff000-7867bf800000 rw-s 00000000 00:01 55583                      /memfd:pipewire-memfd:flags=0x0000000f,type=2,size=2312 (deleted)
7867bf800000-7867bf804000 ---p 00000000 00:00 0 
7867bf804000-7867bf900000 rw-p 00000000 00:00 0 
7867bf900000-7867bf904000 ---p 00000000 00:00 0 
7867bf904000-7867bfa00000 rw-p 00000000 00:00 0 
7867bfa00000-7867bfa04000 ---p 00000000 00:00 0 
7867bfa04000-7867bfb00000 rw-p 00000000 00:00 0 
7867bfb00000-7867bfb04000 ---p 00000000 00:00 0 
7867bfb04000-7867bfc00000 rw-p 00000000 00:00 0 
7867bfc00000-7867bfc04000 ---p 00000000 00:00 0 
7867bfc04000-7867bfd00000 rw-p 00000000 00:00 0 
7867bfd00000-7867bfd04000 ---p 00000000 00:00 0 
7867bfd04000-7867bfe00000 rw-p 00000000 00:00 0 
7867bfe00000-7867bfe04000 ---p 00000000 00:00 0 
7867bfe04000-7867bff00000 rw-p 00000000 00:00 0 
7867bff00000-7867bff04000 ---p 00000000 00:00 0 
7867bff04000-7867c0000000 rw-p 00000000 00:00 0 
7867c0000000-7867c022c000 rw-p 00000000 00:00 0 
7867c022c000-7867c4000000 ---p 00000000 00:00 0 
7867c4000000-7867c41ef000 rw-p 00000000 00:00 0 
7867c41ef000-7867c8000000 ---p 00000000 00:00 0 
7867c8000000-7867c82bf000 rw-p 00000000 00:00 0 
7867c82bf000-7867cc000000 ---p 00000000 00:00 0 
7867cc000000-7867cc2ff000 rw-p 00000000 00:00 0 
7867cc2ff000-7867d0000000 ---p 00000000 00:00 0 
7867d0000000-7867d024f000 rw-p 00000000 00:00 0 
7867d024f000-7867d4000000 ---p 00000000 00:00 0 
7867d4000000-7867d425e000 rw-p 00000000 00:00 0 
7867d425e000-7867d8000000 ---p 00000000 00:00 0 
7867d8000000-7867d823c000 rw-p 00000000 00:00 0 
7867d823c000-7867dc000000 ---p 00000000 00:00 0 
7867dc000000-7867dc001000 rw-s 00000000 00:01 63552                      /memfd:pipewire-memfd:flags=0x0000000f,type=2,size=2312 (deleted)
7867dc001000-7867dc002000 rw-s 00000000 00:01 49780                      /memfd:pipewire-memfd:flags=0x0000000f,type=2,size=4096 (deleted)
7867dc002000-7867dc003000 rw-s 00000000 00:01 13314                      /memfd:pipewire-memfd:flags=0x0000000f,type=2,size=2312 (deleted)
7867dc003000-7867dc004000 rw-s 00000000 00:01 55580                      /memfd:pipewire-memfd:flags=0x0000000f,type=2,size=2312 (deleted)
7867dc004000-7867dc005000 rw-s 00000000 00:01 51877                      /memfd:pipewire-memfd:flags=0x0000000f,type=2,size=2312 (deleted)
7867dc005000-7867dc006000 rw-s 00000000 00:01 56670                      /memfd:pipewire-memfd:flags=0x0000000f,type=2,size=4096 (deleted)
7867dc006000-7867dc00f000 rw-s 00000000 00:01 58638                      /memfd:pipewire-memfd:flags=0x0000000f,type=2,size=32832 (deleted)
7867dc00f000-7867dc010000 rw-s 00000000 00:01 13314                      /memfd:pipewire-memfd:flags=0x0000000f,type=2,size=2312 (deleted)
7867dc010000-7867dc011000 rw-s 00000000 00:01 56669                      /memfd:pipewire-memfd:flags=0x0000000f,type=2,size=2312 (deleted)
7867dc011000-7867dc012000 rw-s 00000000 00:01 51876                      /memfd:pipewire-memfd:flags=0x0000000f,type=2,size=2312 (deleted)
7867dc012000-7867dc013000 rw-s 00000000 00:01 53676                      /memfd:pipewire-memfd:flags=0x0000000f,type=2,size=4096 (deleted)
7867dc013000-7867dc01c000 rw-s 00000000 00:01 53678                      /memfd:pipewire-memfd:flags=0x0000000f,type=2,size=32832 (deleted)
7867dc01c000-7867dc025000 rw-s 00000000 00:01 53677                      /memfd:pipewire-memfd:flags=0x0000000f,type=2,size=32832 (deleted)
7867dc025000-7867dc026000 rw-s 00000000 00:01 13314                      /memfd:pipewire-memfd:flags=0x0000000f,type=2,size=2312 (deleted)
7867dc026000-7867dc027000 rw-s 00000000 00:01 53675                      /memfd:pipewire-memfd:flags=0x0000000f,type=2,size=2312 (deleted)
7867dc027000-7867dc028000 rw-s 00000000 00:01 52597                      /memfd:pipewire-memfd:flags=0x0000000f,type=2,size=2312 (deleted)
7867dc028000-7867dc029000 rw-s 00000000 00:01 53672                      /memfd:pipewire-memfd:flags=0x0000000f,type=2,size=4096 (deleted)
7867dc029000-7867dc032000 rw-s 00000000 00:01 53674                      /memfd:pipewire-memfd:flags=0x0000000f,type=2,size=32832 (deleted)
7867dc032000-7867dc03b000 rw-s 00000000 00:01 53673                      /memfd:pipewire-memfd:flags=0x0000000f,type=2,size=32832 (deleted)
7867dc03b000-7867dc03c000 rw-s 00000000 00:01 13314                      /memfd:pipewire-memfd:flags=0x0000000f,type=2,size=2312 (deleted)
7867dc03c000-7867dc03d000 rw-s 00000000 00:01 53671                      /memfd:pipewire-memfd:flags=0x0000000f,type=2,size=2312 (deleted)
7867dc03d000-7867dc03e000 rw-s 00000000 00:01 49779                      /memfd:pipewire-memfd:flags=0x0000000f,type=2,size=2312 (deleted)
7867dc03e000-7867dc03f000 rw-s 00000000 00:01 54679                      /memfd:pipewire-memfd:flags=0x0000000f,type=2,size=4096 (deleted)
7867dc03f000-7867dc048000 rw-s 00000000 00:01 54681                      /memfd:pipewire-memfd:flags=0x0000000f,type=2,size=32832 (deleted)
7867dc048000-7867dc051000 rw-s 00000000 00:01 54680                      /memfd:pipewire-memfd:flags=0x0000000f,type=2,size=32832 (deleted)
7867dc051000-7867dc052000 rw-s 00000000 00:01 13314                      /memfd:pipewire-memfd:flags=0x0000000f,type=2,size=2312 (deleted)
7867dc052000-7867dc053000 rw-s 00000000 00:01 54678                      /memfd:pipewire-memfd:flags=0x0000000f,type=2,size=2312 (deleted)
7867dc053000-7867dc054000 rw-s 00000000 00:01 60687                      /memfd:pipewire-memfd:flags=0x0000000f,type=2,size=2312 (deleted)
7867dc054000-7867dc055000 rw-s 00000000 00:01 54677                      /memfd:pipewire-memfd:flags=0x0000000f,type=2,size=4096 (deleted)
7867dc055000-7867dc05e000 rw-s 00000000 00:01 61615                      /memfd:pipewire-memfd:flags=0x0000000f,type=2,size=32832 (deleted)
7867dc05e000-7867dc067000 rw-s 00000000 00:01 61614                      /memfd:pipewire-memfd:flags=0x0000000f,type=2,size=32832 (deleted)
7867dc067000-7867dc068000 rw-s 00000000 00:01 13314                      /memfd:pipewire-memfd:flags=0x0000000f,type=2,size=2312 (deleted)
7867dc068000-7867dc069000 rw-s 00000000 00:01 54676                      /memfd:pipewire-memfd:flags=0x0000000f,type=2,size=2312 (deleted)
7867dc069000-7867dc06a000 rw-s 00000000 00:01 63544                      /memfd:pipewire-memfd:flags=0x0000000f,type=2,size=2312 (deleted)
7867dc06a000-7867dc06b000 rw-s 00000000 00:01 50831                      /memfd:pipewire-memfd:flags=0x0000000f,type=2,size=4096 (deleted)
7867dc06b000-7867dc074000 rw-s 00000000 00:01 50833                      /memfd:pipewire-memfd:flags=0x0000000f,type=2,size=32832 (deleted)
7867dc074000-7867dc07d000 rw-s 00000000 00:01 50832                      /memfd:pipewire-memfd:flags=0x0000000f,type=2,size=32832 (deleted)
7867dc07d000-7867dc07e000 rw-s 00000000 00:01 13314                      /memfd:pipewire-memfd:flags=0x0000000f,type=2,size=2312 (deleted)
7867dc07e000-7867dc07f000 rw-s 00000000 00:01 50830                      /memfd:pipewire-memfd:flags=0x0000000f,type=2,size=2312 (deleted)
7867dc07f000-7867dc080000 rw-s 00000000 00:01 60686                      /memfd:pipewire-memfd:flags=0x0000000f,type=2,size=2312 (deleted)
7867dc080000-7867dc081000 rw-s 00000000 00:01 62591                      /memfd:pipewire-memfd:flags=0x0000000f,type=2,size=4096 (deleted)
7867dc081000-7867dc08a000 rw-s 00000000 00:01 62593                      /memfd:pipewire-memfd:flags=0x0000000f,type=2,size=32832 (deleted)
7867dc08a000-7867dc093000 rw-s 00000000 00:01 62592                      /memfd:pipewire-memfd:flags=0x0000000f,type=2,size=32832 (deleted)
7867dc093000-7867dc094000 rw-s 00000000 00:01 13314                      /memfd:pipewire-memfd:flags=0x0000000f,type=2,size=2312 (deleted)
7867dc094000-7867dc095000 rw-s 00000000 00:01 62590                      /memfd:pipewire-memfd:flags=0x0000000f,type=2,size=2312 (deleted)
7867dc095000-7867dc096000 rw-s 00000000 00:01 58618                      /memfd:pipewire-memfd:flags=0x0000000f,type=2,size=2312 (deleted)
7867dc096000-7867dc097000 rw-s 00000000 00:01 52609                      /memfd:pipewire-memfd:flags=0x0000000f,type=2,size=4096 (deleted)
7867dc097000-7867dc0a0000 rw-s 00000000 00:01 59643                      /memfd:pipewire-memfd:flags=0x0000000f,type=2,size=32832 (deleted)
7867dc0a0000-7867dc0a9000 rw-s 00000000 00:01 59642                      /memfd:pipewire-memfd:flags=0x0000000f,type=2,size=32832 (deleted)
7867dc0a9000-7867dc0aa000 rw-s 00000000 00:01 13314                      /memfd:pipewire-memfd:flags=0x0000000f,type=2,size=2312 (deleted)
7867dc0aa000-7867dc0ab000 rw-s 00000000 00:01 52608                      /memfd:pipewire-memfd:flags=0x0000000f,type=2,size=2312 (deleted)
7867dc0ab000-7867dc0ac000 rw-s 00000000 00:01 58646                      /memfd:pipewire-memfd:flags=0x0000000f,type=2,size=2312 (deleted)
7867dc0d5000-7867dc0de000 rw-s 00000000 00:01 54697                      /memfd:pipewire-memfd:flags=0x0000000f,type=2,size=32832 (deleted)
7867dc0de000-7867dc0e7000 rw-s 00000000 00:01 54696                      /memfd:pipewire-memfd:flags=0x0000000f,type=2,size=32832 (deleted)
7867dc0f9000-7867dc0fd000 ---p 00000000 00:00 0 
7867dc0fd000-7867dc1f9000 rw-p 00000000 00:00 0 
7867dc1f9000-7867dc1fd000 ---p 00000000 00:00 0 
7867dc1fd000-7867dc2f9000 rw-p 00000000 00:00 0 
7867dc2f9000-7867dc2fd000 ---p 00000000 00:00 0 
7867dc2fd000-7867dc3f9000 rw-p 00000000 00:00 0 
7867dc3fa000-7867dc3fe000 ---p 00000000 00:00 0 
7867dc3fe000-7867dc4fa000 rw-p 00000000 00:00 0 
7867dc4fa000-7867dc4fe000 ---p 00000000 00:00 0 
7867dc4fe000-7867dc5fa000 rw-p 00000000 00:00 0 
7867dc5fa000-7867dc5fe000 ---p 00000000 00:00 0 
7867dc5fe000-7867dc6fa000 rw-p 00000000 00:00 0 
7867dc6fa000-7867dc6fe000 ---p 00000000 00:00 0 
7867dc6fe000-7867dc7fa000 rw-p 00000000 00:00 0 
7867dc7fa000-7867dc7fb000 ---p 00000000 00:00 0 
7867dc7fb000-7867dcffb000 rw-p 00000000 00:00 0 
7867dcffb000-7867dcffc000 ---p 00000000 00:00 0 
7867dcffc000-7867dd7fc000 rw-p 00000000 00:00 0 
7867dd7fc000-7867dd7fd000 ---p 00000000 00:00 0 
7867dd7fd000-7867ddffd000 rw-p 00000000 00:00 0 
7867ddffd000-7867ddffe000 ---p 00000000 00:00 0 
7867ddffe000-7867de7fe000 rw-p 00000000 00:00 0 
7867de7fe000-7867de7ff000 ---p 00000000 00:00 0 
7867de7ff000-7867defff000 rw-p 00000000 00:00 0 
7867defff000-7867df000000 ---p 00000000 00:00 0 
7867df000000-7867df800000 rw-p 00000000 00:00 0 
7867df800000-7867df804000 ---p 00000000 00:00 0 
7867df804000-7867df900000 rw-p 00000000 00:00 0 
7867df900000-7867df904000 ---p 00000000 00:00 0 
7867df904000-7867dfa00000 rw-p 00000000 00:00 0 
7867dfa00000-7867dfa04000 ---p 00000000 00:00 0 
7867dfa04000-7867dfb00000 rw-p 00000000 00:00 0 
7867dfb00000-7867dfb04000 ---p 00000000 00:00 0 
7867dfb04000-7867dfc00000 rw-p 00000000 00:00 0 
7867dfc00000-7867dfc04000 ---p 00000000 00:00 0 
7867dfc04000-7867dfd00000 rw-p 00000000 00:00 0 
7867dfd00000-7867dfd04000 ---p 00000000 00:00 0 
7867dfd04000-7867dfe00000 rw-p 00000000 00:00 0 
7867dfe00000-7867dfe04000 ---p 00000000 00:00 0 
7867dfe04000-7867dff00000 rw-p 00000000 00:00 0 
7867dff00000-7867dff04000 ---p 00000000 00:00 0 
7867dff04000-7867e0000000 rw-p 00000000 00:00 0 
7867e0000000-7867e02cd000 rw-p 00000000 00:00 0 
7867e02cd000-7867e4000000 ---p 00000000 00:00 0 
7867e4000000-7867e422a000 rw-p 00000000 00:00 0 
7867e422a000-7867e8000000 ---p 00000000 00:00 0 
7867e8000000-7867e81d6000 rw-p 00000000 00:00 0 
7867e81d6000-7867ec000000 ---p 00000000 00:00 0 
7867ec000000-7867ec270000 rw-p 00000000 00:00 0 
7867ec270000-7867f0000000 ---p 00000000 00:00 0 
7867f0000000-7867f025f000 rw-p 00000000 00:00 0 
7867f025f000-7867f4000000 ---p 00000000 00:00 0 
7867f4000000-7867f41f0000 rw-p 00000000 00:00 0 
7867f41f0000-7867f8000000 ---p 00000000 00:00 0 
7867f8000000-7867f8202000 rw-p 00000000 00:00 0 
7867f8202000-7867fc000000 ---p 00000000 00:00 0 
7867fc000000-7867fc28e000 rw-p 00000000 00:00 0 
7867fc28e000-786800000000 ---p 00000000 00:00 0 
786800000000-786800293000 rw-p 00000000 00:00 0 
786800293000-786804000000 ---p 00000000 00:00 0 
786804000000-786804211000 rw-p 00000000 00:00 0 
786804211000-786808000000 ---p 00000000 00:00 0 
786808000000-7868081df000 rw-p 00000000 00:00 0 
7868081df000-78680c000000 ---p 00000000 00:00 0 
78680c000000-78680c730000 rw-p 00000000 00:00 0 
78680c730000-786810000000 ---p 00000000 00:00 0 
786810002000-786810003000 rw-s 00000000 00:01 54695                      /memfd:pipewire-memfd:flags=0x0000000f,type=2,size=4096 (deleted)
786810003000-786810004000 rw-s 00000000 00:01 13314                      /memfd:pipewire-memfd:flags=0x0000000f,type=2,size=2312 (deleted)
786810004000-786810005000 rw-s 00000000 00:01 54694                      /memfd:pipewire-memfd:flags=0x0000000f,type=2,size=2312 (deleted)
786810005000-786810006000 rw-s 00000000 00:01 55605                      /memfd:pipewire-memfd:flags=0x0000000f,type=2,size=2312 (deleted)
78681000a000-78681000b000 rw-s 00000000 00:01 63547                      /memfd:pipewire-memfd:flags=0x0000000f,type=2,size=4096 (deleted)
78681000b000-786810014000 rw-s 00000000 00:01 56659                      /memfd:pipewire-memfd:flags=0x0000000f,type=2,size=32832 (deleted)
786810014000-78681001d000 rw-s 00000000 00:01 56658                      /memfd:pipewire-memfd:flags=0x0000000f,type=2,size=32832 (deleted)
78681001d000-78681001e000 rw-s 00000000 00:01 13314                      /memfd:pipewire-memfd:flags=0x0000000f,type=2,size=2312 (deleted)
78681001e000-78681001f000 rw-s 00000000 00:01 63546                      /memfd:pipewire-memfd:flags=0x0000000f,type=2,size=2312 (deleted)
78681001f000-786810020000 rw-s 00000000 00:01 64530                      /memfd:pipewire-memfd:flags=0x0000000f,type=2,size=2312 (deleted)
786810020000-786810021000 rw-s 00000000 00:01 61617                      /memfd:pipewire-memfd:flags=0x0000000f,type=2,size=4096 (deleted)
786810021000-78681002a000 rw-s 00000000 00:01 59627                      /memfd:pipewire-memfd:flags=0x0000000f,type=2,size=32832 (deleted)
78681002a000-786810033000 rw-s 00000000 00:01 59626                      /memfd:pipewire-memfd:flags=0x0000000f,type=2,size=32832 (deleted)
786810033000-786810034000 rw-s 00000000 00:01 13314                      /memfd:pipewire-memfd:flags=0x0000000f,type=2,size=2312 (deleted)
786810034000-786810035000 rw-s 00000000 00:01 61616                      /memfd:pipewire-memfd:flags=0x0000000f,type=2,size=2312 (deleted)
786810035000-786810036000 rw-s 00000000 00:01 56666                      /memfd:pipewire-memfd:flags=0x0000000f,type=2,size=2312 (deleted)
786810036000-786810037000 rw-s 00000000 00:01 56665                      /memfd:pipewire-memfd:flags=0x0000000f,type=2,size=4096 (deleted)
786810037000-786810040000 rw-s 00000000 00:01 55574                      /memfd:pipewire-memfd:flags=0x0000000f,type=2,size=32832 (deleted)
786810040000-786810049000 rw-s 00000000 00:01 55573                      /memfd:pipewire-memfd:flags=0x0000000f,type=2,size=32832 (deleted)
786810049000-78681004a000 rw-s 00000000 00:01 13314                      /memfd:pipewire-memfd:flags=0x0000000f,type=2,size=2312 (deleted)
78681004a000-78681004b000 rw-s 00000000 00:01 56664                      /memfd:pipewire-memfd:flags=0x0000000f,type=2,size=2312 (deleted)
78681004b000-78681004c000 rw-s 00000000 00:01 53669                      /memfd:pipewire-memfd:flags=0x0000000f,type=2,size=2312 (deleted)
78681004c000-78681004d000 rw-s 00000000 00:01 63549                      /memfd:pipewire-memfd:flags=0x0000000f,type=2,size=4096 (deleted)
78681004d000-786810056000 rw-s 00000000 00:01 51864                      /memfd:pipewire-memfd:flags=0x0000000f,type=2,size=32832 (deleted)
786810056000-78681005f000 rw-s 00000000 00:01 51863                      /memfd:pipewire-memfd:flags=0x0000000f,type=2,size=32832 (deleted)
78681005f000-786810060000 rw-s 00000000 00:01 13314                      /memfd:pipewire-memfd:flags=0x0000000f,type=2,size=2312 (deleted)
786810060000-786810061000 rw-s 00000000 00:01 63548                      /memfd:pipewire-memfd:flags=0x0000000f,type=2,size=2312 (deleted)
786810061000-786810062000 rw-s 00000000 00:01 57639                      /memfd:pipewire-memfd:flags=0x0000000f,type=2,size=2312 (deleted)
786810062000-786810063000 rw-s 00000000 00:01 51869                      /memfd:pipewire-memfd:flags=0x0000000f,type=2,size=4096 (deleted)
786810063000-78681006c000 rw-s 00000000 00:01 59629                      /memfd:pipewire-memfd:flags=0x0000000f,type=2,size=32832 (deleted)
78681006c000-786810075000 rw-s 00000000 00:01 59628                      /memfd:pipewire-memfd:flags=0x0000000f,type=2,size=32832 (deleted)
786810075000-786810076000 rw-s 00000000 00:01 13314                      /memfd:pipewire-memfd:flags=0x0000000f,type=2,size=2312 (deleted)
786810076000-786810077000 rw-s 00000000 00:01 51868                      /memfd:pipewire-memfd:flags=0x0000000f,type=2,size=2312 (deleted)
786810077000-786810078000 rw-s 00000000 00:01 49773                      /memfd:pipewire-memfd:flags=0x0000000f,type=2,size=2312 (deleted)
786810078000-786810079000 rw-s 00000000 00:01 51871                      /memfd:pipewire-memfd:flags=0x0000000f,type=2,size=4096 (deleted)
786810079000-786810082000 rw-s 00000000 00:01 50845                      /memfd:pipewire-memfd:flags=0x0000000f,type=2,size=32832 (deleted)
786810082000-78681008b000 rw-s 00000000 00:01 50844                      /memfd:pipewire-memfd:flags=0x0000000f,type=2,size=32832 (deleted)
78681008b000-78681008c000 rw-s 00000000 00:01 13314                      /memfd:pipewire-memfd:flags=0x0000000f,type=2,size=2312 (deleted)
78681008c000-78681008d000 rw-s 00000000 00:01 51870                      /memfd:pipewire-memfd:flags=0x0000000f,type=2,size=2312 (deleted)
78681008d000-78681008e000 rw-s 00000000 00:01 58631                      /memfd:pipewire-memfd:flags=0x0000000f,type=2,size=2312 (deleted)
78681008e000-78681008f000 rw-s 00000000 00:01 58633                      /memfd:pipewire-memfd:flags=0x0000000f,type=2,size=4096 (deleted)
78681008f000-786810098000 rw-s 00000000 00:01 58635                      /memfd:pipewire-memfd:flags=0x0000000f,type=2,size=32832 (deleted)
786810098000-7868100a1000 rw-s 00000000 00:01 58634                      /memfd:pipewire-memfd:flags=0x0000000f,type=2,size=32832 (deleted)
7868100a1000-7868100a2000 rw-s 00000000 00:01 13314                      /memfd:pipewire-memfd:flags=0x0000000f,type=2,size=2312 (deleted)
7868100a2000-7868100a3000 rw-s 00000000 00:01 58632                      /memfd:pipewire-memfd:flags=0x0000000f,type=2,size=2312 (deleted)
7868100a3000-7868100a4000 rw-s 00000000 00:01 64531                      /memfd:pipewire-memfd:flags=0x0000000f,type=2,size=2312 (deleted)
7868100a4000-7868100a8000 ---p 00000000 00:00 0 
7868100a8000-7868101a4000 rw-p 00000000 00:00 0 
7868101a4000-7868101a5000 ---p 00000000 00:00 0 
7868101a5000-7868102a5000 rw-p 00000000 00:00 0 
7868102a5000-7868102a6000 ---p 00000000 00:00 0 
7868102a6000-7868103a6000 rw-p 00000000 00:00 0 
7868103a6000-7868103a7000 rw-s 00000000 00:01 60696                      /memfd:pipewire-memfd:flags=0x0000000f,type=2,size=4096 (deleted)
7868103a7000-7868103b0000 rw-s 00000000 00:01 52599                      /memfd:pipewire-memfd:flags=0x0000000f,type=2,size=32832 (deleted)
7868103b0000-7868103b9000 rw-s 00000000 00:01 52598                      /memfd:pipewire-memfd:flags=0x0000000f,type=2,size=32832 (deleted)
7868103b9000-7868103ba000 rw-s 00000000 00:01 13314                      /memfd:pipewire-memfd:flags=0x0000000f,type=2,size=2312 (deleted)
7868103ba000-7868103bb000 rw-s 00000000 00:01 60695                      /memfd:pipewire-memfd:flags=0x0000000f,type=2,size=2312 (deleted)
7868103bb000-7868103bc000 rw-s 00000000 00:01 59633                      /memfd:pipewire-memfd:flags=0x0000000f,type=2,size=2312 (deleted)
7868103bc000-7868103bd000 rw-s 00000000 00:01 60692                      /memfd:pipewire-memfd:flags=0x0000000f,type=2,size=4096 (deleted)
7868103bd000-7868103c6000 rw-s 00000000 00:01 56657                      /memfd:pipewire-memfd:flags=0x0000000f,type=2,size=32832 (deleted)
7868103c6000-7868103cf000 rw-s 00000000 00:01 56656                      /memfd:pipewire-memfd:flags=0x0000000f,type=2,size=32832 (deleted)
7868103cf000-7868103d0000 rw-s 00000000 00:01 13314                      /memfd:pipewire-memfd:flags=0x0000000f,type=2,size=2312 (deleted)
7868103d0000-7868103d1000 rw-s 00000000 00:01 60691                      /memfd:pipewire-memfd:flags=0x0000000f,type=2,size=2312 (deleted)
7868103d1000-7868103d2000 rw-s 00000000 00:01 56655                      /memfd:pipewire-memfd:flags=0x0000000f,type=2,size=2312 (deleted)
7868103d2000-7868103db000 rw-s 00000000 00:01 56654                      /memfd:pipewire-memfd:flags=0x0000000f,type=2,size=32832 (deleted)
7868103db000-7868103e4000 rw-s 00000000 00:01 56653                      /memfd:pipewire-memfd:flags=0x0000000f,type=2,size=32832 (deleted)
7868103e4000-7868103ed000 rw-s 00000000 00:01 54683                      /memfd:pipewire-memfd:flags=0x0000000f,type=2,size=32832 (deleted)
7868103ed000-7868103f6000 rw-s 00000000 00:01 54682                      /memfd:pipewire-memfd:flags=0x0000000f,type=2,size=32832 (deleted)
7868103f6000-7868103fa000 ---p 00000000 00:00 0 
7868103fa000-7868104f6000 rw-p 00000000 00:00 0 
7868104f6000-7868104f7000 ---p 00000000 00:00 0 
7868104f7000-7868105f7000 rw-p 00000000 00:00 0 
7868105f7000-7868105f8000 ---p 00000000 00:00 0 
7868105f8000-7868106f8000 rw-p 00000000 00:00 0 
7868106f8000-7868106f9000 rw-s 00000000 00:01 58628                      /memfd:pipewire-memfd:flags=0x0000000f,type=2,size=4096 (deleted)
7868106f9000-7868106fa000 rw-s 00000000 00:01 13314                      /memfd:pipewire-memfd:flags=0x0000000f,type=2,size=2312 (deleted)
7868106fa000-7868106fb000 rw-s 00000000 00:01 58627                      /memfd:pipewire-memfd:flags=0x0000000f,type=2,size=2312 (deleted)
7868106fb000-7868106ff000 ---p 00000000 00:00 0 
7868106ff000-7868107fb000 rw-p 00000000 00:00 0 
7868107fb000-7868107ff000 ---p 00000000 00:00 0 
7868107ff000-7868108fb000 rw-p 00000000 00:00 0 
7868108fb000-7868108ff000 ---p 00000000 00:00 0 
7868108ff000-7868109fb000 rw-p 00000000 00:00 0 
7868109fb000-7868109ff000 ---p 00000000 00:00 0 
7868109ff000-786810afb000 rw-p 00000000 00:00 0 
786810afb000-786810aff000 ---p 00000000 00:00 0 
786810aff000-786810bfb000 rw-p 00000000 00:00 0 
786810bfb000-786810bff000 ---p 00000000 00:00 0 
786810bff000-786810cfb000 rw-p 00000000 00:00 0 
786810cfb000-786810cfc000 rw-s 00000000 00:01 55570                      /memfd:pipewire-memfd:flags=0x0000000f,type=2,size=2312 (deleted)
786810cfc000-786810d00000 ---p 00000000 00:00 0 
786810d00000-786810dfc000 rw-p 00000000 00:00 0 
786810dfc000-786810e00000 ---p 00000000 00:00 0 
786810e00000-786810efc000 rw-p 00000000 00:00 0 
786810f98000-786810fa1000 rw-s 00000000 00:01 49825                      /memfd:pipewire-memfd:flags=0x0000000f,type=2,size=32832 (deleted)
786810fa1000-786810fa2000 rw-s 00000000 00:01 13314                      /memfd:pipewire-memfd:flags=0x0000000f,type=2,size=2312 (deleted)
786810fa2000-786810fa3000 rw-s 00000000 00:01 58657                      /memfd:pipewire-memfd:flags=0x0000000f,type=2,size=2312 (deleted)
786810fa3000-786810fa4000 rw-s 00000000 00:01 64562                      /memfd:pipewire-memfd:flags=0x0000000f,type=2,size=2312 (deleted)
786810fa4000-786810fa5000 rw-s 00000000 00:01 55608                      /memfd:pipewire-memfd:flags=0x0000000f,type=2,size=4096 (deleted)
786810fa5000-786810fae000 rw-s 00000000 00:01 54699                      /memfd:pipewire-memfd:flags=0x0000000f,type=2,size=32832 (deleted)
786810fae000-786810fb7000 rw-s 00000000 00:01 54698                      /memfd:pipewire-memfd:flags=0x0000000f,type=2,size=32832 (deleted)
786810fb7000-786810fb8000 rw-s 00000000 00:01 13314                      /memfd:pipewire-memfd:flags=0x0000000f,type=2,size=2312 (deleted)
786810fb8000-786810fb9000 rw-s 00000000 00:01 55607                      /memfd:pipewire-memfd:flags=0x0000000f,type=2,size=2312 (deleted)
786810fb9000-786810fba000 rw-s 00000000 00:01 59665                      /memfd:pipewire-memfd:flags=0x0000000f,type=2,size=2312 (deleted)
786810fba000-786810fbb000 rw-s 00000000 00:01 63576                      /memfd:pipewire-memfd:flags=0x0000000f,type=2,size=4096 (deleted)
786810fbb000-786810fc4000 rw-s 00000000 00:01 50857                      /memfd:pipewire-memfd:flags=0x0000000f,type=2,size=32832 (deleted)
786810fc4000-786810fcd000 rw-s 00000000 00:01 50856                      /memfd:pipewire-memfd:flags=0x0000000f,type=2,size=32832 (deleted)
786810fcd000-786810fce000 rw-s 00000000 00:01 13314                      /memfd:pipewire-memfd:flags=0x0000000f,type=2,size=2312 (deleted)
786810fce000-786810fcf000 rw-s 00000000 00:01 63575                      /memfd:pipewire-memfd:flags=0x0000000f,type=2,size=2312 (deleted)
786810fcf000-786810fd0000 rw-s 00000000 00:01 55606                      /memfd:pipewire-memfd:flags=0x0000000f,type=2,size=2312 (deleted)
786810fd0000-786810fd1000 rw-s 00000000 00:01 63572                      /memfd:pipewire-memfd:flags=0x0000000f,type=2,size=4096 (deleted)
786810fd1000-786810fda000 rw-s 00000000 00:01 63574                      /memfd:pipewire-memfd:flags=0x0000000f,type=2,size=32832 (deleted)
786810fda000-786810fe3000 rw-s 00000000 00:01 63573                      /memfd:pipewire-memfd:flags=0x0000000f,type=2,size=32832 (deleted)
786810fe3000-786810fe4000 rw-s 00000000 00:01 13314                      /memfd:pipewire-memfd:flags=0x0000000f,type=2,size=2312 (deleted)
786810fe4000-786810fe5000 rw-s 00000000 00:01 63571                      /memfd:pipewire-memfd:flags=0x0000000f,type=2,size=2312 (deleted)
786810fe5000-786810fe6000 rw-s 00000000 00:01 64556                      /memfd:pipewire-memfd:flags=0x0000000f,type=2,size=2312 (deleted)
786810fe6000-786810fe7000 rw-s 00000000 00:01 49807                      /memfd:pipewire-memfd:flags=0x0000000f,type=2,size=4096 (deleted)
786810fe7000-786810ff0000 rw-s 00000000 00:01 61631                      /memfd:pipewire-memfd:flags=0x0000000f,type=2,size=32832 (deleted)
786810ff0000-786810ff9000 rw-s 00000000 00:01 61630                      /memfd:pipewire-memfd:flags=0x0000000f,type=2,size=32832 (deleted)
786810ff9000-786810ffa000 rw-s 00000000 00:01 13314                      /memfd:pipewire-memfd:flags=0x0000000f,type=2,size=2312 (deleted)
786810ffa000-786810ffb000 rw-s 00000000 00:01 49806                      /memfd:pipewire-memfd:flags=0x0000000f,type=2,size=2312 (deleted)
786810ffb000-786810ffc000 rw-s 00000000 00:01 64555                      /memfd:pipewire-memfd:flags=0x0000000f,type=2,size=2312 (deleted)
786810ffc000-786811000000 ---p 00000000 00:00 0 
786811000000-7868110fc000 rw-p 00000000 00:00 0 
7868110fc000-786811100000 ---p 00000000 00:00 0 
786811100000-7868111fc000 rw-p 00000000 00:00 0 
7868111fc000-786811200000 ---p 00000000 00:00 0 
786811200000-7868112fc000 rw-p 00000000 00:00 0 
7868112fc000-786811300000 ---p 00000000 00:00 0 
786811300000-7868113fc000 rw-p 00000000 00:00 0 
7868113fc000-786811400000 ---p 00000000 00:00 0 
786811400000-7868114fc000 rw-p 00000000 00:00 0 
7868114fc000-786811500000 ---p 00000000 00:00 0 
786811500000-7868115fc000 rw-p 00000000 00:00 0 
7868115fc000-786811600000 ---p 00000000 00:00 0 
786811600000-7868116fc000 rw-p 00000000 00:00 0 
7868116fc000-7868116fd000 ---p 00000000 00:00 0 
7868116fd000-786811efd000 rw-p 00000000 00:00 0 
786811efd000-786811f01000 ---p 00000000 00:00 0 
786811f01000-786811ffd000 rw-p 00000000 00:00 0 
786811ffd000-786812001000 ---p 00000000 00:00 0 
786812001000-7868120fd000 rw-p 00000000 00:00 0 
7868120fd000-786812101000 ---p 00000000 00:00 0 
786812101000-7868121fd000 rw-p 00000000 00:00 0 
7868121fd000-7868121fe000 ---p 00000000 00:00 0 
7868121fe000-7868129fe000 rw-p 00000000 00:00 0 
7868129fe000-786812a02000 ---p 00000000 00:00 0 
786812a02000-786812afe000 rw-p 00000000 00:00 0 
786812afe000-786812b02000 ---p 00000000 00:00 0 
786812b02000-786812bfe000 rw-p 00000000 00:00 0 
786812bfe000-786812c02000 ---p 00000000 00:00 0 
786812c02000-786812cfe000 rw-p 00000000 00:00 0 
786812cfe000-786812d02000 ---p 00000000 00:00 0 
786812d02000-786812dfe000 rw-p 00000000 00:00 0 
786812dfe000-786812e02000 ---p 00000000 00:00 0 
786812e02000-786812efe000 rw-p 00000000 00:00 0 
786812efe000-786812f02000 ---p 00000000 00:00 0 
786812f02000-786812ffe000 rw-p 00000000 00:00 0 
786812ffe000-786813002000 ---p 00000000 00:00 0 
786813002000-7868130fe000 rw-p 00000000 00:00 0 
7868130fe000-786813102000 ---p 00000000 00:00 0 
786813102000-7868131fe000 rw-p 00000000 00:00 0 
7868131fe000-786813202000 ---p 00000000 00:00 0 
786813202000-7868132fe000 rw-p 00000000 00:00 0 
7868132fe000-786813302000 ---p 00000000 00:00 0 
786813302000-7868133fe000 rw-p 00000000 00:00 0 
7868133fe000-786813402000 ---p 00000000 00:00 0 
786813402000-7868134fe000 rw-p 00000000 00:00 0 
7868134fe000-786813502000 ---p 00000000 00:00 0 
786813502000-7868135fe000 rw-p 00000000 00:00 0 
7868135fe000-786813602000 ---p 00000000 00:00 0 
786813602000-7868136fe000 rw-p 00000000 00:00 0 
7868136fe000-7868136ff000 ---p 00000000 00:00 0 
7868136ff000-7868137ff000 rw-p 00000000 00:00 0 
7868137ff000-786813800000 rw-s 00000000 00:01 58626                      /memfd:pipewire-memfd:flags=0x0000000f,type=2,size=4096 (deleted)
786813800000-786813804000 ---p 00000000 00:00 0 
786813804000-786813900000 rw-p 00000000 00:00 0 
786813900000-786813904000 ---p 00000000 00:00 0 
786813904000-786813a00000 rw-p 00000000 00:00 0 
786813a00000-786813a04000 ---p 00000000 00:00 0 
786813a04000-786813b00000 rw-p 00000000 00:00 0 
786813b00000-786813b04000 ---p 00000000 00:00 0 
786813b04000-786813c00000 rw-p 00000000 00:00 0 
786813c00000-786813c04000 ---p 00000000 00:00 0 
786813c04000-786813d00000 rw-p 00000000 00:00 0 
786813d00000-786813d04000 ---p 00000000 00:00 0 
786813d04000-786813e00000 rw-p 00000000 00:00 0 
786813e00000-786813e04000 ---p 00000000 00:00 0 
786813e04000-786813f00000 rw-p 00000000 00:00 0 
786813f00000-786813f04000 ---p 00000000 00:00 0 
786813f04000-786814000000 rw-p 00000000 00:00 0 
786814000000-7868148dd000 rw-p 00000000 00:00 0 
7868148dd000-786818000000 ---p 00000000 00:00 0 
786818000000-786818283000 rw-p 00000000 00:00 0 
786818283000-78681c000000 ---p 00000000 00:00 0 
78681c000000-78681c2a3000 rw-p 00000000 00:00 0 
78681c2a3000-786820000000 ---p 00000000 00:00 0 
786820000000-7868201de000 rw-p 00000000 00:00 0 
7868201de000-786824000000 ---p 00000000 00:00 0 
786824000000-7868241f9000 rw-p 00000000 00:00 0 
7868241f9000-786828000000 ---p 00000000 00:00 0 
786828000000-78682828d000 rw-p 00000000 00:00 0 
78682828d000-78682c000000 ---p 00000000 00:00 0 
78682c000000-78682c242000 rw-p 00000000 00:00 0 
78682c242000-786830000000 ---p 00000000 00:00 0 
786830000000-7868303d5000 rw-p 00000000 00:00 0 
7868303d5000-786834000000 ---p 00000000 00:00 0 
786834000000-786834296000 rw-p 00000000 00:00 0 
786834296000-786838000000 ---p 00000000 00:00 0 
786838000000-7868383df000 rw-p 00000000 00:00 0 
7868383df000-78683c000000 ---p 00000000 00:00 0 
78683c000000-78683c293000 rw-p 00000000 00:00 0 
78683c293000-786840000000 ---p 00000000 00:00 0 
786840000000-786840382000 rw-p 00000000 00:00 0 
786840382000-786844000000 ---p 00000000 00:00 0 
786844000000-7868448a1000 rw-p 00000000 00:00 0 
7868448a1000-786848000000 ---p 00000000 00:00 0 
786848000000-78684824c000 rw-p 00000000 00:00 0 
78684824c000-78684c000000 ---p 00000000 00:00 0 
78684c000000-78684c325000 rw-p 00000000 00:00 0 
78684c325000-786850000000 ---p 00000000 00:00 0 
786850000000-786850188000 rw-p 00000000 00:00 0 
786850188000-786854000000 ---p 00000000 00:00 0 
786854000000-786854235000 rw-p 00000000 00:00 0 
786854235000-786858000000 ---p 00000000 00:00 0 
786858000000-786858385000 rw-p 00000000 00:00 0 
786858385000-78685c000000 ---p 00000000 00:00 0 
78685c000000-78685e1e2000 rw-p 00000000 00:00 0 
78685e1e2000-786860000000 ---p 00000000 00:00 0 
786860000000-786860572000 rw-p 00000000 00:00 0 
786860572000-786864000000 ---p 00000000 00:00 0 
786864000000-78686425a000 rw-p 00000000 00:00 0 
78686425a000-786868000000 ---p 00000000 00:00 0 
786868000000-7868682b9000 rw-p 00000000 00:00 0 
7868682b9000-78686c000000 ---p 00000000 00:00 0 
78686c000000-78686c223000 rw-p 00000000 00:00 0 
78686c223000-786870000000 ---p 00000000 00:00 0 
786870000000-78687021e000 rw-p 00000000 00:00 0 
78687021e000-786874000000 ---p 00000000 00:00 0 
786874000000-7868741bc000 rw-p 00000000 00:00 0 
7868741bc000-786878000000 ---p 00000000 00:00 0 
786878000000-786878001000 rw-s 00000000 00:01 13314                      /memfd:pipewire-memfd:flags=0x0000000f,type=2,size=2312 (deleted)
786878001000-786878002000 rw-s 00000000 00:01 58625                      /memfd:pipewire-memfd:flags=0x0000000f,type=2,size=2312 (deleted)
786878002000-786878003000 rw-s 00000000 00:01 59625                      /memfd:pipewire-memfd:flags=0x0000000f,type=2,size=2312 (deleted)
786878003000-786878004000 rw-s 00000000 00:01 60690                      /memfd:pipewire-memfd:flags=0x0000000f,type=2,size=4096 (deleted)
786878004000-78687800d000 rw-s 00000000 00:01 50837                      /memfd:pipewire-memfd:flags=0x0000000f,type=2,size=32832 (deleted)
78687800d000-786878016000 rw-s 00000000 00:01 50836                      /memfd:pipewire-memfd:flags=0x0000000f,type=2,size=32832 (deleted)
786878016000-786878017000 rw-s 00000000 00:01 13314                      /memfd:pipewire-memfd:flags=0x0000000f,type=2,size=2312 (deleted)
786878017000-786878018000 rw-s 00000000 00:01 60689                      /memfd:pipewire-memfd:flags=0x0000000f,type=2,size=2312 (deleted)
786878018000-786878019000 rw-s 00000000 00:01 57638                      /memfd:pipewire-memfd:flags=0x0000000f,type=2,size=2312 (deleted)
786878019000-78687801a000 rw-s 00000000 00:01 50865                      /memfd:pipewire-memfd:flags=0x0000000f,type=2,size=4096 (deleted)
78687801a000-786878023000 rw-s 00000000 00:01 60712                      /memfd:pipewire-memfd:flags=0x0000000f,type=2,size=32832 (deleted)
786878023000-78687802c000 rw-s 00000000 00:01 60711                      /memfd:pipewire-memfd:flags=0x0000000f,type=2,size=32832 (deleted)
78687802c000-78687802d000 rw-s 00000000 00:01 13314                      /memfd:pipewire-memfd:flags=0x0000000f,type=2,size=2312 (deleted)
78687802d000-78687802e000 rw-s 00000000 00:01 50864                      /memfd:pipewire-memfd:flags=0x0000000f,type=2,size=2312 (deleted)
78687802e000-78687802f000 rw-s 00000000 00:01 56690                      /memfd:pipewire-memfd:flags=0x0000000f,type=2,size=2312 (deleted)
78687802f000-786878030000 rw-s 00000000 00:01 56627                      /memfd:pipewire-memfd:flags=0x0000000f,type=2,size=4096 (deleted)
786878030000-786878039000 rw-s 00000000 00:01 56629                      /memfd:pipewire-memfd:flags=0x0000000f,type=2,size=32832 (deleted)
786878039000-786878042000 rw-s 00000000 00:01 56628                      /memfd:pipewire-memfd:flags=0x0000000f,type=2,size=32832 (deleted)
786878042000-786878043000 rw-s 00000000 00:01 13314                      /memfd:pipewire-memfd:flags=0x0000000f,type=2,size=2312 (deleted)
786878043000-786878044000 rw-s 00000000 00:01 56626                      /memfd:pipewire-memfd:flags=0x0000000f,type=2,size=2312 (deleted)
786878044000-786878045000 rw-s 00000000 00:01 50823                      /memfd:pipewire-memfd:flags=0x0000000f,type=2,size=2312 (deleted)
786878045000-786878046000 rw-s 00000000 00:01 51852                      /memfd:pipewire-memfd:flags=0x0000000f,type=2,size=4096 (deleted)
786878046000-78687804f000 rw-s 00000000 00:01 51854                      /memfd:pipewire-memfd:flags=0x0000000f,type=2,size=32832 (deleted)
78687804f000-786878058000 rw-s 00000000 00:01 51853                      /memfd:pipewire-memfd:flags=0x0000000f,type=2,size=32832 (deleted)
786878058000-786878059000 rw-s 00000000 00:01 13314                      /memfd:pipewire-memfd:flags=0x0000000f,type=2,size=2312 (deleted)
786878059000-78687805a000 rw-s 00000000 00:01 51851                      /memfd:pipewire-memfd:flags=0x0000000f,type=2,size=2312 (deleted)
78687805a000-78687805b000 rw-s 00000000 00:01 52586                      /memfd:pipewire-memfd:flags=0x0000000f,type=2,size=2312 (deleted)
78687805b000-78687805c000 rw-s 00000000 00:01 58637                      /memfd:pipewire-memfd:flags=0x0000000f,type=2,size=4096 (deleted)
78687805c000-786878065000 rw-s 00000000 00:01 51873                      /memfd:pipewire-memfd:flags=0x0000000f,type=2,size=32832 (deleted)
786878065000-78687806e000 rw-s 00000000 00:01 51872                      /memfd:pipewire-memfd:flags=0x0000000f,type=2,size=32832 (deleted)
78687806e000-78687806f000 rw-s 00000000 00:01 13314                      /memfd:pipewire-memfd:flags=0x0000000f,type=2,size=2312 (deleted)
78687806f000-786878070000 rw-s 00000000 00:01 58636                      /memfd:pipewire-memfd:flags=0x0000000f,type=2,size=2312 (deleted)
786878070000-786878071000 rw-s 00000000 00:01 64532                      /memfd:pipewire-memfd:flags=0x0000000f,type=2,size=2312 (deleted)
786878071000-786878072000 rw-s 00000000 00:01 51875                      /memfd:pipewire-memfd:flags=0x0000000f,type=2,size=4096 (deleted)
786878072000-78687807b000 rw-s 00000000 00:01 61619                      /memfd:pipewire-memfd:flags=0x0000000f,type=2,size=32832 (deleted)
78687807b000-786878084000 rw-s 00000000 00:01 61618                      /memfd:pipewire-memfd:flags=0x0000000f,type=2,size=32832 (deleted)
786878084000-786878085000 rw-s 00000000 00:01 13314                      /memfd:pipewire-memfd:flags=0x0000000f,type=2,size=2312 (deleted)
786878085000-786878086000 rw-s 00000000 00:01 51874                      /memfd:pipewire-memfd:flags=0x0000000f,type=2,size=2312 (deleted)
786878086000-786878087000 rw-s 00000000 00:01 64533                      /memfd:pipewire-memfd:flags=0x0000000f,type=2,size=2312 (deleted)
786878087000-786878088000 rw-s 00000000 00:01 59632                      /memfd:pipewire-memfd:flags=0x0000000f,type=2,size=4096 (deleted)
786878088000-786878091000 rw-s 00000000 00:01 60694                      /memfd:pipewire-memfd:flags=0x0000000f,type=2,size=32832 (deleted)
786878091000-78687809a000 rw-s 00000000 00:01 60693                      /memfd:pipewire-memfd:flags=0x0000000f,type=2,size=32832 (deleted)
78687809a000-78687809b000 rw-s 00000000 00:01 13314                      /memfd:pipewire-memfd:flags=0x0000000f,type=2,size=2312 (deleted)
78687809b000-78687809c000 rw-s 00000000 00:01 59631                      /memfd:pipewire-memfd:flags=0x0000000f,type=2,size=2312 (deleted)
78687809c000-78687809d000 rw-s 00000000 00:01 61620                      /memfd:pipewire-memfd:flags=0x0000000f,type=2,size=2312 (deleted)
78687809d000-78687809e000 rw-s 00000000 00:01 56672                      /memfd:pipewire-memfd:flags=0x0000000f,type=2,size=4096 (deleted)
78687809e000-7868780a7000 rw-s 00000000 00:01 55598                      /memfd:pipewire-memfd:flags=0x0000000f,type=2,size=32832 (deleted)
7868780a7000-7868780b0000 rw-s 00000000 00:01 55597                      /memfd:pipewire-memfd:flags=0x0000000f,type=2,size=32832 (deleted)
7868780b0000-7868780b1000 rw-s 00000000 00:01 13314                      /memfd:pipewire-memfd:flags=0x0000000f,type=2,size=2312 (deleted)
7868780b1000-7868780b2000 rw-s 00000000 00:01 56671                      /memfd:pipewire-memfd:flags=0x0000000f,type=2,size=2312 (deleted)
7868780b2000-7868780bb000 rw-s 00000000 00:01 55594                      /memfd:pipewire-memfd:flags=0x0000000f,type=2,size=32832 (deleted)
7868780bb000-7868780c4000 rw-s 00000000 00:01 55593                      /memfd:pipewire-memfd:flags=0x0000000f,type=2,size=32832 (deleted)
7868780c4000-7868780c5000 rw-s 00000000 00:01 52605                      /memfd:pipewire-memfd:flags=0x0000000f,type=2,size=4096 (deleted)
7868780c5000-7868780ce000 rw-s 00000000 00:01 52607                      /memfd:pipewire-memfd:flags=0x0000000f,type=2,size=32832 (deleted)
7868780ce000-7868780d7000 rw-s 00000000 00:01 52606                      /memfd:pipewire-memfd:flags=0x0000000f,type=2,size=32832 (deleted)
7868780d7000-7868780d8000 rw-s 00000000 00:01 13314                      /memfd:pipewire-memfd:flags=0x0000000f,type=2,size=2312 (deleted)
7868780d8000-7868780d9000 rw-s 00000000 00:01 52604                      /memfd:pipewire-memfd:flags=0x0000000f,type=2,size=2312 (deleted)
7868780d9000-7868780da000 rw-s 00000000 00:01 57653                      /memfd:pipewire-memfd:flags=0x0000000f,type=2,size=2312 (deleted)
7868780da000-7868780db000 rw-s 00000000 00:01 64544                      /memfd:pipewire-memfd:flags=0x0000000f,type=2,size=4096 (deleted)
7868780db000-7868780e4000 rw-s 00000000 00:01 64546                      /memfd:pipewire-memfd:flags=0x0000000f,type=2,size=32832 (deleted)
7868780e4000-7868780ed000 rw-s 00000000 00:01 64545                      /memfd:pipewire-memfd:flags=0x0000000f,type=2,size=32832 (deleted)
7868780ed000-7868780ee000 rw-s 00000000 00:01 13314                      /memfd:pipewire-memfd:flags=0x0000000f,type=2,size=2312 (deleted)
7868780ee000-7868780ef000 rw-s 00000000 00:01 64543                      /memfd:pipewire-memfd:flags=0x0000000f,type=2,size=2312 (deleted)
7868780ef000-7868780f0000 rw-s 00000000 00:01 55601                      /memfd:pipewire-memfd:flags=0x0000000f,type=2,size=2312 (deleted)
7868780f0000-7868780f1000 rw-s 00000000 00:01 61628                      /memfd:pipewire-memfd:flags=0x0000000f,type=2,size=4096 (deleted)
7868780f1000-7868780f2000 ---p 00000000 00:00 0 
7868780f2000-7868781f2000 rw-p 00000000 00:00 0 
7868781f2000-786878208000 rw-s 00000000 00:01 294936                     /SYSV00000000 (deleted)
786878208000-786878209000 rw-s 00000000 00:01 62605                      /memfd:pipewire-memfd:flags=0x0000000f,type=2,size=2312 (deleted)
786878209000-78687820a000 rw-s 00000000 00:01 55592                      /memfd:pipewire-memfd:flags=0x0000000f,type=2,size=4096 (deleted)
78687820a000-78687820b000 rw-s 00000000 00:01 13314                      /memfd:pipewire-memfd:flags=0x0000000f,type=2,size=2312 (deleted)
78687820b000-78687820c000 rw-s 00000000 00:01 55591                      /memfd:pipewire-memfd:flags=0x0000000f,type=2,size=2312 (deleted)
78687820c000-78687820d000 rw-s 00000000 00:01 52594                      /memfd:pipewire-memfd:flags=0x0000000f,type=2,size=4096 (deleted)
78687820d000-786878216000 rw-s 00000000 00:01 62600                      /memfd:pipewire-memfd:flags=0x0000000f,type=2,size=32832 (deleted)
786878216000-78687821f000 rw-s 00000000 00:01 62599                      /memfd:pipewire-memfd:flags=0x0000000f,type=2,size=32832 (deleted)
78687821f000-786878220000 rw-s 00000000 00:01 13314                      /memfd:pipewire-memfd:flags=0x0000000f,type=2,size=2312 (deleted)
786878220000-786878221000 rw-s 00000000 00:01 52593                      /memfd:pipewire-memfd:flags=0x0000000f,type=2,size=2312 (deleted)
786878221000-786878222000 rw-s 00000000 00:01 55579                      /memfd:pipewire-memfd:flags=0x0000000f,type=2,size=2312 (deleted)
786878222000-786878223000 rw-s 00000000 00:01 52596                      /memfd:pipewire-memfd:flags=0x0000000f,type=2,size=4096 (deleted)
786878223000-78687822c000 rw-s 00000000 00:01 63551                      /memfd:pipewire-memfd:flags=0x0000000f,type=2,size=32832 (deleted)
78687822c000-786878235000 rw-s 00000000 00:01 63550                      /memfd:pipewire-memfd:flags=0x0000000f,type=2,size=32832 (deleted)
786878235000-786878236000 rw-s 00000000 00:01 13314                      /memfd:pipewire-memfd:flags=0x0000000f,type=2,size=2312 (deleted)
786878236000-786878237000 rw-s 00000000 00:01 52595                      /memfd:pipewire-memfd:flags=0x0000000f,type=2,size=2312 (deleted)
786878237000-786878238000 rw-s 00000000 00:01 56668                      /memfd:pipewire-memfd:flags=0x0000000f,type=2,size=2312 (deleted)
786878238000-786878239000 rw-s 00000000 00:01 49776                      /memfd:pipewire-memfd:flags=0x0000000f,type=2,size=4096 (deleted)
786878239000-786878242000 rw-s 00000000 00:01 49778                      /memfd:pipewire-memfd:flags=0x0000000f,type=2,size=32832 (deleted)
786878242000-78687824b000 rw-s 00000000 00:01 49777                      /memfd:pipewire-memfd:flags=0x0000000f,type=2,size=32832 (deleted)
78687824b000-78687824c000 rw-s 00000000 00:01 13314                      /memfd:pipewire-memfd:flags=0x0000000f,type=2,size=2312 (deleted)
78687824c000-78687824d000 rw-s 00000000 00:01 49775                      /memfd:pipewire-memfd:flags=0x0000000f,type=2,size=2312 (deleted)
78687824d000-78687824e000 rw-s 00000000 00:01 53670                      /memfd:pipewire-memfd:flags=0x0000000f,type=2,size=2312 (deleted)
78687824e000-78687824f000 rw-s 00000000 00:01 57643                      /memfd:pipewire-memfd:flags=0x0000000f,type=2,size=4096 (deleted)
78687824f000-786878258000 rw-s 00000000 00:01 57645                      /memfd:pipewire-memfd:flags=0x0000000f,type=2,size=32832 (deleted)
786878258000-786878261000 rw-s 00000000 00:01 57644                      /memfd:pipewire-memfd:flags=0x0000000f,type=2,size=32832 (deleted)
786878261000-786878262000 rw-s 00000000 00:01 13314                      /memfd:pipewire-memfd:flags=0x0000000f,type=2,size=2312 (deleted)
786878262000-786878263000 rw-s 00000000 00:01 57642                      /memfd:pipewire-memfd:flags=0x0000000f,type=2,size=2312 (deleted)
786878263000-786878264000 rw-s 00000000 00:01 49774                      /memfd:pipewire-memfd:flags=0x0000000f,type=2,size=2312 (deleted)
786878264000-786878265000 rw-s 00000000 00:01 52590                      /memfd:pipewire-memfd:flags=0x0000000f,type=2,size=4096 (deleted)
786878265000-78687826e000 rw-s 00000000 00:01 57641                      /memfd:pipewire-memfd:flags=0x0000000f,type=2,size=32832 (deleted)
78687826e000-786878277000 rw-s 00000000 00:01 57640                      /memfd:pipewire-memfd:flags=0x0000000f,type=2,size=32832 (deleted)
786878277000-786878280000 rw-s 00000000 00:01 52611                      /memfd:pipewire-memfd:flags=0x0000000f,type=2,size=32832 (deleted)
786878280000-786878289000 rw-s 00000000 00:01 52610                      /memfd:pipewire-memfd:flags=0x0000000f,type=2,size=32832 (deleted)
786878289000-786878292000 rw-s 00000000 00:01 63559                      /memfd:pipewire-memfd:flags=0x0000000f,type=2,size=32832 (deleted)
786878292000-786878293000 ---p 00000000 00:00 0 
786878293000-786878393000 rw-p 00000000 00:00 0 
786878393000-786878397000 ---p 00000000 00:00 0 
786878397000-786878493000 rw-p 00000000 00:00 0 
786878493000-786878494000 rw-s 00000000 00:01 13314                      /memfd:pipewire-memfd:flags=0x0000000f,type=2,size=2312 (deleted)
786878494000-786878495000 rw-s 00000000 00:01 52589                      /memfd:pipewire-memfd:flags=0x0000000f,type=2,size=2312 (deleted)
786878495000-786878496000 rw-s 00000000 00:01 56667                      /memfd:pipewire-memfd:flags=0x0000000f,type=2,size=2312 (deleted)
786878496000-786878497000 rw-s 00000000 00:01 64536                      /memfd:pipewire-memfd:flags=0x0000000f,type=2,size=2312 (deleted)
786878497000-786878498000 rw-s 00000000 00:01 13314                      /memfd:pipewire-memfd:flags=0x0000000f,type=2,size=2312 (deleted)
786878498000-786878499000 rw-s 00000000 00:01 61627                      /memfd:pipewire-memfd:flags=0x0000000f,type=2,size=2312 (deleted)
786878499000-78687849a000 rw-s 00000000 00:01 49798                      /memfd:pipewire-memfd:flags=0x0000000f,type=2,size=2312 (deleted)
78687849a000-78687849b000 rw-s 00000000 00:01 59651                      /memfd:pipewire-memfd:flags=0x0000000f,type=2,size=4096 (deleted)
78687849b000-7868784a4000 rw-s 00000000 00:01 63558                      /memfd:pipewire-memfd:flags=0x0000000f,type=2,size=32832 (deleted)
7868784a4000-7868784a5000 rw-s 00000000 00:01 13314                      /memfd:pipewire-memfd:flags=0x0000000f,type=2,size=2312 (deleted)
7868784a5000-7868784a6000 rw-s 00000000 00:01 59650                      /memfd:pipewire-memfd:flags=0x0000000f,type=2,size=2312 (deleted)
7868784a6000-7868784af000 rw-s 00000000 00:01 57657                      /memfd:pipewire-memfd:flags=0x0000000f,type=2,size=32832 (deleted)
7868784af000-7868784b8000 rw-s 00000000 00:01 53695                      /memfd:pipewire-memfd:flags=0x0000000f,type=2,size=32832 (deleted)
7868784b8000-7868784c1000 rw-s 00000000 00:01 53694                      /memfd:pipewire-memfd:flags=0x0000000f,type=2,size=32832 (deleted)
7868784c1000-7868784ca000 rw-s 00000000 00:01 49811                      /memfd:pipewire-memfd:flags=0x0000000f,type=2,size=32832 (deleted)
7868784ca000-7868784d3000 rw-s 00000000 00:01 49810                      /memfd:pipewire-memfd:flags=0x0000000f,type=2,size=32832 (deleted)
7868784d3000-7868784d4000 rw-s 00000000 00:01 64548                      /memfd:pipewire-memfd:flags=0x0000000f,type=2,size=2312 (deleted)
7868784d4000-7868784d5000 rw-s 00000000 00:01 54693                      /memfd:pipewire-memfd:flags=0x0000000f,type=2,size=4096 (deleted)
7868784d5000-7868784de000 rw-s 00000000 00:01 57656                      /memfd:pipewire-memfd:flags=0x0000000f,type=2,size=32832 (deleted)
7868784de000-7868784df000 rw-s 00000000 00:01 13314                      /memfd:pipewire-memfd:flags=0x0000000f,type=2,size=2312 (deleted)
7868784df000-7868784e0000 rw-s 00000000 00:01 54692                      /memfd:pipewire-memfd:flags=0x0000000f,type=2,size=2312 (deleted)
7868784e0000-7868784e1000 rw-s 00000000 00:01 58650                      /memfd:pipewire-memfd:flags=0x0000000f,type=2,size=2312 (deleted)
7868784e1000-7868784ea000 rw-s 00000000 00:01 51889                      /memfd:pipewire-memfd:flags=0x0000000f,type=2,size=32832 (deleted)
7868784ea000-7868784eb000 rw-s 00000000 00:01 50861                      /memfd:pipewire-memfd:flags=0x0000000f,type=2,size=4096 (deleted)
7868784eb000-7868784f4000 rw-s 00000000 00:01 50863                      /memfd:pipewire-memfd:flags=0x0000000f,type=2,size=32832 (deleted)
7868784f4000-7868784fd000 rw-s 00000000 00:01 50862                      /memfd:pipewire-memfd:flags=0x0000000f,type=2,size=32832 (deleted)
7868784fd000-7868784fe000 rw-s 00000000 00:01 13314                      /memfd:pipewire-memfd:flags=0x0000000f,type=2,size=2312 (deleted)
7868784fe000-786878507000 rw-s 00000000 00:01 51888                      /memfd:pipewire-memfd:flags=0x0000000f,type=2,size=32832 (deleted)
786878507000-786878510000 rw-s 00000000 00:01 49803                      /memfd:pipewire-memfd:flags=0x0000000f,type=2,size=32832 (deleted)
786878510000-786878519000 rw-s 00000000 00:01 61613                      /memfd:pipewire-memfd:flags=0x0000000f,type=2,size=32832 (deleted)
786878519000-786878522000 rw-s 00000000 00:01 63543                      /memfd:pipewire-memfd:flags=0x0000000f,type=2,size=32832 (deleted)
786878522000-786878526000 ---p 00000000 00:00 0 
786878526000-786878622000 rw-p 00000000 00:00 0 
786878622000-786878626000 ---p 00000000 00:00 0 
786878626000-786878722000 rw-p 00000000 00:00 0 
786878722000-786878726000 ---p 00000000 00:00 0 
786878726000-786878822000 rw-p 00000000 00:00 0 
786878822000-786878826000 ---p 00000000 00:00 0 
786878826000-786878922000 rw-p 00000000 00:00 0 
786878922000-78687892b000 rw-s 00000000 00:01 63542                      /memfd:pipewire-memfd:flags=0x0000000f,type=2,size=32832 (deleted)
78687892b000-78687892f000 ---p 00000000 00:00 0 
78687892f000-786878a2b000 rw-p 00000000 00:00 0 
786878a2b000-786878a2f000 ---p 00000000 00:00 0 
786878a2f000-786878b2b000 rw-p 00000000 00:00 0 
786878b2b000-786878b2c000 rw-s 00000000 00:01 50860                      /memfd:pipewire-memfd:flags=0x0000000f,type=2,size=2312 (deleted)
786878b2c000-786878b2d000 rw-s 00000000 00:01 53693                      /memfd:pipewire-memfd:flags=0x0000000f,type=2,size=4096 (deleted)
786878b2d000-786878b2e000 rw-s 00000000 00:01 13314                      /memfd:pipewire-memfd:flags=0x0000000f,type=2,size=2312 (deleted)
786878b2e000-786878b2f000 rw-s 00000000 00:01 53692                      /memfd:pipewire-memfd:flags=0x0000000f,type=2,size=2312 (deleted)
786878b2f000-786878b30000 rw-s 00000000 00:01 58649                      /memfd:pipewire-memfd:flags=0x0000000f,type=2,size=2312 (deleted)
786878b30000-786878b31000 rw-s 00000000 00:01 64525                      /memfd:pipewire-memfd:flags=0x0000000f,type=2,size=4096 (deleted)
786878b31000-786878b32000 rw-s 00000000 00:01 13314                      /memfd:pipewire-memfd:flags=0x0000000f,type=2,size=2312 (deleted)
786878b32000-786878b33000 rw-s 00000000 00:01 64524                      /memfd:pipewire-memfd:flags=0x0000000f,type=2,size=2312 (deleted)
786878b33000-786878b34000 rw-s 00000000 00:01 54675                      /memfd:pipewire-memfd:flags=0x0000000f,type=2,size=2312 (deleted)
786878b34000-786878b35000 rw-s 00000000 00:01 50835                      /memfd:pipewire-memfd:flags=0x0000000f,type=2,size=4096 (deleted)
786878b35000-786878b3e000 rw-s 00000000 00:01 61612                      /memfd:pipewire-memfd:flags=0x0000000f,type=2,size=32832 (deleted)
786878b3e000-786878b3f000 rw-s 00000000 00:01 13314                      /memfd:pipewire-memfd:flags=0x0000000f,type=2,size=2312 (deleted)
786878b3f000-786878b40000 rw-s 00000000 00:01 50834                      /memfd:pipewire-memfd:flags=0x0000000f,type=2,size=2312 (deleted)
786878b40000-786878b49000 rw-s 00000000 00:01 62597                      /memfd:pipewire-memfd:flags=0x0000000f,type=2,size=32832 (deleted)
786878b49000-786878b52000 rw-s 00000000 00:01 62596                      /memfd:pipewire-memfd:flags=0x0000000f,type=2,size=32832 (deleted)
786878b52000-786878b5b000 rw-s 00000000 00:01 58620                      /memfd:pipewire-memfd:flags=0x0000000f,type=2,size=32832 (deleted)
786878b5b000-786878b64000 rw-s 00000000 00:01 62627                      /memfd:pipewire-memfd:flags=0x0000000f,type=2,size=32832 (deleted)
786878b64000-786878b6d000 rw-s 00000000 00:01 62626                      /memfd:pipewire-memfd:flags=0x0000000f,type=2,size=32832 (deleted)
786878b6d000-786878b71000 ---p 00000000 00:00 0 
786878b71000-786878c6d000 rw-p 00000000 00:00 0 
786878c6d000-786878c71000 ---p 00000000 00:00 0 
786878c71000-786878d6d000 rw-p 00000000 00:00 0 
786878d6d000-786878d71000 ---p 00000000 00:00 0 
786878d71000-786878e6d000 rw-p 00000000 00:00 0 
786878e6d000-786878e71000 ---p 00000000 00:00 0 
786878e71000-786878f6d000 rw-p 00000000 00:00 0 
786878f6d000-786878f71000 ---p 00000000 00:00 0 
786878f71000-78687906d000 rw-p 00000000 00:00 0 
78687906d000-78687906e000 rw-s 00000000 00:01 51855                      /memfd:pipewire-memfd:flags=0x0000000f,type=2,size=2312 (deleted)
78687906e000-78687906f000 rw-s 00000000 00:01 58622                      /memfd:pipewire-memfd:flags=0x0000000f,type=2,size=4096 (deleted)
78687906f000-786879070000 rw-s 00000000 00:01 13314                      /memfd:pipewire-memfd:flags=0x0000000f,type=2,size=2312 (deleted)
786879070000-786879071000 rw-s 00000000 00:01 58621                      /memfd:pipewire-memfd:flags=0x0000000f,type=2,size=2312 (deleted)
786879071000-786879072000 rw-s 00000000 00:01 62625                      /memfd:pipewire-memfd:flags=0x0000000f,type=2,size=4096 (deleted)
786879072000-786879073000 rw-s 00000000 00:01 13314                      /memfd:pipewire-memfd:flags=0x0000000f,type=2,size=2312 (deleted)
786879073000-786879074000 rw-s 00000000 00:01 62624                      /memfd:pipewire-memfd:flags=0x0000000f,type=2,size=2312 (deleted)
786879074000-786879075000 rw-s 00000000 00:01 49799                      /memfd:pipewire-memfd:flags=0x0000000f,type=2,size=2312 (deleted)
786879075000-786879076000 rw-s 00000000 00:01 49767                      /memfd:pipewire-memfd:flags=0x0000000f,type=2,size=4096 (deleted)
786879076000-78687907f000 rw-s 00000000 00:01 56650                      /memfd:pipewire-memfd:flags=0x0000000f,type=2,size=32832 (deleted)
78687907f000-786879088000 rw-s 00000000 00:01 56649                      /memfd:pipewire-memfd:flags=0x0000000f,type=2,size=32832 (deleted)
786879088000-786879089000 rw-s 00000000 00:01 13314                      /memfd:pipewire-memfd:flags=0x0000000f,type=2,size=2312 (deleted)
786879089000-78687908a000 rw-s 00000000 00:01 49766                      /memfd:pipewire-memfd:flags=0x0000000f,type=2,size=2312 (deleted)
78687908a000-78687908b000 rw-s 00000000 00:01 60685                      /memfd:pipewire-memfd:flags=0x0000000f,type=2,size=2312 (deleted)
78687908b000-786879094000 rw-s 00000000 00:01 56684                      /memfd:pipewire-memfd:flags=0x0000000f,type=2,size=32832 (deleted)
786879094000-78687909d000 rw-s 00000000 00:01 56683                      /memfd:pipewire-memfd:flags=0x0000000f,type=2,size=32832 (deleted)
78687909d000-7868790a6000 rw-s 00000000 00:01 58619                      /memfd:pipewire-memfd:flags=0x0000000f,type=2,size=32832 (deleted)
7868790a6000-7868790aa000 ---p 00000000 00:00 0 
7868790aa000-7868791a6000 rw-p 00000000 00:00 0 
7868791a6000-7868791a7000 rw-s 00000000 00:01 54689                      /memfd:pipewire-memfd:flags=0x0000000f,type=2,size=4096 (deleted)
7868791a7000-7868791a8000 rw-s 00000000 00:01 13314                      /memfd:pipewire-memfd:flags=0x0000000f,type=2,size=2312 (deleted)
7868791a8000-7868791a9000 rw-s 00000000 00:01 54688                      /memfd:pipewire-memfd:flags=0x0000000f,type=2,size=2312 (deleted)
7868791a9000-7868791aa000 rw-s 00000000 00:01 62623                      /memfd:pipewire-memfd:flags=0x0000000f,type=2,size=2312 (deleted)
7868791aa000-7868791ab000 rw-s 00000000 00:01 63545                      /memfd:pipewire-memfd:flags=0x0000000f,type=2,size=2312 (deleted)
7868791ab000-7868791ac000 rw-s 00000000 00:01 62595                      /memfd:pipewire-memfd:flags=0x0000000f,type=2,size=4096 (deleted)
7868791ac000-7868791ad000 rw-s 00000000 00:01 13314                      /memfd:pipewire-memfd:flags=0x0000000f,type=2,size=2312 (deleted)
7868791ad000-7868791ae000 rw-s 00000000 00:01 62594                      /memfd:pipewire-memfd:flags=0x0000000f,type=2,size=2312 (deleted)
7868791ae000-7868791b7000 rw-s 00000000 00:01 49802                      /memfd:pipewire-memfd:flags=0x0000000f,type=2,size=32832 (deleted)
7868791b7000-7868791b8000 rw-s 00000000 00:01 51848                      /memfd:pipewire-memfd:flags=0x0000000f,type=2,size=4096 (deleted)
7868791b8000-7868791c1000 rw-s 00000000 00:01 51850                      /memfd:pipewire-memfd:flags=0x0000000f,type=2,size=32832 (deleted)
7868791c1000-7868791ca000 rw-s 00000000 00:01 51849                      /memfd:pipewire-memfd:flags=0x0000000f,type=2,size=32832 (deleted)
7868791ca000-7868791cb000 rw-s 00000000 00:01 13314                      /memfd:pipewire-memfd:flags=0x0000000f,type=2,size=2312 (deleted)
7868791cb000-7868791cc000 rw-s 00000000 00:01 51847                      /memfd:pipewire-memfd:flags=0x0000000f,type=2,size=2312 (deleted)
7868791cc000-7868791cd000 rw-s 00000000 00:01 54674                      /memfd:pipewire-memfd:flags=0x0000000f,type=2,size=2312 (deleted)
7868791cd000-7868791d1000 ---p 00000000 00:00 0 
7868791d1000-7868792cd000 rw-p 00000000 00:00 0 
7868792cd000-7868792ce000 rw-s 00000000 00:01 50852                      /memfd:pipewire-memfd:flags=0x0000000f,type=2,size=4096 (deleted)
7868792ce000-7868792d7000 rw-s 00000000 00:01 50854                      /memfd:pipewire-memfd:flags=0x0000000f,type=2,size=32832 (deleted)
7868792d7000-7868792e0000 rw-s 00000000 00:01 50853                      /memfd:pipewire-memfd:flags=0x0000000f,type=2,size=32832 (deleted)
7868792e0000-7868792e1000 rw-s 00000000 00:01 13314                      /memfd:pipewire-memfd:flags=0x0000000f,type=2,size=2312 (deleted)
7868792e1000-7868792e2000 rw-s 00000000 00:01 50851                      /memfd:pipewire-memfd:flags=0x0000000f,type=2,size=2312 (deleted)
7868792e2000-7868792e3000 rw-s 00000000 00:01 54687                      /memfd:pipewire-memfd:flags=0x0000000f,type=2,size=2312 (deleted)
7868792e3000-7868792e4000 rw-s 00000000 00:01 55588                      /memfd:pipewire-memfd:flags=0x0000000f,type=2,size=4096 (deleted)
7868792e4000-7868792ed000 rw-s 00000000 00:01 55590                      /memfd:pipewire-memfd:flags=0x0000000f,type=2,size=32832 (deleted)
7868792ed000-7868792f6000 rw-s 00000000 00:01 55589                      /memfd:pipewire-memfd:flags=0x0000000f,type=2,size=32832 (deleted)
7868792f6000-7868792f7000 rw-s 00000000 00:01 13314                      /memfd:pipewire-memfd:flags=0x0000000f,type=2,size=2312 (deleted)
7868792f7000-7868792f8000 rw-s 00000000 00:01 55587                      /memfd:pipewire-memfd:flags=0x0000000f,type=2,size=2312 (deleted)
7868792f8000-7868792f9000 rw-s 00000000 00:01 62604                      /memfd:pipewire-memfd:flags=0x0000000f,type=2,size=2312 (deleted)
7868792f9000-7868792fa000 rw-s 00000000 00:01 55596                      /memfd:pipewire-memfd:flags=0x0000000f,type=2,size=4096 (deleted)
7868792fa000-786879303000 rw-s 00000000 00:01 51879                      /memfd:pipewire-memfd:flags=0x0000000f,type=2,size=32832 (deleted)
786879303000-78687930c000 rw-s 00000000 00:01 51878                      /memfd:pipewire-memfd:flags=0x0000000f,type=2,size=32832 (deleted)
78687930c000-78687930d000 rw-s 00000000 00:01 13314                      /memfd:pipewire-memfd:flags=0x0000000f,type=2,size=2312 (deleted)
78687930d000-78687930e000 rw-s 00000000 00:01 55595                      /memfd:pipewire-memfd:flags=0x0000000f,type=2,size=2312 (deleted)
78687930e000-78687930f000 rw-s 00000000 00:01 58640                      /memfd:pipewire-memfd:flags=0x0000000f,type=2,size=2312 (deleted)
78687930f000-786879310000 rw-s 00000000 00:01 61624                      /memfd:pipewire-memfd:flags=0x0000000f,type=2,size=4096 (deleted)
786879310000-786879319000 rw-s 00000000 00:01 61626                      /memfd:pipewire-memfd:flags=0x0000000f,type=2,size=32832 (deleted)
786879319000-786879322000 rw-s 00000000 00:01 61625                      /memfd:pipewire-memfd:flags=0x0000000f,type=2,size=32832 (deleted)
786879322000-786879323000 rw-s 00000000 00:01 13314                      /memfd:pipewire-memfd:flags=0x0000000f,type=2,size=2312 (deleted)
786879323000-786879324000 rw-s 00000000 00:01 61623                      /memfd:pipewire-memfd:flags=0x0000000f,type=2,size=2312 (deleted)
786879324000-786879325000 rw-s 00000000 00:01 50850                      /memfd:pipewire-memfd:flags=0x0000000f,type=2,size=2312 (deleted)
786879325000-786879326000 rw-s 00000000 00:01 62610                      /memfd:pipewire-memfd:flags=0x0000000f,type=2,size=4096 (deleted)
786879326000-78687932f000 rw-s 00000000 00:01 62612                      /memfd:pipewire-memfd:flags=0x0000000f,type=2,size=32832 (deleted)
78687932f000-786879338000 rw-s 00000000 00:01 62611                      /memfd:pipewire-memfd:flags=0x0000000f,type=2,size=32832 (deleted)
786879338000-786879339000 rw-s 00000000 00:01 13314                      /memfd:pipewire-memfd:flags=0x0000000f,type=2,size=2312 (deleted)
786879339000-78687933a000 rw-s 00000000 00:01 62609                      /memfd:pipewire-memfd:flags=0x0000000f,type=2,size=2312 (deleted)
78687933a000-78687933b000 rw-s 00000000 00:01 58641                      /memfd:pipewire-memfd:flags=0x0000000f,type=2,size=2312 (deleted)
78687933b000-78687933c000 rw-s 00000000 00:01 49785                      /memfd:pipewire-memfd:flags=0x0000000f,type=2,size=4096 (deleted)
78687933c000-786879345000 rw-s 00000000 00:01 62616                      /memfd:pipewire-memfd:flags=0x0000000f,type=2,size=32832 (deleted)
786879345000-78687934e000 rw-s 00000000 00:01 62615                      /memfd:pipewire-memfd:flags=0x0000000f,type=2,size=32832 (deleted)
78687934e000-78687934f000 rw-s 00000000 00:01 13314                      /memfd:pipewire-memfd:flags=0x0000000f,type=2,size=2312 (deleted)
78687934f000-786879350000 rw-s 00000000 00:01 49784                      /memfd:pipewire-memfd:flags=0x0000000f,type=2,size=2312 (deleted)
786879350000-786879351000 rw-s 00000000 00:01 52601                      /memfd:pipewire-memfd:flags=0x0000000f,type=2,size=2312 (deleted)
786879351000-786879352000 rw-s 00000000 00:01 61622                      /memfd:pipewire-memfd:flags=0x0000000f,type=2,size=4096 (deleted)
786879352000-78687935b000 rw-s 00000000 00:01 56679                      /memfd:pipewire-memfd:flags=0x0000000f,type=2,size=32832 (deleted)
78687935b000-786879364000 rw-s 00000000 00:01 56678                      /memfd:pipewire-memfd:flags=0x0000000f,type=2,size=32832 (deleted)
786879364000-786879365000 rw-s 00000000 00:01 13314                      /memfd:pipewire-memfd:flags=0x0000000f,type=2,size=2312 (deleted)
786879365000-786879366000 rw-s 00000000 00:01 61621                      /memfd:pipewire-memfd:flags=0x0000000f,type=2,size=2312 (deleted)
786879366000-786879367000 rw-s 00000000 00:01 49797                      /memfd:pipewire-memfd:flags=0x0000000f,type=2,size=2312 (deleted)
786879367000-786879368000 rw-s 00000000 00:01 64538                      /memfd:pipewire-memfd:flags=0x0000000f,type=2,size=4096 (deleted)
786879368000-78687936c000 ---p 00000000 00:00 0 
78687936c000-786879468000 rw-p 00000000 00:00 0 
786879468000-786879469000 rw-s 00000000 00:01 49768                      /memfd:pipewire-memfd:flags=0x0000000f,type=2,size=2312 (deleted)
786879469000-78687946a000 rw-s 00000000 00:01 49801                      /memfd:pipewire-memfd:flags=0x0000000f,type=2,size=4096 (deleted)
78687946a000-78687946b000 rw-s 00000000 00:01 13314                      /memfd:pipewire-memfd:flags=0x0000000f,type=2,size=2312 (deleted)
78687946b000-78687946c000 rw-s 00000000 00:01 49800                      /memfd:pipewire-memfd:flags=0x0000000f,type=2,size=2312 (deleted)
78687946c000-78687946d000 rw-s 00000000 00:01 59652                      /memfd:pipewire-memfd:flags=0x0000000f,type=2,size=2312 (deleted)
78687946d000-786879476000 rw-s 00000000 00:01 59660                      /memfd:pipewire-memfd:flags=0x0000000f,type=2,size=32832 (deleted)
786879476000-786879477000 rw-s 00000000 00:01 59622                      /memfd:pipewire-memfd:flags=0x0000000f,type=2,size=4096 (deleted)
786879477000-786879480000 rw-s 00000000 00:01 57637                      /memfd:pipewire-memfd:flags=0x0000000f,type=2,size=32832 (deleted)
786879480000-786879489000 rw-s 00000000 00:01 57636                      /memfd:pipewire-memfd:flags=0x0000000f,type=2,size=32832 (deleted)
786879489000-78687948a000 rw-s 00000000 00:01 13314                      /memfd:pipewire-memfd:flags=0x0000000f,type=2,size=2312 (deleted)
78687948a000-78687948b000 rw-s 00000000 00:01 59621                      /memfd:pipewire-memfd:flags=0x0000000f,type=2,size=2312 (deleted)
78687948b000-78687948c000 rw-s 00000000 00:01 51860                      /memfd:pipewire-memfd:flags=0x0000000f,type=2,size=2312 (deleted)
78687948c000-78687948d000 rw-s 00000000 00:01 59624                      /memfd:pipewire-memfd:flags=0x0000000f,type=2,size=4096 (deleted)
78687948d000-786879496000 rw-s 00000000 00:01 58624                      /memfd:pipewire-memfd:flags=0x0000000f,type=2,size=32832 (deleted)
786879496000-78687949f000 rw-s 00000000 00:01 58623                      /memfd:pipewire-memfd:flags=0x0000000f,type=2,size=32832 (deleted)
78687949f000-7868794a0000 rw-s 00000000 00:01 13314                      /memfd:pipewire-memfd:flags=0x0000000f,type=2,size=2312 (deleted)
7868794a0000-7868794a1000 rw-s 00000000 00:01 59623                      /memfd:pipewire-memfd:flags=0x0000000f,type=2,size=2312 (deleted)
7868794a1000-7868794a2000 rw-s 00000000 00:01 60688                      /memfd:pipewire-memfd:flags=0x0000000f,type=2,size=2312 (deleted)
7868794a2000-7868794a3000 rw-s 00000000 00:01 55569                      /memfd:pipewire-memfd:flags=0x0000000f,type=2,size=4096 (deleted)
7868794a3000-7868794ac000 rw-s 00000000 00:01 64529                      /memfd:pipewire-memfd:flags=0x0000000f,type=2,size=32832 (deleted)
7868794ac000-7868794b5000 rw-s 00000000 00:01 64528                      /memfd:pipewire-memfd:flags=0x0000000f,type=2,size=32832 (deleted)
7868794b5000-7868794b6000 rw-s 00000000 00:01 13314                      /memfd:pipewire-memfd:flags=0x0000000f,type=2,size=2312 (deleted)
7868794b6000-7868794b7000 rw-s 00000000 00:01 55568                      /memfd:pipewire-memfd:flags=0x0000000f,type=2,size=2312 (deleted)
7868794b7000-7868794b8000 rw-s 00000000 00:01 59620                      /memfd:pipewire-memfd:flags=0x0000000f,type=2,size=2312 (deleted)
7868794b8000-7868794b9000 rw-s 00000000 00:01 49770                      /memfd:pipewire-memfd:flags=0x0000000f,type=2,size=4096 (deleted)
7868794b9000-7868794c2000 rw-s 00000000 00:01 49772                      /memfd:pipewire-memfd:flags=0x0000000f,type=2,size=32832 (deleted)
7868794c2000-7868794cb000 rw-s 00000000 00:01 49771                      /memfd:pipewire-memfd:flags=0x0000000f,type=2,size=32832 (deleted)
7868794cb000-7868794cc000 rw-s 00000000 00:01 13314                      /memfd:pipewire-memfd:flags=0x0000000f,type=2,size=2312 (deleted)
7868794cc000-7868794cd000 rw-s 00000000 00:01 49769                      /memfd:pipewire-memfd:flags=0x0000000f,type=2,size=2312 (deleted)
7868794cd000-7868794ce000 rw-s 00000000 00:01 59619                      /memfd:pipewire-memfd:flags=0x0000000f,type=2,size=2312 (deleted)
7868794ce000-7868794cf000 rw-s 00000000 00:01 50841                      /memfd:pipewire-memfd:flags=0x0000000f,type=2,size=4096 (deleted)
7868794cf000-7868794d8000 rw-s 00000000 00:01 55572                      /memfd:pipewire-memfd:flags=0x0000000f,type=2,size=32832 (deleted)
7868794d8000-7868794e1000 rw-s 00000000 00:01 55571                      /memfd:pipewire-memfd:flags=0x0000000f,type=2,size=32832 (deleted)
7868794e1000-7868794e2000 rw-s 00000000 00:01 13314                      /memfd:pipewire-memfd:flags=0x0000000f,type=2,size=2312 (deleted)
7868794e2000-7868794e3000 rw-s 00000000 00:01 50840                      /memfd:pipewire-memfd:flags=0x0000000f,type=2,size=2312 (deleted)
7868794e3000-7868794e4000 rw-s 00000000 00:01 53668                      /memfd:pipewire-memfd:flags=0x0000000f,type=2,size=2312 (deleted)
7868794e4000-7868794e5000 rw-s 00000000 00:01 54685                      /memfd:pipewire-memfd:flags=0x0000000f,type=2,size=4096 (deleted)
7868794e5000-7868794ee000 rw-s 00000000 00:01 51862                      /memfd:pipewire-memfd:flags=0x0000000f,type=2,size=32832 (deleted)
7868794ee000-7868794f7000 rw-s 00000000 00:01 51861                      /memfd:pipewire-memfd:flags=0x0000000f,type=2,size=32832 (deleted)
7868794f7000-7868794f8000 rw-s 00000000 00:01 13314                      /memfd:pipewire-memfd:flags=0x0000000f,type=2,size=2312 (deleted)
7868794f8000-7868794f9000 rw-s 00000000 00:01 54684                      /memfd:pipewire-memfd:flags=0x0000000f,type=2,size=2312 (deleted)
7868794f9000-7868794fa000 rw-s 00000000 00:01 50838                      /memfd:pipewire-memfd:flags=0x0000000f,type=2,size=2312 (deleted)
7868794fa000-7868794fb000 rw-s 00000000 00:01 50843                      /memfd:pipewire-memfd:flags=0x0000000f,type=2,size=4096 (deleted)
7868794fb000-786879504000 rw-s 00000000 00:01 52592                      /memfd:pipewire-memfd:flags=0x0000000f,type=2,size=32832 (deleted)
786879504000-78687950d000 rw-s 00000000 00:01 52591                      /memfd:pipewire-memfd:flags=0x0000000f,type=2,size=32832 (deleted)
78687950d000-78687950e000 rw-s 00000000 00:01 13314                      /memfd:pipewire-memfd:flags=0x0000000f,type=2,size=2312 (deleted)
78687950e000-78687950f000 rw-s 00000000 00:01 50842                      /memfd:pipewire-memfd:flags=0x0000000f,type=2,size=2312 (deleted)
78687950f000-786879510000 rw-s 00000000 00:01 55578                      /memfd:pipewire-memfd:flags=0x0000000f,type=2,size=2312 (deleted)
786879510000-786879511000 rw-s 00000000 00:01 62602                      /memfd:pipewire-memfd:flags=0x0000000f,type=2,size=4096 (deleted)
786879511000-78687951a000 rw-s 00000000 00:01 64535                      /memfd:pipewire-memfd:flags=0x0000000f,type=2,size=32832 (deleted)
78687951a000-786879523000 rw-s 00000000 00:01 64534                      /memfd:pipewire-memfd:flags=0x0000000f,type=2,size=32832 (deleted)
786879523000-786879524000 rw-s 00000000 00:01 13314                      /memfd:pipewire-memfd:flags=0x0000000f,type=2,size=2312 (deleted)
786879524000-786879525000 rw-s 00000000 00:01 62601                      /memfd:pipewire-memfd:flags=0x0000000f,type=2,size=2312 (deleted)
786879525000-786879526000 rw-s 00000000 00:01 52600                      /memfd:pipewire-memfd:flags=0x0000000f,type=2,size=2312 (deleted)
786879526000-786879527000 rw-s 00000000 00:01 53680                      /memfd:pipewire-memfd:flags=0x0000000f,type=2,size=4096 (deleted)
786879527000-786879530000 rw-s 00000000 00:01 53682                      /memfd:pipewire-memfd:flags=0x0000000f,type=2,size=32832 (deleted)
786879530000-786879539000 rw-s 00000000 00:01 53681                      /memfd:pipewire-memfd:flags=0x0000000f,type=2,size=32832 (deleted)
786879539000-78687953a000 rw-s 00000000 00:01 13314                      /memfd:pipewire-memfd:flags=0x0000000f,type=2,size=2312 (deleted)
78687953a000-78687953b000 rw-s 00000000 00:01 53679                      /memfd:pipewire-memfd:flags=0x0000000f,type=2,size=2312 (deleted)
78687953b000-78687953c000 rw-s 00000000 00:01 59630                      /memfd:pipewire-memfd:flags=0x0000000f,type=2,size=2312 (deleted)
78687953c000-78687953d000 rw-s 00000000 00:01 59658                      /memfd:pipewire-memfd:flags=0x0000000f,type=2,size=4096 (deleted)
78687953d000-786879546000 rw-s 00000000 00:01 59659                      /memfd:pipewire-memfd:flags=0x0000000f,type=2,size=32832 (deleted)
786879546000-786879547000 rw-s 00000000 00:01 13314                      /memfd:pipewire-memfd:flags=0x0000000f,type=2,size=2312 (deleted)
786879547000-786879548000 rw-s 00000000 00:01 59657                      /memfd:pipewire-memfd:flags=0x0000000f,type=2,size=2312 (deleted)
786879548000-786879549000 rw-s 00000000 00:01 56685                      /memfd:pipewire-memfd:flags=0x0000000f,type=2,size=2312 (deleted)
786879549000-786879552000 rw-s 00000000 00:01 58648                      /memfd:pipewire-memfd:flags=0x0000000f,type=2,size=32832 (deleted)
786879552000-786879553000 rw-s 00000000 00:01 55603                      /memfd:pipewire-memfd:flags=0x0000000f,type=2,size=4096 (deleted)
786879553000-78687955c000 rw-s 00000000 00:01 52603                      /memfd:pipewire-memfd:flags=0x0000000f,type=2,size=32832 (deleted)
78687955c000-786879565000 rw-s 00000000 00:01 52602                      /memfd:pipewire-memfd:flags=0x0000000f,type=2,size=32832 (deleted)
786879565000-786879566000 rw-s 00000000 00:01 13314                      /memfd:pipewire-memfd:flags=0x0000000f,type=2,size=2312 (deleted)
786879566000-786879567000 rw-s 00000000 00:01 55602                      /memfd:pipewire-memfd:flags=0x0000000f,type=2,size=2312 (deleted)
786879567000-786879568000 rw-s 00000000 00:01 62619                      /memfd:pipewire-memfd:flags=0x0000000f,type=2,size=2312 (deleted)
786879568000-786879571000 rw-s 00000000 00:01 57649                      /memfd:pipewire-memfd:flags=0x0000000f,type=2,size=32832 (deleted)
786879571000-78687957a000 rw-s 00000000 00:01 57648                      /memfd:pipewire-memfd:flags=0x0000000f,type=2,size=32832 (deleted)
78687957a000-78687957b000 rw-s 00000000 00:01 13314                      /memfd:pipewire-memfd:flags=0x0000000f,type=2,size=2312 (deleted)
78687957b000-78687957c000 rw-s 00000000 00:01 64537                      /memfd:pipewire-memfd:flags=0x0000000f,type=2,size=2312 (deleted)
78687957c000-78687957d000 rw-s 00000000 00:01 60699                      /memfd:pipewire-memfd:flags=0x0000000f,type=2,size=2312 (deleted)
78687957d000-78687957e000 rw-s 00000000 00:01 51884                      /memfd:pipewire-memfd:flags=0x0000000f,type=2,size=4096 (deleted)
78687957e000-786879587000 rw-s 00000000 00:01 53688                      /memfd:pipewire-memfd:flags=0x0000000f,type=2,size=32832 (deleted)
786879587000-786879590000 rw-s 00000000 00:01 53687                      /memfd:pipewire-memfd:flags=0x0000000f,type=2,size=32832 (deleted)
786879590000-786879591000 rw-s 00000000 00:01 13314                      /memfd:pipewire-memfd:flags=0x0000000f,type=2,size=2312 (deleted)
786879591000-786879592000 rw-s 00000000 00:01 51883                      /memfd:pipewire-memfd:flags=0x0000000f,type=2,size=2312 (deleted)
786879592000-786879593000 rw-s 00000000 00:01 60701                      /memfd:pipewire-memfd:flags=0x0000000f,type=2,size=2312 (deleted)
786879593000-786879594000 rw-s 00000000 00:01 62632                      /memfd:pipewire-memfd:flags=0x0000000f,type=2,size=2312 (deleted)
786879594000-786879595000 rw-s 00000000 00:01 53697                      /memfd:pipewire-memfd:flags=0x0000000f,type=2,size=4096 (deleted)
786879595000-78687959e000 rw-s 00000000 00:01 56687                      /memfd:pipewire-memfd:flags=0x0000000f,type=2,size=32832 (deleted)
78687959e000-7868795a7000 rw-s 00000000 00:01 56686                      /memfd:pipewire-memfd:flags=0x0000000f,type=2,size=32832 (deleted)
7868795a7000-7868795a8000 rw-s 00000000 00:01 13314                      /memfd:pipewire-memfd:flags=0x0000000f,type=2,size=2312 (deleted)
7868795a8000-7868795a9000 rw-s 00000000 00:01 53696                      /memfd:pipewire-memfd:flags=0x0000000f,type=2,size=2312 (deleted)
7868795a9000-7868795aa000 rw-s 00000000 00:01 52578                      /memfd:pipewire-memfd:flags=0x0000000f,type=2,size=4096 (deleted)
7868795aa000-7868795b3000 rw-s 00000000 00:01 52580                      /memfd:pipewire-memfd:flags=0x0000000f,type=2,size=32832 (deleted)
7868795b3000-7868795bc000 rw-s 00000000 00:01 52579                      /memfd:pipewire-memfd:flags=0x0000000f,type=2,size=32832 (deleted)
7868795bc000-7868795bd000 rw-s 00000000 00:01 13314                      /memfd:pipewire-memfd:flags=0x0000000f,type=2,size=2312 (deleted)
7868795bd000-7868795be000 rw-s 00000000 00:01 52577                      /memfd:pipewire-memfd:flags=0x0000000f,type=2,size=2312 (deleted)
7868795be000-7868795bf000 rw-s 00000000 00:01 61594                      /memfd:pipewire-memfd:flags=0x0000000f,type=2,size=2312 (deleted)
7868795bf000-7868795c8000 rw-s 00000000 00:01 49820                      /memfd:pipewire-memfd:flags=0x0000000f,type=2,size=32832 (deleted)
7868795c8000-7868795d1000 rw-s 00000000 00:01 49819                      /memfd:pipewire-memfd:flags=0x0000000f,type=2,size=32832 (deleted)
7868795d1000-7868795da000 rw-s 00000000 00:01 53666                      /memfd:pipewire-memfd:flags=0x0000000f,type=2,size=32832 (deleted)
7868795da000-7868795db000 rw-s 00000000 00:01 60698                      /memfd:pipewire-memfd:flags=0x0000000f,type=2,size=4096 (deleted)
7868795db000-7868795e4000 rw-s 00000000 00:01 62608                      /memfd:pipewire-memfd:flags=0x0000000f,type=2,size=32832 (deleted)
7868795e4000-7868795ed000 rw-s 00000000 00:01 62607                      /memfd:pipewire-memfd:flags=0x0000000f,type=2,size=32832 (deleted)
7868795ed000-7868795ee000 rw-s 00000000 00:01 13314                      /memfd:pipewire-memfd:flags=0x0000000f,type=2,size=2312 (deleted)
7868795ee000-7868795ef000 rw-s 00000000 00:01 60697                      /memfd:pipewire-memfd:flags=0x0000000f,type=2,size=2312 (deleted)
7868795ef000-7868795f0000 rw-s 00000000 00:01 62606                      /memfd:pipewire-memfd:flags=0x0000000f,type=2,size=2312 (deleted)
7868795f0000-7868795f1000 rw-s 00000000 00:01 49818                      /memfd:pipewire-memfd:flags=0x0000000f,type=2,size=4096 (deleted)
7868795f1000-7868795f2000 rw-s 00000000 00:01 13314                      /memfd:pipewire-memfd:flags=0x0000000f,type=2,size=2312 (deleted)
7868795f2000-7868795f3000 rw-s 00000000 00:01 49817                      /memfd:pipewire-memfd:flags=0x0000000f,type=2,size=2312 (deleted)
7868795f3000-7868795f4000 rw-s 00000000 00:01 54700                      /memfd:pipewire-memfd:flags=0x0000000f,type=2,size=2312 (deleted)
7868795f4000-7868795f5000 rw-s 00000000 00:01 55565                      /memfd:pipewire-memfd:flags=0x0000000f,type=2,size=4096 (deleted)
7868795f5000-7868795fe000 rw-s 00000000 00:01 53665                      /memfd:pipewire-memfd:flags=0x0000000f,type=2,size=32832 (deleted)
7868795fe000-7868795ff000 rw-s 00000000 00:01 13314                      /memfd:pipewire-memfd:flags=0x0000000f,type=2,size=2312 (deleted)
7868795ff000-786879600000 rw-s 00000000 00:01 55564                      /memfd:pipewire-memfd:flags=0x0000000f,type=2,size=2312 (deleted)
786879600000-786879601000 rw-s 00000000 00:01 62589                      /memfd:pipewire-memfd:flags=0x0000000f,type=2,size=2312 (deleted)
786879601000-786879602000 rw-s 00000000 00:01 49822                      /memfd:pipewire-memfd:flags=0x0000000f,type=2,size=4096 (deleted)
786879602000-78687960b000 rw-s 00000000 00:01 57660                      /memfd:pipewire-memfd:flags=0x0000000f,type=2,size=32832 (deleted)
78687960b000-786879614000 rw-s 00000000 00:01 57659                      /memfd:pipewire-memfd:flags=0x0000000f,type=2,size=32832 (deleted)
786879614000-786879615000 rw-s 00000000 00:01 13314                      /memfd:pipewire-memfd:flags=0x0000000f,type=2,size=2312 (deleted)
786879615000-786879616000 rw-s 00000000 00:01 49821                      /memfd:pipewire-memfd:flags=0x0000000f,type=2,size=2312 (deleted)
786879616000-786879617000 rw-s 00000000 00:01 63578                      /memfd:pipewire-memfd:flags=0x0000000f,type=2,size=2312 (deleted)
786879617000-786879618000 rw-s 00000000 00:01 59594                      /memfd:pipewire-memfd:flags=0x0000000f,type=2,size=4096 (deleted)
786879618000-786879621000 rw-s 00000000 00:01 59596                      /memfd:pipewire-memfd:flags=0x0000000f,type=2,size=32832 (deleted)
786879621000-78687962a000 rw-s 00000000 00:01 59595                      /memfd:pipewire-memfd:flags=0x0000000f,type=2,size=32832 (deleted)
78687962a000-78687962b000 rw-s 00000000 00:01 13314                      /memfd:pipewire-memfd:flags=0x0000000f,type=2,size=2312 (deleted)
78687962b000-78687962c000 rw-s 00000000 00:01 59593                      /memfd:pipewire-memfd:flags=0x0000000f,type=2,size=2312 (deleted)
78687962c000-78687962d000 rw-s 00000000 00:01 54658                      /memfd:pipewire-memfd:flags=0x0000000f,type=2,size=2312 (deleted)
78687962d000-78687962e000 rw-s 00000000 00:01 51808                      /memfd:pipewire-memfd:flags=0x0000000f,type=2,size=4096 (deleted)
78687962e000-786879637000 rw-s 00000000 00:01 61593                      /memfd:pipewire-memfd:flags=0x0000000f,type=2,size=32832 (deleted)
786879637000-786879640000 rw-s 00000000 00:01 61592                      /memfd:pipewire-memfd:flags=0x0000000f,type=2,size=32832 (deleted)
786879640000-786879641000 rw-s 00000000 00:01 13314                      /memfd:pipewire-memfd:flags=0x0000000f,type=2,size=2312 (deleted)
786879641000-786879642000 rw-s 00000000 00:01 51807                      /memfd:pipewire-memfd:flags=0x0000000f,type=2,size=2312 (deleted)
786879642000-786879643000 rw-s 00000000 00:01 60663                      /memfd:pipewire-memfd:flags=0x0000000f,type=2,size=2312 (deleted)
786879643000-786879644000 rw-s 00000000 00:01 53645                      /memfd:pipewire-memfd:flags=0x0000000f,type=2,size=4096 (deleted)
786879644000-78687964d000 rw-s 00000000 00:01 51806                      /memfd:pipewire-memfd:flags=0x0000000f,type=2,size=32832 (deleted)
78687964d000-786879656000 rw-s 00000000 00:01 51805                      /memfd:pipewire-memfd:flags=0x0000000f,type=2,size=32832 (deleted)
786879656000-786879657000 rw-s 00000000 00:01 13314                      /memfd:pipewire-memfd:flags=0x0000000f,type=2,size=2312 (deleted)
786879657000-786879658000 rw-s 00000000 00:01 53644                      /memfd:pipewire-memfd:flags=0x0000000f,type=2,size=2312 (deleted)
786879658000-786879659000 rw-s 00000000 00:01 63534                      /memfd:pipewire-memfd:flags=0x0000000f,type=2,size=2312 (deleted)
786879659000-78687965a000 rw-s 00000000 00:01 51802                      /memfd:pipewire-memfd:flags=0x0000000f,type=2,size=4096 (deleted)
78687965a000-786879663000 rw-s 00000000 00:01 51804                      /memfd:pipewire-memfd:flags=0x0000000f,type=2,size=32832 (deleted)
786879663000-78687966c000 rw-s 00000000 00:01 51803                      /memfd:pipewire-memfd:flags=0x0000000f,type=2,size=32832 (deleted)
78687966c000-78687966d000 rw-s 00000000 00:01 13314                      /memfd:pipewire-memfd:flags=0x0000000f,type=2,size=2312 (deleted)
78687966d000-78687966e000 rw-s 00000000 00:01 51801                      /memfd:pipewire-memfd:flags=0x0000000f,type=2,size=2312 (deleted)
78687966e000-78687966f000 rw-s 00000000 00:01 63533                      /memfd:pipewire-memfd:flags=0x0000000f,type=2,size=2312 (deleted)
78687966f000-786879670000 rw-s 00000000 00:01 56661                      /memfd:pipewire-memfd:flags=0x0000000f,type=2,size=4096 (deleted)
786879670000-786879679000 rw-s 00000000 00:01 56663                      /memfd:pipewire-memfd:flags=0x0000000f,type=2,size=32832 (deleted)
786879679000-786879682000 rw-s 00000000 00:01 56662                      /memfd:pipewire-memfd:flags=0x0000000f,type=2,size=32832 (deleted)
786879682000-78687968b000 rw-s 00000000 00:01 49824                      /memfd:pipewire-memfd:flags=0x0000000f,type=2,size=32832 (deleted)
78687968b000-786879694000 rw-s 00000000 00:01 49823                      /memfd:pipewire-memfd:flags=0x0000000f,type=2,size=32832 (deleted)
786879694000-78687969d000 rw-s 00000000 00:01 58647                      /memfd:pipewire-memfd:flags=0x0000000f,type=2,size=32832 (deleted)
78687969d000-7868796a6000 rw-s 00000000 00:01 59654                      /memfd:pipewire-memfd:flags=0x0000000f,type=2,size=32832 (deleted)
7868796a6000-7868796aa000 r--p 00000000 08:02 7868516                    /usr/lib/x86_64-linux-gnu/libgpg-error.so.0.34.0
7868796aa000-7868796c0000 r-xp 00004000 08:02 7868516                    /usr/lib/x86_64-linux-gnu/libgpg-error.so.0.34.0
7868796c0000-7868796c9000 r--p 0001a000 08:02 7868516                    /usr/lib/x86_64-linux-gnu/libgpg-error.so.0.34.0
7868796c9000-7868796ca000 r--p 00023000 08:02 7868516                    /usr/lib/x86_64-linux-gnu/libgpg-error.so.0.34.0
7868796ca000-7868796cb000 rw-p 00024000 08:02 7868516                    /usr/lib/x86_64-linux-gnu/libgpg-error.so.0.34.0
7868796cb000-7868796cf000 r--p 00000000 08:02 7898223                    /usr/lib/x86_64-linux-gnu/libzstd.so.1.5.5
7868796cf000-786879776000 r-xp 00004000 08:02 7898223                    /usr/lib/x86_64-linux-gnu/libzstd.so.1.5.5
786879776000-786879783000 r--p 000ab000 08:02 7898223                    /usr/lib/x86_64-linux-gnu/libzstd.so.1.5.5
786879783000-786879784000 r--p 000b7000 08:02 7898223                    /usr/lib/x86_64-linux-gnu/libzstd.so.1.5.5
786879784000-786879785000 rw-p 000b8000 08:02 7898223                    /usr/lib/x86_64-linux-gnu/libzstd.so.1.5.5
786879785000-786879788000 r--p 00000000 08:02 7894323                    /usr/lib/x86_64-linux-gnu/liblzma.so.5.4.5
786879788000-7868797aa000 r-xp 00003000 08:02 7894323                    /usr/lib/x86_64-linux-gnu/liblzma.so.5.4.5
7868797aa000-7868797b5000 r--p 00025000 08:02 7894323                    /usr/lib/x86_64-linux-gnu/liblzma.so.5.4.5
7868797b5000-7868797b6000 r--p 00030000 08:02 7894323                    /usr/lib/x86_64-linux-gnu/liblzma.so.5.4.5
7868797b6000-7868797b7000 rw-p 00031000 08:02 7894323                    /usr/lib/x86_64-linux-gnu/liblzma.so.5.4.5
7868797b7000-7868797ba000 r--p 00000000 08:02 7897376                    /usr/lib/x86_64-linux-gnu/liblz4.so.1.9.4
7868797ba000-7868797d5000 r-xp 00003000 08:02 7897376                    /usr/lib/x86_64-linux-gnu/liblz4.so.1.9.4
7868797d5000-7868797d7000 r--p 0001e000 08:02 7897376                    /usr/lib/x86_64-linux-gnu/liblz4.so.1.9.4
7868797d7000-7868797d8000 r--p 00020000 08:02 7897376                    /usr/lib/x86_64-linux-gnu/liblz4.so.1.9.4
7868797d8000-7868797d9000 rw-p 00021000 08:02 7897376                    /usr/lib/x86_64-linux-gnu/liblz4.so.1.9.4
7868797d9000-7868797e8000 r--p 00000000 08:02 7897019                    /usr/lib/x86_64-linux-gnu/libgcrypt.so.20.4.3
7868797e8000-7868798dc000 r-xp 0000f000 08:02 7897019                    /usr/lib/x86_64-linux-gnu/libgcrypt.so.20.4.3
7868798dc000-786879917000 r--p 00103000 08:02 7897019                    /usr/lib/x86_64-linux-gnu/libgcrypt.so.20.4.3
786879917000-78687991c000 r--p 0013e000 08:02 7897019                    /usr/lib/x86_64-linux-gnu/libgcrypt.so.20.4.3
78687991c000-786879920000 rw-p 00143000 08:02 7897019                    /usr/lib/x86_64-linux-gnu/libgcrypt.so.20.4.3
786879920000-786879921000 rw-p 00000000 00:00 0 
786879921000-786879924000 r--p 00000000 08:02 7868540                    /usr/lib/x86_64-linux-gnu/libcap.so.2.66
786879924000-78687992a000 r-xp 00003000 08:02 7868540                    /usr/lib/x86_64-linux-gnu/libcap.so.2.66
78687992a000-78687992c000 r--p 00009000 08:02 7868540                    /usr/lib/x86_64-linux-gnu/libcap.so.2.66
78687992c000-78687992d000 r--p 0000b000 08:02 7868540                    /usr/lib/x86_64-linux-gnu/libcap.so.2.66
78687992d000-78687992e000 rw-p 0000c000 08:02 7868540                    /usr/lib/x86_64-linux-gnu/libcap.so.2.66
78687992e000-786879944000 r--p 00000000 08:02 7876799                    /usr/lib/x86_64-linux-gnu/libsystemd.so.0.38.0
786879944000-7868799d3000 r-xp 00016000 08:02 7876799                    /usr/lib/x86_64-linux-gnu/libsystemd.so.0.38.0
7868799d3000-786879a01000 r--p 000a5000 08:02 7876799                    /usr/lib/x86_64-linux-gnu/libsystemd.so.0.38.0
786879a01000-786879a0c000 r--p 000d2000 08:02 7876799                    /usr/lib/x86_64-linux-gnu/libsystemd.so.0.38.0
786879a0c000-786879a0d000 rw-p 000dd000 08:02 7876799                    /usr/lib/x86_64-linux-gnu/libsystemd.so.0.38.0
786879a0d000-786879a0e000 rw-p 00000000 00:00 0 
786879a0e000-786879a0f000 rw-s 00000000 00:01 13314                      /memfd:pipewire-memfd:flags=0x0000000f,type=2,size=2312 (deleted)
786879a0f000-786879a10000 rw-s 00000000 00:01 56660                      /memfd:pipewire-memfd:flags=0x0000000f,type=2,size=2312 (deleted)
786879a10000-786879a11000 rw-s 00000000 00:01 50839                      /memfd:pipewire-memfd:flags=0x0000000f,type=2,size=2312 (deleted)
786879a11000-786879a12000 rw-s 00000000 00:01 64561                      /memfd:pipewire-memfd:flags=0x0000000f,type=2,size=4096 (deleted)
786879a12000-786879a1b000 rw-s 00000000 00:01 59653                      /memfd:pipewire-memfd:flags=0x0000000f,type=2,size=32832 (deleted)
786879a1b000-786879a24000 rw-s 00000000 00:01 51867                      /memfd:pipewire-memfd:flags=0x0000000f,type=2,size=32832 (deleted)
786879a24000-786879a2b000 r--s 00000000 08:02 8021191                    /usr/lib/x86_64-linux-gnu/gconv/gconv-modules.cache
786879a2b000-786879a5e000 r--p 00000000 08:02 7865550                    /usr/lib/x86_64-linux-gnu/libpipewire-0.3.so.0.1005.0
786879a5e000-786879ac5000 r-xp 00033000 08:02 7865550                    /usr/lib/x86_64-linux-gnu/libpipewire-0.3.so.0.1005.0
786879ac5000-786879ade000 r--p 0009a000 08:02 7865550                    /usr/lib/x86_64-linux-gnu/libpipewire-0.3.so.0.1005.0
786879ade000-786879b09000 r--p 000b2000 08:02 7865550                    /usr/lib/x86_64-linux-gnu/libpipewire-0.3.so.0.1005.0
786879b09000-786879b0a000 rw-p 000dd000 08:02 7865550                    /usr/lib/x86_64-linux-gnu/libpipewire-0.3.so.0.1005.0
786879b0a000-786879b0b000 rw-p 00000000 00:00 0 
786879b0b000-786879b36000 r--p 00000000 08:02 7896507                    /usr/lib/x86_64-linux-gnu/libasound.so.2.0.0
786879b36000-786879bd5000 r-xp 0002b000 08:02 7896507                    /usr/lib/x86_64-linux-gnu/libasound.so.2.0.0
786879bd5000-786879c0d000 r--p 000ca000 08:02 7896507                    /usr/lib/x86_64-linux-gnu/libasound.so.2.0.0
786879c0d000-786879c14000 r--p 00101000 08:02 7896507                    /usr/lib/x86_64-linux-gnu/libasound.so.2.0.0
786879c14000-786879c15000 rw-p 00108000 08:02 7896507                    /usr/lib/x86_64-linux-gnu/libasound.so.2.0.0
786879c15000-786879c16000 rw-s 00000000 00:01 13314                      /memfd:pipewire-memfd:flags=0x0000000f,type=2,size=2312 (deleted)
786879c16000-786879c17000 rw-s 00000000 00:01 64560                      /memfd:pipewire-memfd:flags=0x0000000f,type=2,size=2312 (deleted)
786879c17000-786879c18000 rw-s 00000000 00:01 57661                      /memfd:pipewire-memfd:flags=0x0000000f,type=2,size=2312 (deleted)
786879c18000-786879c19000 rw-s 00000000 00:01 60705                      /memfd:pipewire-memfd:flags=0x0000000f,type=2,size=2312 (deleted)
786879c19000-786879c1a000 rw-s 00000000 00:01 58652                      /memfd:pipewire-memfd:flags=0x0000000f,type=2,size=4096 (deleted)
786879c1a000-786879c1b000 rw-s 00000000 00:01 13314                      /memfd:pipewire-memfd:flags=0x0000000f,type=2,size=2312 (deleted)
786879c1b000-786879c1c000 rw-s 00000000 00:01 58651                      /memfd:pipewire-memfd:flags=0x0000000f,type=2,size=2312 (deleted)
786879c1c000-786879c1d000 rw-s 00000000 00:01 52613                      /memfd:pipewire-memfd:flags=0x0000000f,type=2,size=2312 (deleted)
786879c1d000-786879c1e000 rw-s 00000000 00:01 49809                      /memfd:pipewire-memfd:flags=0x0000000f,type=2,size=4096 (deleted)
786879c1e000-786879c1f000 rw-s 00000000 00:01 13314                      /memfd:pipewire-memfd:flags=0x0000000f,type=2,size=2312 (deleted)
786879c1f000-786879c20000 rw-s 00000000 00:01 49808                      /memfd:pipewire-memfd:flags=0x0000000f,type=2,size=2312 (deleted)
786879c20000-786879c21000 rw-s 00000000 00:01 51844                      /memfd:pipewire-memfd:flags=0x0000000f,type=2,size=4096 (deleted)
786879c21000-786879c2a000 rw-s 00000000 00:01 51846                      /memfd:pipewire-memfd:flags=0x0000000f,type=2,size=32832 (deleted)
786879c2a000-786879c33000 rw-s 00000000 00:01 51845                      /memfd:pipewire-memfd:flags=0x0000000f,type=2,size=32832 (deleted)
786879c33000-786879c34000 rw-s 00000000 00:01 13314                      /memfd:pipewire-memfd:flags=0x0000000f,type=2,size=2312 (deleted)
786879c34000-786879c35000 rw-s 00000000 00:01 51843                      /memfd:pipewire-memfd:flags=0x0000000f,type=2,size=2312 (deleted)
786879c35000-786879c36000 rw-s 00000000 00:01 56648                      /memfd:pipewire-memfd:flags=0x0000000f,type=2,size=2312 (deleted)
786879c36000-786879c37000 rw-s 00000000 00:01 51842                      /memfd:pipewire-memfd:flags=0x0000000f,type=2,size=4096 (deleted)
786879c37000-786879c40000 rw-s 00000000 00:01 63541                      /memfd:pipewire-memfd:flags=0x0000000f,type=2,size=32832 (deleted)
786879c40000-786879c49000 rw-s 00000000 00:01 63540                      /memfd:pipewire-memfd:flags=0x0000000f,type=2,size=32832 (deleted)
786879c49000-786879c4a000 rw-s 00000000 00:01 13314                      /memfd:pipewire-memfd:flags=0x0000000f,type=2,size=2312 (deleted)
786879c4a000-786879c4b000 rw-s 00000000 00:01 51841                      /memfd:pipewire-memfd:flags=0x0000000f,type=2,size=2312 (deleted)
786879c4b000-786879c4c000 rw-s 00000000 00:01 49763                      /memfd:pipewire-memfd:flags=0x0000000f,type=2,size=2312 (deleted)
786879c4c000-786879c4d000 rw-s 00000000 00:01 64521                      /memfd:pipewire-memfd:flags=0x0000000f,type=2,size=4096 (deleted)
786879c4d000-786879c56000 rw-s 00000000 00:01 59614                      /memfd:pipewire-memfd:flags=0x0000000f,type=2,size=32832 (deleted)
786879c56000-786879c5f000 rw-s 00000000 00:01 59613                      /memfd:pipewire-memfd:flags=0x0000000f,type=2,size=32832 (deleted)
786879c5f000-786879c60000 rw-s 00000000 00:01 13314                      /memfd:pipewire-memfd:flags=0x0000000f,type=2,size=2312 (deleted)
786879c60000-786879c61000 rw-s 00000000 00:01 64520                      /memfd:pipewire-memfd:flags=0x0000000f,type=2,size=2312 (deleted)
786879c61000-786879c62000 rw-s 00000000 00:01 56647                      /memfd:pipewire-memfd:flags=0x0000000f,type=2,size=2312 (deleted)
786879c62000-786879c63000 rw-s 00000000 00:01 59616                      /memfd:pipewire-memfd:flags=0x0000000f,type=2,size=4096 (deleted)
786879c63000-786879c6c000 rw-s 00000000 00:01 49765                      /memfd:pipewire-memfd:flags=0x0000000f,type=2,size=32832 (deleted)
786879c6c000-786879c75000 rw-s 00000000 00:01 49764                      /memfd:pipewire-memfd:flags=0x0000000f,type=2,size=32832 (deleted)
786879c75000-786879c76000 rw-s 00000000 00:01 13314                      /memfd:pipewire-memfd:flags=0x0000000f,type=2,size=2312 (deleted)
786879c76000-786879c77000 rw-s 00000000 00:01 59615                      /memfd:pipewire-memfd:flags=0x0000000f,type=2,size=2312 (deleted)
786879c77000-786879c78000 rw-s 00000000 00:01 53664                      /memfd:pipewire-memfd:flags=0x0000000f,type=2,size=2312 (deleted)
786879c78000-786879c79000 rw-s 00000000 00:01 55612                      /memfd:pipewire-memfd:flags=0x0000000f,type=2,size=4096 (deleted)
786879c79000-786879c82000 rw-s 00000000 00:01 60707                      /memfd:pipewire-memfd:flags=0x0000000f,type=2,size=32832 (deleted)
786879c82000-786879c8b000 rw-s 00000000 00:01 60706                      /memfd:pipewire-memfd:flags=0x0000000f,type=2,size=32832 (deleted)
786879c8b000-786879c8c000 rw-s 00000000 00:01 13314                      /memfd:pipewire-memfd:flags=0x0000000f,type=2,size=2312 (deleted)
786879c8c000-786879c8d000 rw-s 00000000 00:01 55611                      /memfd:pipewire-memfd:flags=0x0000000f,type=2,size=2312 (deleted)
786879c8d000-786879c8e000 rw-s 00000000 00:01 57658                      /memfd:pipewire-memfd:flags=0x0000000f,type=2,size=2312 (deleted)
786879c8e000-786879c8f000 rw-s 00000000 00:01 63570                      /memfd:pipewire-memfd:flags=0x0000000f,type=2,size=2312 (deleted)
786879c8f000-786879c90000 rw-s 00000000 00:01 59656                      /memfd:pipewire-memfd:flags=0x0000000f,type=2,size=4096 (deleted)
786879c90000-786879c91000 rw-s 00000000 00:01 13314                      /memfd:pipewire-memfd:flags=0x0000000f,type=2,size=2312 (deleted)
786879c91000-786879c92000 rw-s 00000000 00:01 59655                      /memfd:pipewire-memfd:flags=0x0000000f,type=2,size=2312 (deleted)
786879c92000-786879c93000 rw-s 00000000 00:01 51885                      /memfd:pipewire-memfd:flags=0x0000000f,type=2,size=2312 (deleted)
786879c93000-786879c94000 rw-s 00000000 00:01 49805                      /memfd:pipewire-memfd:flags=0x0000000f,type=2,size=4096 (deleted)
786879c94000-786879c95000 rw-s 00000000 00:01 13314                      /memfd:pipewire-memfd:flags=0x0000000f,type=2,size=2312 (deleted)
786879c95000-786879c96000 rw-s 00000000 00:01 49804                      /memfd:pipewire-memfd:flags=0x0000000f,type=2,size=2312 (deleted)
786879c96000-786879c97000 rw-s 00000000 00:01 52588                      /memfd:pipewire-memfd:flags=0x0000000f,type=2,size=4096 (deleted)
786879c97000-786879ca0000 rw-s 00000000 00:01 51866                      /memfd:pipewire-memfd:flags=0x0000000f,type=2,size=32832 (deleted)
786879ca0000-786879ca1000 rw-s 00000000 00:01 61629                      /memfd:pipewire-memfd:flags=0x0000000f,type=2,size=2312 (deleted)
786879ca1000-786879ca2000 rw-s 00000000 00:01 13314                      /memfd:pipewire-memfd:flags=0x0000000f,type=2,size=2312 (deleted)
786879ca2000-786879ca3000 rw-s 00000000 00:01 52587                      /memfd:pipewire-memfd:flags=0x0000000f,type=2,size=2312 (deleted)
786879ca3000-786879ca4000 rw-s 00000000 00:01 55577                      /memfd:pipewire-memfd:flags=0x0000000f,type=2,size=2312 (deleted)
786879ca4000-786879ca5000 rw-s 00000000 00:01 64558                      /memfd:pipewire-memfd:flags=0x0000000f,type=2,size=4096 (deleted)
786879ca5000-786879cae000 rw-s 00000000 00:01 60704                      /memfd:pipewire-memfd:flags=0x0000000f,type=2,size=32832 (deleted)
786879cae000-786879cb7000 rw-s 00000000 00:01 60703                      /memfd:pipewire-memfd:flags=0x0000000f,type=2,size=32832 (deleted)
786879cb7000-786879cb8000 rw-s 00000000 00:01 13314                      /memfd:pipewire-memfd:flags=0x0000000f,type=2,size=2312 (deleted)
786879cb8000-786879cb9000 rw-s 00000000 00:01 64557                      /memfd:pipewire-memfd:flags=0x0000000f,type=2,size=2312 (deleted)
786879cb9000-786879cba000 rw-s 00000000 00:01 49812                      /memfd:pipewire-memfd:flags=0x0000000f,type=2,size=2312 (deleted)
786879cba000-786879cbb000 rw-s 00000000 00:01 59662                      /memfd:pipewire-memfd:flags=0x0000000f,type=2,size=4096 (deleted)
786879cbb000-786879cc4000 rw-s 00000000 00:01 59664                      /memfd:pipewire-memfd:flags=0x0000000f,type=2,size=32832 (deleted)
786879cc4000-786879ccd000 rw-s 00000000 00:01 59663                      /memfd:pipewire-memfd:flags=0x0000000f,type=2,size=32832 (deleted)
786879ccd000-786879cd6000 rw-s 00000000 00:01 58630                      /memfd:pipewire-memfd:flags=0x0000000f,type=2,size=32832 (deleted)
786879cd6000-786879cdf000 rw-s 00000000 00:01 58629                      /memfd:pipewire-memfd:flags=0x0000000f,type=2,size=32832 (deleted)
786879cdf000-786879ce8000 rw-s 00000000 00:01 53691                      /memfd:pipewire-memfd:flags=0x0000000f,type=2,size=32832 (deleted)
786879ce8000-786879cf1000 rw-s 00000000 00:01 53690                      /memfd:pipewire-memfd:flags=0x0000000f,type=2,size=32832 (deleted)
786879cf1000-786879cfa000 rw-s 00000000 00:01 55567                      /memfd:pipewire-memfd:flags=0x0000000f,type=2,size=32832 (deleted)
786879cfa000-786879d03000 rw-s 00000000 00:01 55566                      /memfd:pipewire-memfd:flags=0x0000000f,type=2,size=32832 (deleted)
786879d03000-786879d0c000 rw-s 00000000 00:01 50829                      /memfd:pipewire-memfd:flags=0x0000000f,type=2,size=32832 (deleted)
786879d0c000-786879d15000 rw-s 00000000 00:01 50828                      /memfd:pipewire-memfd:flags=0x0000000f,type=2,size=32832 (deleted)
786879d15000-786879d16000 ---p 00000000 00:00 0 
786879d16000-786879e16000 rw-p 00000000 00:00 0 
786879e16000-786879e17000 ---p 00000000 00:00 0 
786879e17000-786879f17000 rw-p 00000000 00:00 0 
786879f17000-786879f18000 ---p 00000000 00:00 0 
786879f18000-78687a018000 rw-p 00000000 00:00 0 
78687a018000-78687a019000 ---p 00000000 00:00 0 
78687a019000-78687a119000 rw-p 00000000 00:00 0 
78687a119000-78687a11a000 ---p 00000000 00:00 0 
78687a11a000-78687a21a000 rw-p 00000000 00:00 0 
78687a21a000-78687a228000 r--s 00000000 08:02 15344662                   /var/cache/fontconfig/a4e60e8d1e10d2fdff3fe3037a1845fb-le64.cache-9
78687a228000-78687a286000 r--s 00000000 08:02 15344661                   /var/cache/fontconfig/2300eef321c393bfd76478a5c0e95b23-le64.cache-9
78687a286000-78687a2fb000 r--s 00000000 08:02 15336295                   /var/cache/fontconfig/0bd3dc0958fa2205aaaa8ebb13e2872b-le64.cache-9
78687a2fb000-78687a301000 r--s 00000000 08:02 15344656                   /var/cache/fontconfig/3047814df9a2f067bd2d96a2b9c36e5a-le64.cache-9
78687a301000-78687a318000 r--s 00000000 08:02 15345347                   /var/cache/fontconfig/d52a8644073d54c13679302ca1180695-le64.cache-9
78687a318000-78687a31e000 r--s 00000000 08:02 15344652                   /var/cache/fontconfig/d589a48862398ed80a3d6066f4f56f4c-le64.cache-9
78687a31e000-78687a31f000 rw-s 00000000 00:01 13314                      /memfd:pipewire-memfd:flags=0x0000000f,type=2,size=2312 (deleted)
78687a31f000-78687a320000 rw-s 00000000 00:01 59661                      /memfd:pipewire-memfd:flags=0x0000000f,type=2,size=2312 (deleted)
78687a320000-78687a321000 rw-s 00000000 00:01 54690                      /memfd:pipewire-memfd:flags=0x0000000f,type=2,size=2312 (deleted)
78687a321000-78687a322000 rw-s 00000000 00:01 55576                      /memfd:pipewire-memfd:flags=0x0000000f,type=2,size=4096 (deleted)
78687a322000-78687a323000 rw-s 00000000 00:01 13314                      /memfd:pipewire-memfd:flags=0x0000000f,type=2,size=2312 (deleted)
78687a323000-78687a324000 rw-s 00000000 00:01 55575                      /memfd:pipewire-memfd:flags=0x0000000f,type=2,size=2312 (deleted)
78687a324000-78687a325000 rw-s 00000000 00:01 51865                      /memfd:pipewire-memfd:flags=0x0000000f,type=2,size=2312 (deleted)
78687a325000-78687a326000 rw-s 00000000 00:01 51887                      /memfd:pipewire-memfd:flags=0x0000000f,type=2,size=4096 (deleted)
78687a326000-78687a327000 r--p 00000000 08:02 8002071                    /usr/lib/x86_64-linux-gnu/spa-0.2/support/libspa-journal.so
78687a327000-78687a329000 r-xp 00001000 08:02 8002071                    /usr/lib/x86_64-linux-gnu/spa-0.2/support/libspa-journal.so
78687a329000-78687a32a000 r--p 00003000 08:02 8002071                    /usr/lib/x86_64-linux-gnu/spa-0.2/support/libspa-journal.so
78687a32a000-78687a32b000 r--p 00003000 08:02 8002071                    /usr/lib/x86_64-linux-gnu/spa-0.2/support/libspa-journal.so
78687a32b000-78687a32c000 rw-p 00004000 08:02 8002071                    /usr/lib/x86_64-linux-gnu/spa-0.2/support/libspa-journal.so
78687a32c000-78687a330000 r--p 00000000 08:02 8002072                    /usr/lib/x86_64-linux-gnu/spa-0.2/support/libspa-support.so
78687a330000-78687a346000 r-xp 00004000 08:02 8002072                    /usr/lib/x86_64-linux-gnu/spa-0.2/support/libspa-support.so
78687a346000-78687a34b000 r--p 0001a000 08:02 8002072                    /usr/lib/x86_64-linux-gnu/spa-0.2/support/libspa-support.so
78687a34b000-78687a34d000 r--p 0001f000 08:02 8002072                    /usr/lib/x86_64-linux-gnu/spa-0.2/support/libspa-support.so
78687a34d000-78687a34e000 rw-p 00021000 08:02 8002072                    /usr/lib/x86_64-linux-gnu/spa-0.2/support/libspa-support.so
78687a34e000-78687a355000 r--p 00000000 08:02 7995451                    /usr/lib/x86_64-linux-gnu/alsa-lib/libasound_module_pcm_pipewire.so
78687a355000-78687a35e000 r-xp 00007000 08:02 7995451                    /usr/lib/x86_64-linux-gnu/alsa-lib/libasound_module_pcm_pipewire.so
78687a35e000-78687a365000 r--p 00010000 08:02 7995451                    /usr/lib/x86_64-linux-gnu/alsa-lib/libasound_module_pcm_pipewire.so
78687a365000-78687a36a000 r--p 00016000 08:02 7995451                    /usr/lib/x86_64-linux-gnu/alsa-lib/libasound_module_pcm_pipewire.so
78687a36a000-78687a36b000 rw-p 0001b000 08:02 7995451                    /usr/lib/x86_64-linux-gnu/alsa-lib/libasound_module_pcm_pipewire.so
78687a36b000-78687a370000 r--p 00000000 08:02 27397176                   /home/tom/.jdks/temurin-17.0.14/lib/libjsound.so
78687a370000-78687a378000 r-xp 00005000 08:02 27397176                   /home/tom/.jdks/temurin-17.0.14/lib/libjsound.so
78687a378000-78687a37b000 r--p 0000d000 08:02 27397176                   /home/tom/.jdks/temurin-17.0.14/lib/libjsound.so
78687a37b000-78687a37c000 r--p 0000f000 08:02 27397176                   /home/tom/.jdks/temurin-17.0.14/lib/libjsound.so
78687a37c000-78687a37d000 rw-p 00010000 08:02 27397176                   /home/tom/.jdks/temurin-17.0.14/lib/libjsound.so
78687a37d000-78687a37f000 r--p 00000000 08:02 27397162                   /home/tom/.jdks/temurin-17.0.14/lib/libzip.so
78687a37f000-78687a391000 r-xp 00002000 08:02 27397162                   /home/tom/.jdks/temurin-17.0.14/lib/libzip.so
78687a391000-78687a399000 r--p 00014000 08:02 27397162                   /home/tom/.jdks/temurin-17.0.14/lib/libzip.so
78687a399000-78687a39a000 r--p 0001b000 08:02 27397162                   /home/tom/.jdks/temurin-17.0.14/lib/libzip.so
78687a39a000-78687a39b000 rw-p 0001c000 08:02 27397162                   /home/tom/.jdks/temurin-17.0.14/lib/libzip.so
78687a39b000-78687a39c000 rw-s 00000000 00:01 13314                      /memfd:pipewire-memfd:flags=0x0000000f,type=2,size=2312 (deleted)
78687a39c000-78687a39d000 rw-s 00000000 00:01 51886                      /memfd:pipewire-memfd:flags=0x0000000f,type=2,size=2312 (deleted)
78687a39d000-78687a39e000 rw-s 00000000 00:01 53689                      /memfd:pipewire-memfd:flags=0x0000000f,type=2,size=2312 (deleted)
78687a39e000-78687a39f000 rw-s 00000000 00:01 64523                      /memfd:pipewire-memfd:flags=0x0000000f,type=2,size=4096 (deleted)
78687a39f000-78687a3a0000 rw-s 00000000 00:01 13314                      /memfd:pipewire-memfd:flags=0x0000000f,type=2,size=2312 (deleted)
78687a3a0000-78687a3a1000 rw-s 00000000 00:01 64522                      /memfd:pipewire-memfd:flags=0x0000000f,type=2,size=2312 (deleted)
78687a3a1000-78687a3a2000 rw-s 00000000 00:01 58616                      /memfd:pipewire-memfd:flags=0x0000000f,type=2,size=2312 (deleted)
78687a3a2000-78687a3a3000 rw-s 00000000 00:01 56652                      /memfd:pipewire-memfd:flags=0x0000000f,type=2,size=4096 (deleted)
78687a3a3000-78687a3a4000 rw-s 00000000 00:01 13314                      /memfd:pipewire-memfd:flags=0x0000000f,type=2,size=2312 (deleted)
78687a3a4000-78687a3a5000 rw-s 00000000 00:01 56651                      /memfd:pipewire-memfd:flags=0x0000000f,type=2,size=2312 (deleted)
78687a3a5000-78687a3a6000 rw-s 00000000 00:01 58617                      /memfd:pipewire-memfd:flags=0x0000000f,type=2,size=2312 (deleted)
78687a3a6000-78687a3a7000 rw-s 00000000 00:01 56689                      /memfd:pipewire-memfd:flags=0x0000000f,type=2,size=4096 (deleted)
78687a3a7000-78687a3b0000 rw-s 00000000 00:01 55610                      /memfd:pipewire-memfd:flags=0x0000000f,type=2,size=32832 (deleted)
78687a3b0000-78687a3b9000 rw-s 00000000 00:01 55609                      /memfd:pipewire-memfd:flags=0x0000000f,type=2,size=32832 (deleted)
78687a3b9000-78687a3ba000 rw-s 00000000 00:01 13314                      /memfd:pipewire-memfd:flags=0x0000000f,type=2,size=2312 (deleted)
78687a3ba000-78687a3bb000 rw-s 00000000 00:01 56688                      /memfd:pipewire-memfd:flags=0x0000000f,type=2,size=2312 (deleted)
78687a3bb000-78687a3bc000 rw-s 00000000 00:01 63577                      /memfd:pipewire-memfd:flags=0x0000000f,type=2,size=2312 (deleted)
78687a3bc000-78687a3bd000 rw-s 00000000 00:01 51891                      /memfd:pipewire-memfd:flags=0x0000000f,type=2,size=4096 (deleted)
78687a3bd000-78687a3c6000 rw-s 00000000 00:01 57655                      /memfd:pipewire-memfd:flags=0x0000000f,type=2,size=32832 (deleted)
78687a3c6000-78687a3cf000 rw-s 00000000 00:01 57654                      /memfd:pipewire-memfd:flags=0x0000000f,type=2,size=32832 (deleted)
78687a3cf000-78687a3d0000 rw-s 00000000 00:01 13314                      /memfd:pipewire-memfd:flags=0x0000000f,type=2,size=2312 (deleted)
78687a3d0000-78687a3d1000 rw-s 00000000 00:01 51890                      /memfd:pipewire-memfd:flags=0x0000000f,type=2,size=2312 (deleted)
78687a3d1000-78687a3d2000 rw-s 00000000 00:01 54691                      /memfd:pipewire-memfd:flags=0x0000000f,type=2,size=2312 (deleted)
78687a3d2000-78687a3d3000 rw-s 00000000 00:01 64527                      /memfd:pipewire-memfd:flags=0x0000000f,type=2,size=4096 (deleted)
78687a3d3000-78687a3dc000 rw-s 00000000 00:01 51857                      /memfd:pipewire-memfd:flags=0x0000000f,type=2,size=32832 (deleted)
78687a3dc000-78687a3e5000 rw-s 00000000 00:01 51856                      /memfd:pipewire-memfd:flags=0x0000000f,type=2,size=32832 (deleted)
78687a3e5000-78687a3e6000 rw-s 00000000 00:01 13314                      /memfd:pipewire-memfd:flags=0x0000000f,type=2,size=2312 (deleted)
78687a3e6000-78687a3e7000 rw-s 00000000 00:01 64526                      /memfd:pipewire-memfd:flags=0x0000000f,type=2,size=2312 (deleted)
78687a3e7000-78687a3e8000 rw-s 00000000 00:01 62598                      /memfd:pipewire-memfd:flags=0x0000000f,type=2,size=2312 (deleted)
78687a3e8000-78687a3e9000 rw-s 00000000 00:01 63569                      /memfd:pipewire-memfd:flags=0x0000000f,type=2,size=4096 (deleted)
78687a3e9000-78687a3f2000 rw-s 00000000 00:01 64554                      /memfd:pipewire-memfd:flags=0x0000000f,type=2,size=32832 (deleted)
78687a3f2000-78687a3fb000 rw-s 00000000 00:01 64553                      /memfd:pipewire-memfd:flags=0x0000000f,type=2,size=32832 (deleted)
78687a3fb000-78687a3fc000 rw-s 00000000 00:01 13314                      /memfd:pipewire-memfd:flags=0x0000000f,type=2,size=2312 (deleted)
78687a3fc000-78687a3fd000 rw-s 00000000 00:01 63568                      /memfd:pipewire-memfd:flags=0x0000000f,type=2,size=2312 (deleted)
78687a3fd000-78687a3fe000 rw-s 00000000 00:01 60702                      /memfd:pipewire-memfd:flags=0x0000000f,type=2,size=2312 (deleted)
78687a3fe000-78687a3ff000 rw-s 00000000 00:01 53686                      /memfd:pipewire-memfd:flags=0x0000000f,type=2,size=4096 (deleted)
78687a3ff000-78687a408000 rw-s 00000000 00:01 51882                      /memfd:pipewire-memfd:flags=0x0000000f,type=2,size=32832 (deleted)
78687a408000-78687a411000 rw-s 00000000 00:01 51881                      /memfd:pipewire-memfd:flags=0x0000000f,type=2,size=32832 (deleted)
78687a411000-78687a412000 rw-s 00000000 00:01 13314                      /memfd:pipewire-memfd:flags=0x0000000f,type=2,size=2312 (deleted)
78687a412000-78687a413000 rw-s 00000000 00:01 53685                      /memfd:pipewire-memfd:flags=0x0000000f,type=2,size=2312 (deleted)
78687a413000-78687a414000 rw-s 00000000 00:01 64542                      /memfd:pipewire-memfd:flags=0x0000000f,type=2,size=2312 (deleted)
78687a414000-78687a415000 rw-s 00000000 00:01 51859                      /memfd:pipewire-memfd:flags=0x0000000f,type=2,size=4096 (deleted)
78687a415000-78687a41e000 rw-s 00000000 00:01 59618                      /memfd:pipewire-memfd:flags=0x0000000f,type=2,size=32832 (deleted)
78687a41e000-78687a427000 rw-s 00000000 00:01 59617                      /memfd:pipewire-memfd:flags=0x0000000f,type=2,size=32832 (deleted)
78687a427000-78687a428000 rw-s 00000000 00:01 13314                      /memfd:pipewire-memfd:flags=0x0000000f,type=2,size=2312 (deleted)
78687a428000-78687a429000 rw-s 00000000 00:01 51858                      /memfd:pipewire-memfd:flags=0x0000000f,type=2,size=2312 (deleted)
78687a429000-78687a42a000 rw-s 00000000 00:01 53667                      /memfd:pipewire-memfd:flags=0x0000000f,type=2,size=2312 (deleted)
78687a42a000-78687a42b000 rw-s 00000000 00:01 49814                      /memfd:pipewire-memfd:flags=0x0000000f,type=2,size=4096 (deleted)
78687a42b000-78687a434000 rw-s 00000000 00:01 49816                      /memfd:pipewire-memfd:flags=0x0000000f,type=2,size=32832 (deleted)
78687a434000-78687a43d000 rw-s 00000000 00:01 49815                      /memfd:pipewire-memfd:flags=0x0000000f,type=2,size=32832 (deleted)
78687a43d000-78687a43e000 rw-s 00000000 00:01 13314                      /memfd:pipewire-memfd:flags=0x0000000f,type=2,size=2312 (deleted)
78687a43e000-78687a43f000 rw-s 00000000 00:01 49813                      /memfd:pipewire-memfd:flags=0x0000000f,type=2,size=2312 (deleted)
78687a43f000-78687a440000 rw-s 00000000 00:01 51892                      /memfd:pipewire-memfd:flags=0x0000000f,type=2,size=2312 (deleted)
78687a440000-78687a441000 rw-s 00000000 00:01 58654                      /memfd:pipewire-memfd:flags=0x0000000f,type=2,size=4096 (deleted)
78687a441000-78687a44a000 rw-s 00000000 00:01 60709                      /memfd:pipewire-memfd:flags=0x0000000f,type=2,size=32832 (deleted)
78687a44a000-78687a453000 rw-s 00000000 00:01 60708                      /memfd:pipewire-memfd:flags=0x0000000f,type=2,size=32832 (deleted)
78687a453000-78687a454000 rw-s 00000000 00:01 13314                      /memfd:pipewire-memfd:flags=0x0000000f,type=2,size=2312 (deleted)
78687a454000-78687a455000 rw-s 00000000 00:01 58653                      /memfd:pipewire-memfd:flags=0x0000000f,type=2,size=2312 (deleted)
78687a455000-78687a456000 rw-s 00000000 00:01 64559                      /memfd:pipewire-memfd:flags=0x0000000f,type=2,size=2312 (deleted)
78687a456000-78687a457000 rw-s 00000000 00:01 56646                      /memfd:pipewire-memfd:flags=0x0000000f,type=2,size=4096 (deleted)
78687a457000-78687a460000 rw-s 00000000 00:01 51840                      /memfd:pipewire-memfd:flags=0x0000000f,type=2,size=32832 (deleted)
78687a460000-78687a469000 rw-s 00000000 00:01 51839                      /memfd:pipewire-memfd:flags=0x0000000f,type=2,size=32832 (deleted)
78687a469000-78687a46a000 rw-s 00000000 00:01 13314                      /memfd:pipewire-memfd:flags=0x0000000f,type=2,size=2312 (deleted)
78687a46a000-78687a46b000 rw-s 00000000 00:01 56645                      /memfd:pipewire-memfd:flags=0x0000000f,type=2,size=2312 (deleted)
78687a46b000-78687a46c000 rw-s 00000000 00:01 51838                      /memfd:pipewire-memfd:flags=0x0000000f,type=2,size=2312 (deleted)
78687a46c000-78687a46d000 rw-s 00000000 00:01 49787                      /memfd:pipewire-memfd:flags=0x0000000f,type=2,size=4096 (deleted)
78687a46d000-78687a476000 rw-s 00000000 00:01 59639                      /memfd:pipewire-memfd:flags=0x0000000f,type=2,size=32832 (deleted)
78687a476000-78687a47f000 rw-s 00000000 00:01 59638                      /memfd:pipewire-memfd:flags=0x0000000f,type=2,size=32832 (deleted)
78687a47f000-78687a480000 rw-s 00000000 00:01 13314                      /memfd:pipewire-memfd:flags=0x0000000f,type=2,size=2312 (deleted)
78687a480000-78687a481000 rw-s 00000000 00:01 49786                      /memfd:pipewire-memfd:flags=0x0000000f,type=2,size=2312 (deleted)
78687a481000-78687a482000 rw-s 00000000 00:01 63557                      /memfd:pipewire-memfd:flags=0x0000000f,type=2,size=2312 (deleted)
78687a482000-78687a483000 rw-s 00000000 00:01 59641                      /memfd:pipewire-memfd:flags=0x0000000f,type=2,size=4096 (deleted)
78687a483000-78687a48c000 rw-s 00000000 00:01 49789                      /memfd:pipewire-memfd:flags=0x0000000f,type=2,size=32832 (deleted)
78687a48c000-78687a495000 rw-s 00000000 00:01 49788                      /memfd:pipewire-memfd:flags=0x0000000f,type=2,size=32832 (deleted)
78687a495000-78687a496000 rw-s 00000000 00:01 13314                      /memfd:pipewire-memfd:flags=0x0000000f,type=2,size=2312 (deleted)
78687a496000-78687a497000 rw-s 00000000 00:01 59640                      /memfd:pipewire-memfd:flags=0x0000000f,type=2,size=2312 (deleted)
78687a497000-78687a498000 rw-s 00000000 00:01 54686                      /memfd:pipewire-memfd:flags=0x0000000f,type=2,size=2312 (deleted)
78687a498000-78687a499000 rw-s 00000000 00:01 58656                      /memfd:pipewire-memfd:flags=0x0000000f,type=2,size=4096 (deleted)
78687a499000-78687a4a2000 rw-s 00000000 00:01 53699                      /memfd:pipewire-memfd:flags=0x0000000f,type=2,size=32832 (deleted)
78687a4a2000-78687a4ab000 rw-s 00000000 00:01 53698                      /memfd:pipewire-memfd:flags=0x0000000f,type=2,size=32832 (deleted)
78687a4ab000-78687a4ac000 rw-s 00000000 00:01 13314                      /memfd:pipewire-memfd:flags=0x0000000f,type=2,size=2312 (deleted)
78687a4ac000-78687a4ad000 rw-s 00000000 00:01 58655                      /memfd:pipewire-memfd:flags=0x0000000f,type=2,size=2312 (deleted)
78687a4ad000-78687a4b6000 rw-s 00000000 00:01 52576                      /memfd:pipewire-memfd:flags=0x0000000f,type=2,size=32832 (deleted)
78687a4b6000-78687a4bf000 rw-s 00000000 00:01 52575                      /memfd:pipewire-memfd:flags=0x0000000f,type=2,size=32832 (deleted)
78687a4bf000-78687a4c8000 rw-s 00000000 00:01 59635                      /memfd:pipewire-memfd:flags=0x0000000f,type=2,size=32832 (deleted)
78687a4c8000-78687a4d1000 rw-s 00000000 00:01 59634                      /memfd:pipewire-memfd:flags=0x0000000f,type=2,size=32832 (deleted)
78687a4d1000-78687a4da000 rw-s 00000000 00:01 50859                      /memfd:pipewire-memfd:flags=0x0000000f,type=2,size=32832 (deleted)
78687a4da000-78687a4e3000 rw-s 00000000 00:01 50858                      /memfd:pipewire-memfd:flags=0x0000000f,type=2,size=32832 (deleted)
78687a4e3000-78687a4ec000 rw-s 00000000 00:01 57647                      /memfd:pipewire-memfd:flags=0x0000000f,type=2,size=32832 (deleted)
78687a4ec000-78687a4fd000 r--p 00000000 08:02 8002065                    /usr/lib/x86_64-linux-gnu/spa-0.2/audioconvert/libspa-audioconvert.so
78687a4fd000-78687a545000 r-xp 00011000 08:02 8002065                    /usr/lib/x86_64-linux-gnu/spa-0.2/audioconvert/libspa-audioconvert.so
78687a545000-78687a559000 r--p 00059000 08:02 8002065                    /usr/lib/x86_64-linux-gnu/spa-0.2/audioconvert/libspa-audioconvert.so
78687a559000-78687a567000 r--p 0006c000 08:02 8002065                    /usr/lib/x86_64-linux-gnu/spa-0.2/audioconvert/libspa-audioconvert.so
78687a567000-78687a569000 rw-p 0007a000 08:02 8002065                    /usr/lib/x86_64-linux-gnu/spa-0.2/audioconvert/libspa-audioconvert.so
78687a569000-78687a56d000 r--p 00000000 08:02 8022922                    /usr/lib/x86_64-linux-gnu/pipewire-0.3/libpipewire-module-session-manager.so
78687a56d000-78687a58a000 r-xp 00004000 08:02 8022922                    /usr/lib/x86_64-linux-gnu/pipewire-0.3/libpipewire-module-session-manager.so
78687a58a000-78687a58f000 r--p 00021000 08:02 8022922                    /usr/lib/x86_64-linux-gnu/pipewire-0.3/libpipewire-module-session-manager.so
78687a58f000-78687a591000 r--p 00026000 08:02 8022922                    /usr/lib/x86_64-linux-gnu/pipewire-0.3/libpipewire-module-session-manager.so
78687a591000-78687a592000 rw-p 00028000 08:02 8022922                    /usr/lib/x86_64-linux-gnu/pipewire-0.3/libpipewire-module-session-manager.so
78687a592000-78687a59e000 r--p 00000000 08:02 7995902                    /usr/lib/x86_64-linux-gnu/pipewire-0.3/libpipewire-module-client-node.so
78687a59e000-78687a5bf000 r-xp 0000c000 08:02 7995902                    /usr/lib/x86_64-linux-gnu/pipewire-0.3/libpipewire-module-client-node.so
78687a5bf000-78687a5c9000 r--p 0002d000 08:02 7995902                    /usr/lib/x86_64-linux-gnu/pipewire-0.3/libpipewire-module-client-node.so
78687a5c9000-78687a5d3000 r--p 00037000 08:02 7995902                    /usr/lib/x86_64-linux-gnu/pipewire-0.3/libpipewire-module-client-node.so
78687a5d3000-78687a5d4000 rw-p 00041000 08:02 7995902                    /usr/lib/x86_64-linux-gnu/pipewire-0.3/libpipewire-module-client-node.so
78687a5d4000-78687a5d6000 r--p 00000000 08:02 7868524                    /usr/lib/x86_64-linux-gnu/libpcre2-8.so.0.11.2
78687a5d6000-78687a644000 r-xp 00002000 08:02 7868524                    /usr/lib/x86_64-linux-gnu/libpcre2-8.so.0.11.2
78687a644000-78687a66c000 r--p 00070000 08:02 7868524                    /usr/lib/x86_64-linux-gnu/libpcre2-8.so.0.11.2
78687a66c000-78687a66d000 r--p 00097000 08:02 7868524                    /usr/lib/x86_64-linux-gnu/libpcre2-8.so.0.11.2
78687a66d000-78687a66e000 rw-p 00098000 08:02 7868524                    /usr/lib/x86_64-linux-gnu/libpcre2-8.so.0.11.2
78687a66e000-78687a674000 r--p 00000000 08:02 7868527                    /usr/lib/x86_64-linux-gnu/libselinux.so.1
78687a674000-78687a691000 r-xp 00006000 08:02 7868527                    /usr/lib/x86_64-linux-gnu/libselinux.so.1
78687a691000-78687a697000 r--p 00023000 08:02 7868527                    /usr/lib/x86_64-linux-gnu/libselinux.so.1
78687a697000-78687a698000 r--p 00029000 08:02 7868527                    /usr/lib/x86_64-linux-gnu/libselinux.so.1
78687a698000-78687a699000 rw-p 0002a000 08:02 7868527                    /usr/lib/x86_64-linux-gnu/libselinux.so.1
78687a699000-78687a69b000 rw-p 00000000 00:00 0 
78687a69b000-78687a69f000 ---p 00000000 00:00 0 
78687a69f000-78687a79b000 rw-p 00000000 00:00 0 
78687a79b000-78687a79f000 ---p 00000000 00:00 0 
78687a79f000-78687a89b000 rw-p 00000000 00:00 0 
78687a89b000-78687a89f000 ---p 00000000 00:00 0 
78687a89f000-78687a99b000 rw-p 00000000 00:00 0 
78687a99b000-78687a99f000 ---p 00000000 00:00 0 
78687a99f000-78687aa9b000 rw-p 00000000 00:00 0 
78687aa9b000-78687aa9c000 r--p 00000000 08:02 7896615                    /usr/lib/x86_64-linux-gnu/libbrotlicommon.so.1.1.0
78687aa9c000-78687aa9d000 r-xp 00001000 08:02 7896615                    /usr/lib/x86_64-linux-gnu/libbrotlicommon.so.1.1.0
78687aa9d000-78687aabc000 r--p 00002000 08:02 7896615                    /usr/lib/x86_64-linux-gnu/libbrotlicommon.so.1.1.0
78687aabc000-78687aabd000 r--p 00021000 08:02 7896615                    /usr/lib/x86_64-linux-gnu/libbrotlicommon.so.1.1.0
78687aabd000-78687aabe000 rw-p 00022000 08:02 7896615                    /usr/lib/x86_64-linux-gnu/libbrotlicommon.so.1.1.0
78687aabe000-78687aac3000 r--p 00000000 08:02 7897663                    /usr/lib/x86_64-linux-gnu/libpng16.so.16.43.0
78687aac3000-78687aaeb000 r-xp 00005000 08:02 7897663                    /usr/lib/x86_64-linux-gnu/libpng16.so.16.43.0
78687aaeb000-78687aaf4000 r--p 0002d000 08:02 7897663                    /usr/lib/x86_64-linux-gnu/libpng16.so.16.43.0
78687aaf4000-78687aaf5000 r--p 00035000 08:02 7897663                    /usr/lib/x86_64-linux-gnu/libpng16.so.16.43.0
78687aaf5000-78687aaf6000 rw-p 00036000 08:02 7897663                    /usr/lib/x86_64-linux-gnu/libpng16.so.16.43.0
78687aaf6000-78687ab03000 r--p 00000000 08:02 7896978                    /usr/lib/x86_64-linux-gnu/libfreetype.so.6.20.1
78687ab03000-78687ab94000 r-xp 0000d000 08:02 7896978                    /usr/lib/x86_64-linux-gnu/libfreetype.so.6.20.1
78687ab94000-78687abba000 r--p 0009e000 08:02 7896978                    /usr/lib/x86_64-linux-gnu/libfreetype.so.6.20.1
78687abba000-78687abc1000 r--p 000c4000 08:02 7896978                    /usr/lib/x86_64-linux-gnu/libfreetype.so.6.20.1
78687abc1000-78687abc2000 rw-p 000cb000 08:02 7896978                    /usr/lib/x86_64-linux-gnu/libfreetype.so.6.20.1
78687abc2000-78687abc8000 r--p 00000000 08:02 27397169                   /home/tom/.jdks/temurin-17.0.14/lib/libfontmanager.so
78687abc8000-78687ad0a000 r-xp 00006000 08:02 27397169                   /home/tom/.jdks/temurin-17.0.14/lib/libfontmanager.so
78687ad0a000-78687ad41000 r--p 00148000 08:02 27397169                   /home/tom/.jdks/temurin-17.0.14/lib/libfontmanager.so
78687ad41000-78687ad42000 ---p 0017f000 08:02 27397169                   /home/tom/.jdks/temurin-17.0.14/lib/libfontmanager.so
78687ad42000-78687ad44000 r--p 0017f000 08:02 27397169                   /home/tom/.jdks/temurin-17.0.14/lib/libfontmanager.so
78687ad44000-78687ad45000 rw-p 00181000 08:02 27397169                   /home/tom/.jdks/temurin-17.0.14/lib/libfontmanager.so
78687ad45000-78687ad46000 rw-p 00000000 00:00 0 
78687ad46000-78687ad5f000 r--p 00000000 08:02 7896290                    /usr/lib/x86_64-linux-gnu/libX11.so.6.4.0
78687ad5f000-78687adef000 r-xp 00019000 08:02 7896290                    /usr/lib/x86_64-linux-gnu/libX11.so.6.4.0
78687adef000-78687ae7e000 r--p 000a9000 08:02 7896290                    /usr/lib/x86_64-linux-gnu/libX11.so.6.4.0
78687ae7e000-78687ae7f000 r--p 00138000 08:02 7896290                    /usr/lib/x86_64-linux-gnu/libX11.so.6.4.0
78687ae7f000-78687ae83000 rw-p 00139000 08:02 7896290                    /usr/lib/x86_64-linux-gnu/libX11.so.6.4.0
78687ae83000-78687ae97000 r--p 00000000 08:02 27397130                   /home/tom/.jdks/temurin-17.0.14/lib/libawt_xawt.so
78687ae97000-78687aede000 r-xp 00014000 08:02 27397130                   /home/tom/.jdks/temurin-17.0.14/lib/libawt_xawt.so
78687aede000-78687aef6000 r--p 0005b000 08:02 27397130                   /home/tom/.jdks/temurin-17.0.14/lib/libawt_xawt.so
78687aef6000-78687aef7000 ---p 00073000 08:02 27397130                   /home/tom/.jdks/temurin-17.0.14/lib/libawt_xawt.so
78687aef7000-78687aefc000 r--p 00073000 08:02 27397130                   /home/tom/.jdks/temurin-17.0.14/lib/libawt_xawt.so
78687aefc000-78687aefe000 rw-p 00078000 08:02 27397130                   /home/tom/.jdks/temurin-17.0.14/lib/libawt_xawt.so
78687aefe000-78687af00000 rw-p 00000000 00:00 0 
78687af00000-78687af01000 rw-s 00000000 00:01 60710                      /memfd:pipewire-memfd:flags=0x0000000f,type=2,size=2312 (deleted)
78687af01000-78687af02000 rw-s 00000000 00:01 52574                      /memfd:pipewire-memfd:flags=0x0000000f,type=2,size=4096 (deleted)
78687af02000-78687af03000 rw-s 00000000 00:01 13314                      /memfd:pipewire-memfd:flags=0x0000000f,type=2,size=2312 (deleted)
78687af03000-78687af04000 rw-s 00000000 00:01 52573                      /memfd:pipewire-memfd:flags=0x0000000f,type=2,size=2312 (deleted)
78687af04000-78687af0d000 rw-s 00000000 00:01 57646                      /memfd:pipewire-memfd:flags=0x0000000f,type=2,size=32832 (deleted)
78687af0d000-78687af0f000 r--p 00000000 08:02 8016480                    /usr/lib/x86_64-linux-gnu/pipewire-0.3/libpipewire-module-metadata.so
78687af0f000-78687af17000 r-xp 00002000 08:02 8016480                    /usr/lib/x86_64-linux-gnu/pipewire-0.3/libpipewire-module-metadata.so
78687af17000-78687af18000 r--p 0000a000 08:02 8016480                    /usr/lib/x86_64-linux-gnu/pipewire-0.3/libpipewire-module-metadata.so
78687af18000-78687af19000 r--p 0000b000 08:02 8016480                    /usr/lib/x86_64-linux-gnu/pipewire-0.3/libpipewire-module-metadata.so
78687af19000-78687af1a000 rw-p 0000c000 08:02 8016480                    /usr/lib/x86_64-linux-gnu/pipewire-0.3/libpipewire-module-metadata.so
78687af1a000-78687af24000 r--p 00000000 08:02 7995473                    /usr/lib/x86_64-linux-gnu/pipewire-0.3/libpipewire-module-adapter.so
78687af24000-78687af2f000 r-xp 0000a000 08:02 7995473                    /usr/lib/x86_64-linux-gnu/pipewire-0.3/libpipewire-module-adapter.so
78687af2f000-78687af35000 r--p 00015000 08:02 7995473                    /usr/lib/x86_64-linux-gnu/pipewire-0.3/libpipewire-module-adapter.so
78687af35000-78687af3e000 r--p 0001b000 08:02 7995473                    /usr/lib/x86_64-linux-gnu/pipewire-0.3/libpipewire-module-adapter.so
78687af3e000-78687af3f000 rw-p 00024000 08:02 7995473                    /usr/lib/x86_64-linux-gnu/pipewire-0.3/libpipewire-module-adapter.so
78687af3f000-78687af52000 r--p 00000000 08:02 8019853                    /usr/lib/x86_64-linux-gnu/pipewire-0.3/libpipewire-module-protocol-native.so
78687af52000-78687af71000 r-xp 00013000 08:02 8019853                    /usr/lib/x86_64-linux-gnu/pipewire-0.3/libpipewire-module-protocol-native.so
78687af71000-78687af7c000 r--p 00032000 08:02 8019853                    /usr/lib/x86_64-linux-gnu/pipewire-0.3/libpipewire-module-protocol-native.so
78687af7c000-78687af8c000 r--p 0003c000 08:02 8019853                    /usr/lib/x86_64-linux-gnu/pipewire-0.3/libpipewire-module-protocol-native.so
78687af8c000-78687af8d000 rw-p 0004c000 08:02 8019853                    /usr/lib/x86_64-linux-gnu/pipewire-0.3/libpipewire-module-protocol-native.so
78687af8d000-78687af99000 r--p 00000000 08:02 7896761                    /usr/lib/x86_64-linux-gnu/libdbus-1.so.3.32.4
78687af99000-78687afc9000 r-xp 0000c000 08:02 7896761                    /usr/lib/x86_64-linux-gnu/libdbus-1.so.3.32.4
78687afc9000-78687afda000 r--p 0003c000 08:02 7896761                    /usr/lib/x86_64-linux-gnu/libdbus-1.so.3.32.4
78687afda000-78687afdb000 r--p 0004c000 08:02 7896761                    /usr/lib/x86_64-linux-gnu/libdbus-1.so.3.32.4
78687afdb000-78687afdc000 rw-p 0004d000 08:02 7896761                    /usr/lib/x86_64-linux-gnu/libdbus-1.so.3.32.4
78687afdc000-78687afdd000 rw-s 00000000 00:01 54659                      /memfd:pipewire-memfd:flags=0x0000000f,type=2,size=2312 (deleted)
78687afdd000-78687afde000 rw-s 00000000 00:01 49782                      /memfd:pipewire-memfd:flags=0x0000000f,type=2,size=4096 (deleted)
78687afde000-78687afdf000 rw-s 00000000 00:01 13314                      /memfd:pipewire-memfd:flags=0x0000000f,type=2,size=2312 (deleted)
78687afdf000-78687afe0000 rw-s 00000000 00:01 49781                      /memfd:pipewire-memfd:flags=0x0000000f,type=2,size=2312 (deleted)
78687afe0000-78687afe1000 rw-s 00000000 00:01 62603                      /memfd:pipewire-memfd:flags=0x0000000f,type=2,size=2312 (deleted)
78687afe1000-78687afe3000 r--p 00000000 08:02 7995475                    /usr/lib/x86_64-linux-gnu/pipewire-0.3/libpipewire-module-client-device.so
78687afe3000-78687afec000 r-xp 00002000 08:02 7995475                    /usr/lib/x86_64-linux-gnu/pipewire-0.3/libpipewire-module-client-device.so
78687afec000-78687afed000 r--p 0000b000 08:02 7995475                    /usr/lib/x86_64-linux-gnu/pipewire-0.3/libpipewire-module-client-device.so
78687afed000-78687afee000 r--p 0000c000 08:02 7995475                    /usr/lib/x86_64-linux-gnu/pipewire-0.3/libpipewire-module-client-device.so
78687afee000-78687afef000 rw-p 0000d000 08:02 7995475                    /usr/lib/x86_64-linux-gnu/pipewire-0.3/libpipewire-module-client-device.so
78687afef000-78687aff1000 r--p 00000000 08:02 8022915                    /usr/lib/x86_64-linux-gnu/pipewire-0.3/libpipewire-module-rt.so
78687aff1000-78687aff5000 r-xp 00002000 08:02 8022915                    /usr/lib/x86_64-linux-gnu/pipewire-0.3/libpipewire-module-rt.so
78687aff5000-78687aff7000 r--p 00006000 08:02 8022915                    /usr/lib/x86_64-linux-gnu/pipewire-0.3/libpipewire-module-rt.so
78687aff7000-78687aff8000 r--p 00007000 08:02 8022915                    /usr/lib/x86_64-linux-gnu/pipewire-0.3/libpipewire-module-rt.so
78687aff8000-78687aff9000 rw-p 00008000 08:02 8022915                    /usr/lib/x86_64-linux-gnu/pipewire-0.3/libpipewire-module-rt.so
78687aff9000-78687affa000 r--p 00000000 08:02 8002070                    /usr/lib/x86_64-linux-gnu/spa-0.2/support/libspa-dbus.so
78687affa000-78687affd000 r-xp 00001000 08:02 8002070                    /usr/lib/x86_64-linux-gnu/spa-0.2/support/libspa-dbus.so
78687affd000-78687affe000 r--p 00004000 08:02 8002070                    /usr/lib/x86_64-linux-gnu/spa-0.2/support/libspa-dbus.so
78687affe000-78687afff000 r--p 00004000 08:02 8002070                    /usr/lib/x86_64-linux-gnu/spa-0.2/support/libspa-dbus.so
78687afff000-78687b000000 rw-p 00005000 08:02 8002070                    /usr/lib/x86_64-linux-gnu/spa-0.2/support/libspa-dbus.so
78687b000000-78687b3f0000 rw-p 00000000 00:00 0 
78687b3f0000-78687b470000 rw-p 00000000 00:00 0 
78687b470000-78687b4f0000 rw-p 00000000 00:00 0 
78687b4f0000-78687b6f0000 rw-p 00000000 00:00 0 
78687b6f0000-78687b730000 rw-p 00000000 00:00 0 
78687b730000-78687b770000 rw-p 00000000 00:00 0 
78687b770000-78687b8f0000 rw-p 00000000 00:00 0 
78687b8f0000-78687b930000 rw-p 00000000 00:00 0 
78687b930000-78687b970000 rw-p 00000000 00:00 0 
78687b970000-78687ba00000 rw-p 00000000 00:00 0 
78687ba00000-78687f000000 ---p 00000000 00:00 0 
78687f000000-78687fbc9000 rw-p 00001000 08:02 27397149                   /home/tom/.jdks/temurin-17.0.14/lib/server/classes.jsa
78687fbc9000-786880000000 ---p 00000000 00:00 0 
786880000000-786880010000 rw-p 00000000 00:00 0 
786880010000-786880030000 rw-p 00000000 00:00 0 
786880030000-7868800b0000 rw-p 00000000 00:00 0 
7868800b0000-7868800d0000 rw-p 00000000 00:00 0 
7868800d0000-786880110000 rw-p 00000000 00:00 0 
786880110000-786880140000 ---p 00000000 00:00 0 
786880140000-786880150000 rw-p 00000000 00:00 0 
786880150000-7868c0000000 ---p 00000000 00:00 0 
7868c0000000-7868c0323000 rw-p 00000000 00:00 0 
7868c0323000-7868c4000000 ---p 00000000 00:00 0 
7868c4000000-7868c42a7000 rw-p 00000000 00:00 0 
7868c42a7000-7868c8000000 ---p 00000000 00:00 0 
7868c8000000-7868c820f000 rw-p 00000000 00:00 0 
7868c820f000-7868cc000000 ---p 00000000 00:00 0 
7868cc000000-7868cc269000 rw-p 00000000 00:00 0 
7868cc269000-7868d0000000 ---p 00000000 00:00 0 
7868d0000000-7868d0001000 rw-s 00000000 00:01 62631                      /memfd:pipewire-memfd:flags=0x0000000f,type=2,size=4096 (deleted)
7868d0001000-7868d0011000 r--s 00000000 08:02 15344651                   /var/cache/fontconfig/6cc790b63b123a6a96ee260fcdad32a9-le64.cache-9
7868d0011000-7868d003e000 r--p 00000000 08:02 27397161                   /home/tom/.jdks/temurin-17.0.14/lib/libawt.so
7868d003e000-7868d00c1000 r-xp 0002d000 08:02 27397161                   /home/tom/.jdks/temurin-17.0.14/lib/libawt.so
7868d00c1000-7868d00ce000 r--p 000b0000 08:02 27397161                   /home/tom/.jdks/temurin-17.0.14/lib/libawt.so
7868d00ce000-7868d00cf000 r--p 000bc000 08:02 27397161                   /home/tom/.jdks/temurin-17.0.14/lib/libawt.so
7868d00cf000-7868d00da000 rw-p 000bd000 08:02 27397161                   /home/tom/.jdks/temurin-17.0.14/lib/libawt.so
7868d00da000-7868d00ff000 rw-p 00000000 00:00 0 
7868d00ff000-7868d0103000 ---p 00000000 00:00 0 
7868d0103000-7868d01ff000 rw-p 00000000 00:00 0 
7868d01ff000-7868d0200000 ---p 00000000 00:00 0 
7868d0200000-7868d0300000 rw-p 00000000 00:00 0 
7868d0300000-7868d0304000 ---p 00000000 00:00 0 
7868d0304000-7868d0400000 rw-p 00000000 00:00 0 
7868d0400000-7868d0404000 ---p 00000000 00:00 0 
7868d0404000-7868d0500000 rw-p 00000000 00:00 0 
7868d0500000-7868d0504000 ---p 00000000 00:00 0 
7868d0504000-7868d0600000 rw-p 00000000 00:00 0 
7868d0600000-7868d0604000 ---p 00000000 00:00 0 
7868d0604000-7868d0700000 rw-p 00000000 00:00 0 
7868d0700000-7868d0704000 ---p 00000000 00:00 0 
7868d0704000-7868d0800000 rw-p 00000000 00:00 0 
7868d0800000-7868d0804000 ---p 00000000 00:00 0 
7868d0804000-7868d0900000 rw-p 00000000 00:00 0 
7868d0900000-7868d0904000 ---p 00000000 00:00 0 
7868d0904000-7868d0a00000 rw-p 00000000 00:00 0 
7868d0a00000-7868d0f75000 r--p 00000000 08:02 7879522                    /usr/lib/locale/locale-archive
7868d0f75000-7868d0f76000 rw-s 00000000 00:01 13314                      /memfd:pipewire-memfd:flags=0x0000000f,type=2,size=2312 (deleted)
7868d0f76000-7868d0f87000 r--s 00000000 08:02 15344650                   /var/cache/fontconfig/9b89f8e3dae116d678bbf48e5f21f69b-le64.cache-9
7868d0f87000-7868d0f89000 r--p 00000000 08:02 7896301                    /usr/lib/x86_64-linux-gnu/libXcursor.so.1.0.2
7868d0f89000-7868d0f8f000 r-xp 00002000 08:02 7896301                    /usr/lib/x86_64-linux-gnu/libXcursor.so.1.0.2
7868d0f8f000-7868d0f91000 r--p 00008000 08:02 7896301                    /usr/lib/x86_64-linux-gnu/libXcursor.so.1.0.2
7868d0f91000-7868d0f92000 r--p 00009000 08:02 7896301                    /usr/lib/x86_64-linux-gnu/libXcursor.so.1.0.2
7868d0f92000-7868d0f93000 rw-p 0000a000 08:02 7896301                    /usr/lib/x86_64-linux-gnu/libXcursor.so.1.0.2
7868d0f93000-7868d0f94000 r--p 00000000 08:02 7896617                    /usr/lib/x86_64-linux-gnu/libbrotlidec.so.1.1.0
7868d0f94000-7868d0f9c000 r-xp 00001000 08:02 7896617                    /usr/lib/x86_64-linux-gnu/libbrotlidec.so.1.1.0
7868d0f9c000-7868d0f9f000 r--p 00009000 08:02 7896617                    /usr/lib/x86_64-linux-gnu/libbrotlidec.so.1.1.0
7868d0f9f000-7868d0fa0000 r--p 0000b000 08:02 7896617                    /usr/lib/x86_64-linux-gnu/libbrotlidec.so.1.1.0
7868d0fa0000-7868d0fa1000 rw-p 0000c000 08:02 7896617                    /usr/lib/x86_64-linux-gnu/libbrotlidec.so.1.1.0
7868d0fa1000-7868d0fa5000 ---p 00000000 00:00 0 
7868d0fa5000-7868d10a1000 rw-p 00000000 00:00 0 
7868d10a1000-7868d10a5000 ---p 00000000 00:00 0 
7868d10a5000-7868d11a1000 rw-p 00000000 00:00 0 
7868d11a1000-7868d11a2000 ---p 00000000 00:00 0 
7868d11a2000-7868d12a2000 rw-p 00000000 00:00 0 
7868d12a2000-7868d12a7000 r--p 00000000 08:02 27397178                   /home/tom/.jdks/temurin-17.0.14/lib/libjsvml.so
7868d12a7000-7868d12e8000 r-xp 00005000 08:02 27397178                   /home/tom/.jdks/temurin-17.0.14/lib/libjsvml.so
7868d12e8000-7868d1371000 r--p 00046000 08:02 27397178                   /home/tom/.jdks/temurin-17.0.14/lib/libjsvml.so
7868d1371000-7868d1372000 r--p 000ce000 08:02 27397178                   /home/tom/.jdks/temurin-17.0.14/lib/libjsvml.so
7868d1372000-7868d1373000 rw-p 000cf000 08:02 27397178                   /home/tom/.jdks/temurin-17.0.14/lib/libjsvml.so
7868d1373000-7868d13f4000 rw-p 00000000 00:00 0 
7868d13f4000-7868d13f5000 ---p 00000000 00:00 0 
7868d13f5000-7868d14f5000 rw-p 00000000 00:00 0 
7868d14f5000-7868d14f6000 ---p 00000000 00:00 0 
7868d14f6000-7868d15f6000 rw-p 00000000 00:00 0 
7868d15f6000-7868d421a000 rw-p 00000000 00:00 0 
7868d421a000-7868d8000000 ---p 00000000 00:00 0 
7868d8000000-7868d829b000 rw-p 00000000 00:00 0 
7868d829b000-7868dc000000 ---p 00000000 00:00 0 
7868dc000000-7868dc002000 r--p 00000000 08:02 7896309                    /usr/lib/x86_64-linux-gnu/libXfixes.so.3.1.0
7868dc002000-7868dc005000 r-xp 00002000 08:02 7896309                    /usr/lib/x86_64-linux-gnu/libXfixes.so.3.1.0
7868dc005000-7868dc006000 r--p 00005000 08:02 7896309                    /usr/lib/x86_64-linux-gnu/libXfixes.so.3.1.0
7868dc006000-7868dc007000 r--p 00005000 08:02 7896309                    /usr/lib/x86_64-linux-gnu/libXfixes.so.3.1.0
7868dc007000-7868dc008000 rw-p 00006000 08:02 7896309                    /usr/lib/x86_64-linux-gnu/libXfixes.so.3.1.0
7868dc008000-7868dc00a000 r--p 00000000 08:02 7896630                    /usr/lib/x86_64-linux-gnu/libbz2.so.1.0.4
7868dc00a000-7868dc018000 r-xp 00002000 08:02 7896630                    /usr/lib/x86_64-linux-gnu/libbz2.so.1.0.4
7868dc018000-7868dc01a000 r--p 00010000 08:02 7896630                    /usr/lib/x86_64-linux-gnu/libbz2.so.1.0.4
7868dc01a000-7868dc01b000 r--p 00011000 08:02 7896630                    /usr/lib/x86_64-linux-gnu/libbz2.so.1.0.4
7868dc01b000-7868dc01c000 rw-p 00012000 08:02 7896630                    /usr/lib/x86_64-linux-gnu/libbz2.so.1.0.4
7868dc01c000-7868dc01e000 r--p 00000000 08:02 7898213                    /usr/lib/x86_64-linux-gnu/libz.so.1.3
7868dc01e000-7868dc030000 r-xp 00002000 08:02 7898213                    /usr/lib/x86_64-linux-gnu/libz.so.1.3
7868dc030000-7868dc036000 r--p 00014000 08:02 7898213                    /usr/lib/x86_64-linux-gnu/libz.so.1.3
7868dc036000-7868dc037000 r--p 0001a000 08:02 7898213                    /usr/lib/x86_64-linux-gnu/libz.so.1.3
7868dc037000-7868dc038000 rw-p 0001b000 08:02 7898213                    /usr/lib/x86_64-linux-gnu/libz.so.1.3
7868dc038000-7868dc043000 r--p 00000000 08:02 7898170                    /usr/lib/x86_64-linux-gnu/libxcb.so.1.1.0
7868dc043000-7868dc056000 r-xp 0000b000 08:02 7898170                    /usr/lib/x86_64-linux-gnu/libxcb.so.1.1.0
7868dc056000-7868dc05f000 r--p 0001e000 08:02 7898170                    /usr/lib/x86_64-linux-gnu/libxcb.so.1.1.0
7868dc05f000-7868dc060000 r--p 00026000 08:02 7898170                    /usr/lib/x86_64-linux-gnu/libxcb.so.1.1.0
7868dc060000-7868dc061000 rw-p 00027000 08:02 7898170                    /usr/lib/x86_64-linux-gnu/libxcb.so.1.1.0
7868dc061000-7868dc449000 rw-p 00000000 00:00 0 
7868dc449000-7868dfe79000 ---p 00000000 00:00 0 
7868dfe79000-7868e0271000 rw-p 00000000 00:00 0 
7868e0271000-7868e3ca1000 ---p 00000000 00:00 0 
7868e3ca1000-7868e3d2e000 rw-p 00000000 00:00 0 
7868e3d2e000-7868e4474000 ---p 00000000 00:00 0 
7868e4474000-7868e44f3000 rw-p 00000000 00:00 0 
7868e44f3000-7868e4c39000 ---p 00000000 00:00 0 
7868e4c39000-7868e4cb8000 rw-p 00000000 00:00 0 
7868e4cb8000-7868e53fe000 ---p 00000000 00:00 0 
7868e53fe000-7868e5400000 rw-p 00000000 00:00 0 
7868e5400000-7868e5ac0000 rwxp 00000000 00:00 0 
7868e5ac0000-7868ec85f000 ---p 00000000 00:00 0 
7868ec85f000-7868ecb7f000 rwxp 00000000 00:00 0 
7868ecb7f000-7868ecfa0000 ---p 00000000 00:00 0 
7868ecfa0000-7868ed2e0000 rwxp 00000000 00:00 0 
7868ed2e0000-7868f4400000 ---p 00000000 00:00 0 
7868f4400000-7868fbfef000 r--s 00000000 08:02 27397164                   /home/tom/.jdks/temurin-17.0.14/lib/modules
7868fbfef000-7868fbff0000 rw-s 00000000 00:01 62630                      /memfd:pipewire-memfd:flags=0x0000000f,type=2,size=2312 (deleted)
7868fbff0000-7868fbff1000 rw-s 00000000 00:01 59666                      /memfd:pipewire-memfd:flags=0x0000000f,type=2,size=2312 (deleted)
7868fbff1000-7868fbff3000 r--p 00000000 08:02 7868518                    /usr/lib/x86_64-linux-gnu/libmd.so.0.1.0
7868fbff3000-7868fbffc000 r-xp 00002000 08:02 7868518                    /usr/lib/x86_64-linux-gnu/libmd.so.0.1.0
7868fbffc000-7868fbffe000 r--p 0000b000 08:02 7868518                    /usr/lib/x86_64-linux-gnu/libmd.so.0.1.0
7868fbffe000-7868fbfff000 r--p 0000c000 08:02 7868518                    /usr/lib/x86_64-linux-gnu/libmd.so.0.1.0
7868fbfff000-7868fc000000 rw-p 0000d000 08:02 7868518                    /usr/lib/x86_64-linux-gnu/libmd.so.0.1.0
7868fc000000-7868fc734000 rw-p 00000000 00:00 0 
7868fc734000-786900000000 ---p 00000000 00:00 0 
786900000000-786900001000 rw-s 00000000 00:01 50847                      /memfd:pipewire-memfd:flags=0x0000000f,type=2,size=4096 (deleted)
786900001000-786900002000 rw-s 00000000 00:01 13314                      /memfd:pipewire-memfd:flags=0x0000000f,type=2,size=2312 (deleted)
786900002000-786900003000 rw-s 00000000 00:01 50846                      /memfd:pipewire-memfd:flags=0x0000000f,type=2,size=2312 (deleted)
786900003000-786900007000 r--p 00000000 08:02 7868520                    /usr/lib/x86_64-linux-gnu/libbsd.so.0.12.1
786900007000-786900013000 r-xp 00004000 08:02 7868520                    /usr/lib/x86_64-linux-gnu/libbsd.so.0.12.1
786900013000-786900016000 r--p 00010000 08:02 7868520                    /usr/lib/x86_64-linux-gnu/libbsd.so.0.12.1
786900016000-786900017000 r--p 00012000 08:02 7868520                    /usr/lib/x86_64-linux-gnu/libbsd.so.0.12.1
786900017000-786900018000 rw-p 00013000 08:02 7868520                    /usr/lib/x86_64-linux-gnu/libbsd.so.0.12.1
786900018000-786900019000 rw-p 00000000 00:00 0 
786900019000-78690001b000 r--p 00000000 08:02 7896305                    /usr/lib/x86_64-linux-gnu/libXdmcp.so.6.0.0
78690001b000-78690001d000 r-xp 00002000 08:02 7896305                    /usr/lib/x86_64-linux-gnu/libXdmcp.so.6.0.0
78690001d000-78690001f000 r--p 00004000 08:02 7896305                    /usr/lib/x86_64-linux-gnu/libXdmcp.so.6.0.0
78690001f000-786900020000 r--p 00005000 08:02 7896305                    /usr/lib/x86_64-linux-gnu/libXdmcp.so.6.0.0
786900020000-786900021000 rw-p 00006000 08:02 7896305                    /usr/lib/x86_64-linux-gnu/libXdmcp.so.6.0.0
786900021000-786900022000 r--p 00000000 08:02 7896294                    /usr/lib/x86_64-linux-gnu/libXau.so.6.0.0
786900022000-786900024000 r-xp 00001000 08:02 7896294                    /usr/lib/x86_64-linux-gnu/libXau.so.6.0.0
786900024000-786900025000 r--p 00003000 08:02 7896294                    /usr/lib/x86_64-linux-gnu/libXau.so.6.0.0
786900025000-786900026000 r--p 00003000 08:02 7896294                    /usr/lib/x86_64-linux-gnu/libXau.so.6.0.0
786900026000-786900027000 rw-p 00004000 08:02 7896294                    /usr/lib/x86_64-linux-gnu/libXau.so.6.0.0
786900027000-78690002a000 r--p 00000000 08:02 7896315                    /usr/lib/x86_64-linux-gnu/libXi.so.6.1.0
78690002a000-786900036000 r-xp 00003000 08:02 7896315                    /usr/lib/x86_64-linux-gnu/libXi.so.6.1.0
786900036000-786900038000 r--p 0000f000 08:02 7896315                    /usr/lib/x86_64-linux-gnu/libXi.so.6.1.0
786900038000-786900039000 r--p 00011000 08:02 7896315                    /usr/lib/x86_64-linux-gnu/libXi.so.6.1.0
786900039000-78690003a000 rw-p 00012000 08:02 7896315                    /usr/lib/x86_64-linux-gnu/libXi.so.6.1.0
78690003a000-78690003c000 r--p 00000000 08:02 7896335                    /usr/lib/x86_64-linux-gnu/libXtst.so.6.1.0
78690003c000-78690003f000 r-xp 00002000 08:02 7896335                    /usr/lib/x86_64-linux-gnu/libXtst.so.6.1.0
78690003f000-786900040000 r--p 00005000 08:02 7896335                    /usr/lib/x86_64-linux-gnu/libXtst.so.6.1.0
786900040000-786900041000 r--p 00005000 08:02 7896335                    /usr/lib/x86_64-linux-gnu/libXtst.so.6.1.0
786900041000-786900042000 rw-p 00006000 08:02 7896335                    /usr/lib/x86_64-linux-gnu/libXtst.so.6.1.0
786900042000-786900046000 r--p 00000000 08:02 7896307                    /usr/lib/x86_64-linux-gnu/libXext.so.6.4.0
786900046000-786900051000 r-xp 00004000 08:02 7896307                    /usr/lib/x86_64-linux-gnu/libXext.so.6.4.0
786900051000-786900054000 r--p 0000f000 08:02 7896307                    /usr/lib/x86_64-linux-gnu/libXext.so.6.4.0
786900054000-786900055000 r--p 00011000 08:02 7896307                    /usr/lib/x86_64-linux-gnu/libXext.so.6.4.0
786900055000-786900056000 rw-p 00012000 08:02 7896307                    /usr/lib/x86_64-linux-gnu/libXext.so.6.4.0
786900056000-786900057000 rw-s 00000000 00:01 59636                      /memfd:pipewire-memfd:flags=0x0000000f,type=2,size=2312 (deleted)
786900057000-786900062000 r--s 00000000 08:02 15344649                   /var/cache/fontconfig/d0972c3d32f097851eb916381fc38920-le64.cache-9
786900062000-786900073000 r--s 00000000 08:02 15344634                   /var/cache/fontconfig/e13b20fdb08344e0e664864cc2ede53d-le64.cache-9
786900073000-786900376000 rw-p 00000000 00:00 0 
786900376000-786900377000 ---p 00000000 00:00 0 
786900377000-786900477000 rw-p 00000000 00:00 0 
786900477000-786900478000 ---p 00000000 00:00 0 
786900478000-786900578000 rw-p 00000000 00:00 0 
786900578000-786900579000 ---p 00000000 00:00 0 
786900579000-786900679000 rw-p 00000000 00:00 0 
786900679000-78690144c000 rw-p 00000000 00:00 0 
78690144c000-78690152e000 ---p 00000000 00:00 0 
78690152e000-78690153c000 rw-p 00000000 00:00 0 
78690153c000-786901617000 ---p 00000000 00:00 0 
786901617000-78690161b000 ---p 00000000 00:00 0 
78690161b000-786901717000 rw-p 00000000 00:00 0 
786901717000-786901727000 r--p 00000000 08:02 7868446                    /usr/lib/x86_64-linux-gnu/libm.so.6
786901727000-7869017a6000 r-xp 00010000 08:02 7868446                    /usr/lib/x86_64-linux-gnu/libm.so.6
7869017a6000-7869017fe000 r--p 0008f000 08:02 7868446                    /usr/lib/x86_64-linux-gnu/libm.so.6
7869017fe000-7869017ff000 r--p 000e7000 08:02 7868446                    /usr/lib/x86_64-linux-gnu/libm.so.6
7869017ff000-786901800000 rw-p 000e8000 08:02 7868446                    /usr/lib/x86_64-linux-gnu/libm.so.6
786901800000-786901a53000 r--p 00000000 08:02 27397151                   /home/tom/.jdks/temurin-17.0.14/lib/server/libjvm.so
786901a53000-78690277c000 r-xp 00253000 08:02 27397151                   /home/tom/.jdks/temurin-17.0.14/lib/server/libjvm.so
78690277c000-786902a09000 r--p 00f7c000 08:02 27397151                   /home/tom/.jdks/temurin-17.0.14/lib/server/libjvm.so
786902a09000-786902a0a000 ---p 01209000 08:02 27397151                   /home/tom/.jdks/temurin-17.0.14/lib/server/libjvm.so
786902a0a000-786902ac3000 r--p 01209000 08:02 27397151                   /home/tom/.jdks/temurin-17.0.14/lib/server/libjvm.so
786902ac3000-786902af8000 rw-p 012c2000 08:02 27397151                   /home/tom/.jdks/temurin-17.0.14/lib/server/libjvm.so
786902af8000-786902b53000 rw-p 00000000 00:00 0 
786902b53000-786902b54000 r--p 00000000 08:02 7896317                    /usr/lib/x86_64-linux-gnu/libXinerama.so.1.0.0
786902b54000-786902b55000 r-xp 00001000 08:02 7896317                    /usr/lib/x86_64-linux-gnu/libXinerama.so.1.0.0
786902b55000-786902b56000 r--p 00002000 08:02 7896317                    /usr/lib/x86_64-linux-gnu/libXinerama.so.1.0.0
786902b56000-786902b57000 r--p 00002000 08:02 7896317                    /usr/lib/x86_64-linux-gnu/libXinerama.so.1.0.0
786902b57000-786902b58000 rw-p 00003000 08:02 7896317                    /usr/lib/x86_64-linux-gnu/libXinerama.so.1.0.0
786902b58000-786902b5a000 r--p 00000000 08:02 7896329                    /usr/lib/x86_64-linux-gnu/libXrender.so.1.3.0
786902b5a000-786902b61000 r-xp 00002000 08:02 7896329                    /usr/lib/x86_64-linux-gnu/libXrender.so.1.3.0
786902b61000-786902b62000 r--p 00009000 08:02 7896329                    /usr/lib/x86_64-linux-gnu/libXrender.so.1.3.0
786902b62000-786902b63000 r--p 00009000 08:02 7896329                    /usr/lib/x86_64-linux-gnu/libXrender.so.1.3.0
786902b63000-786902b64000 rw-p 0000a000 08:02 7896329                    /usr/lib/x86_64-linux-gnu/libXrender.so.1.3.0
786902b64000-786902c00000 rw-p 00000000 00:00 0 
786902c00000-786902c28000 r--p 00000000 08:02 7868443                    /usr/lib/x86_64-linux-gnu/libc.so.6
786902c28000-786902db0000 r-xp 00028000 08:02 7868443                    /usr/lib/x86_64-linux-gnu/libc.so.6
786902db0000-786902dff000 r--p 001b0000 08:02 7868443                    /usr/lib/x86_64-linux-gnu/libc.so.6
786902dff000-786902e03000 r--p 001fe000 08:02 7868443                    /usr/lib/x86_64-linux-gnu/libc.so.6
786902e03000-786902e05000 rw-p 00202000 08:02 7868443                    /usr/lib/x86_64-linux-gnu/libc.so.6
786902e05000-786902e43000 rw-p 00000000 00:00 0 
786902e43000-786902e47000 r--p 00000000 08:02 27397156                   /home/tom/.jdks/temurin-17.0.14/lib/libnet.so
786902e47000-786902e55000 r-xp 00004000 08:02 27397156                   /home/tom/.jdks/temurin-17.0.14/lib/libnet.so
786902e55000-786902e59000 r--p 00012000 08:02 27397156                   /home/tom/.jdks/temurin-17.0.14/lib/libnet.so
786902e59000-786902e5a000 r--p 00015000 08:02 27397156                   /home/tom/.jdks/temurin-17.0.14/lib/libnet.so
786902e5a000-786902e5b000 rw-p 00016000 08:02 27397156                   /home/tom/.jdks/temurin-17.0.14/lib/libnet.so
786902e5b000-786902e62000 r--p 00000000 08:02 27397159                   /home/tom/.jdks/temurin-17.0.14/lib/libnio.so
786902e62000-786902e6b000 r-xp 00007000 08:02 27397159                   /home/tom/.jdks/temurin-17.0.14/lib/libnio.so
786902e6b000-786902e6f000 r--p 00010000 08:02 27397159                   /home/tom/.jdks/temurin-17.0.14/lib/libnio.so
786902e6f000-786902e70000 ---p 00014000 08:02 27397159                   /home/tom/.jdks/temurin-17.0.14/lib/libnio.so
786902e70000-786902e71000 r--p 00014000 08:02 27397159                   /home/tom/.jdks/temurin-17.0.14/lib/libnio.so
786902e71000-786902e72000 rw-p 00015000 08:02 27397159                   /home/tom/.jdks/temurin-17.0.14/lib/libnio.so
786902e72000-786902e80000 r--p 00000000 08:02 27397174                   /home/tom/.jdks/temurin-17.0.14/lib/libjava.so
786902e80000-786902e92000 r-xp 0000e000 08:02 27397174                   /home/tom/.jdks/temurin-17.0.14/lib/libjava.so
786902e92000-786902e98000 r--p 00020000 08:02 27397174                   /home/tom/.jdks/temurin-17.0.14/lib/libjava.so
786902e98000-786902e99000 ---p 00026000 08:02 27397174                   /home/tom/.jdks/temurin-17.0.14/lib/libjava.so
786902e99000-786902e9a000 r--p 00026000 08:02 27397174                   /home/tom/.jdks/temurin-17.0.14/lib/libjava.so
786902e9a000-786902e9b000 rw-p 00027000 08:02 27397174                   /home/tom/.jdks/temurin-17.0.14/lib/libjava.so
786902e9b000-786902e9c000 rw-p 00000000 00:00 0 
786902e9c000-786902ea0000 r--p 00000000 08:02 27397157                   /home/tom/.jdks/temurin-17.0.14/lib/libjimage.so
786902ea0000-786902eb3000 r-xp 00004000 08:02 27397157                   /home/tom/.jdks/temurin-17.0.14/lib/libjimage.so
786902eb3000-786902eb9000 r--p 00017000 08:02 27397157                   /home/tom/.jdks/temurin-17.0.14/lib/libjimage.so
786902eb9000-786902ebb000 r--p 0001c000 08:02 27397157                   /home/tom/.jdks/temurin-17.0.14/lib/libjimage.so
786902ebb000-786902ebc000 rw-p 0001e000 08:02 27397157                   /home/tom/.jdks/temurin-17.0.14/lib/libjimage.so
786902ebc000-786902ebd000 r--p 00000000 08:02 7868457                    /usr/lib/x86_64-linux-gnu/librt.so.1
786902ebd000-786902ebe000 r-xp 00001000 08:02 7868457                    /usr/lib/x86_64-linux-gnu/librt.so.1
786902ebe000-786902ebf000 r--p 00002000 08:02 7868457                    /usr/lib/x86_64-linux-gnu/librt.so.1
786902ebf000-786902ec0000 r--p 00002000 08:02 7868457                    /usr/lib/x86_64-linux-gnu/librt.so.1
786902ec0000-786902ec1000 rw-p 00003000 08:02 7868457                    /usr/lib/x86_64-linux-gnu/librt.so.1
786902ec1000-786902ec3000 rw-p 00000000 00:00 0 
786902ec3000-786902ec4000 r--p 00000000 08:02 7868445                    /usr/lib/x86_64-linux-gnu/libdl.so.2
786902ec4000-786902ec5000 r-xp 00001000 08:02 7868445                    /usr/lib/x86_64-linux-gnu/libdl.so.2
786902ec5000-786902ec6000 r--p 00002000 08:02 7868445                    /usr/lib/x86_64-linux-gnu/libdl.so.2
786902ec6000-786902ec7000 r--p 00002000 08:02 7868445                    /usr/lib/x86_64-linux-gnu/libdl.so.2
786902ec7000-786902ec8000 rw-p 00003000 08:02 7868445                    /usr/lib/x86_64-linux-gnu/libdl.so.2
786902ec8000-786902ec9000 r--p 00000000 08:02 7868455                    /usr/lib/x86_64-linux-gnu/libpthread.so.0
786902ec9000-786902eca000 r-xp 00001000 08:02 7868455                    /usr/lib/x86_64-linux-gnu/libpthread.so.0
786902eca000-786902ecb000 r--p 00002000 08:02 7868455                    /usr/lib/x86_64-linux-gnu/libpthread.so.0
786902ecb000-786902ecc000 r--p 00002000 08:02 7868455                    /usr/lib/x86_64-linux-gnu/libpthread.so.0
786902ecc000-786902ecd000 rw-p 00003000 08:02 7868455                    /usr/lib/x86_64-linux-gnu/libpthread.so.0
786902ecd000-786902ece000 r--s 00000000 08:02 15336294                   /var/cache/fontconfig/da43223dd54fb3bb4243ae19d4b583b2-le64.cache-9
786902ece000-786902ecf000 r--s 00000000 08:02 15344655                   /var/cache/fontconfig/3f7329c5293ffd510edef78f73874cfd-le64.cache-9
786902ecf000-786902ed0000 r--p 00000000 08:02 9210486                    /usr/share/locale-langpack/en_GB/LC_MESSAGES/libc.mo
786902ed0000-786902ed7000 rw-p 00000000 00:00 0 
786902ed7000-786902edf000 ---p 00000000 00:00 0 
786902edf000-786902ee7000 rw-s 00000000 08:02 29100861                   /tmp/hsperfdata_tom/48596
786902ee7000-786902ee8000 ---p 00000000 00:00 0 
786902ee8000-786902ee9000 r--p 00000000 00:00 0 
786902ee9000-786902eea000 ---p 00000000 00:00 0 
786902eea000-786902eed000 r--p 00000000 08:02 27397172                   /home/tom/.jdks/temurin-17.0.14/lib/libjli.so
786902eed000-786902efd000 r-xp 00003000 08:02 27397172                   /home/tom/.jdks/temurin-17.0.14/lib/libjli.so
786902efd000-786902f04000 r--p 00013000 08:02 27397172                   /home/tom/.jdks/temurin-17.0.14/lib/libjli.so
786902f04000-786902f05000 r--p 00019000 08:02 27397172                   /home/tom/.jdks/temurin-17.0.14/lib/libjli.so
786902f05000-786902f06000 rw-p 0001a000 08:02 27397172                   /home/tom/.jdks/temurin-17.0.14/lib/libjli.so
786902f06000-786902f08000 rw-p 00000000 00:00 0 
786902f08000-786902f09000 r--p 00000000 08:02 7868440                    /usr/lib/x86_64-linux-gnu/ld-linux-x86-64.so.2
786902f09000-786902f34000 r-xp 00001000 08:02 7868440                    /usr/lib/x86_64-linux-gnu/ld-linux-x86-64.so.2
786902f34000-786902f3e000 r--p 0002c000 08:02 7868440                    /usr/lib/x86_64-linux-gnu/ld-linux-x86-64.so.2
786902f3e000-786902f40000 r--p 00036000 08:02 7868440                    /usr/lib/x86_64-linux-gnu/ld-linux-x86-64.so.2
786902f40000-786902f42000 rw-p 00038000 08:02 7868440                    /usr/lib/x86_64-linux-gnu/ld-linux-x86-64.so.2
7ffcfbc65000-7ffcfbc86000 rw-p 00000000 00:00 0                          [stack]
7ffcfbd5d000-7ffcfbd61000 r--p 00000000 00:00 0                          [vvar]
7ffcfbd61000-7ffcfbd63000 r-xp 00000000 00:00 0                          [vdso]
ffffffffff600000-ffffffffff601000 --xp 00000000 00:00 0                  [vsyscall]


VM Arguments:
jvm_args: -Dfile.encoding=UTF-8 -Duser.country=GB -Duser.language=en -Duser.variant 
java_command: Main
java_class_path (initial): /home/tom/Documents/GitHub/OpenWorldEngine/build/classes/java/main:/home/tom/Documents/GitHub/OpenWorldEngine/build/resources/main
Launcher Type: SUN_STANDARD

[Global flags]
     intx CICompilerCount                          = 12                                        {product} {ergonomic}
     uint ConcGCThreads                            = 3                                         {product} {ergonomic}
     uint G1ConcRefinementThreads                  = 13                                        {product} {ergonomic}
   size_t G1HeapRegionSize                         = 2097152                                   {product} {ergonomic}
    uintx GCDrainStackTargetSize                   = 64                                        {product} {ergonomic}
   size_t InitialHeapSize                          = 262144000                                 {product} {ergonomic}
   size_t MarkStackSize                            = 4194304                                   {product} {ergonomic}
   size_t MaxHeapSize                              = 4171235328                                {product} {ergonomic}
   size_t MaxNewSize                               = 2501902336                                {product} {ergonomic}
   size_t MinHeapDeltaBytes                        = 2097152                                   {product} {ergonomic}
   size_t MinHeapSize                              = 8388608                                   {product} {ergonomic}
    uintx NonNMethodCodeHeapSize                   = 7602480                                {pd product} {ergonomic}
    uintx NonProfiledCodeHeapSize                  = 122027880                              {pd product} {ergonomic}
    uintx ProfiledCodeHeapSize                     = 122027880                              {pd product} {ergonomic}
    uintx ReservedCodeCacheSize                    = 251658240                              {pd product} {ergonomic}
     bool SegmentedCodeCache                       = true                                      {product} {ergonomic}
   size_t SoftMaxHeapSize                          = 4171235328                             {manageable} {ergonomic}
     bool UseCompressedClassPointers               = true                           {product lp64_product} {ergonomic}
     bool UseCompressedOops                        = true                           {product lp64_product} {ergonomic}
     bool UseG1GC                                  = true                                      {product} {ergonomic}

Logging:
Log output configuration:
 #0: stdout all=warning uptime,level,tags
 #1: stderr all=off uptime,level,tags

Environment Variables:
PATH=/usr/local/sbin:/usr/local/bin:/usr/sbin:/usr/bin:/sbin:/bin:/usr/games:/usr/local/games:/snap/bin:/home/tom/.dotnet/tools
SHELL=/bin/bash
DISPLAY=:0
LANG=en_GB.UTF-8

Active Locale:
LC_ALL=en_GB.UTF-8
LC_COLLATE=en_GB.UTF-8
LC_CTYPE=en_GB.UTF-8
LC_MESSAGES=en_GB.UTF-8
LC_MONETARY=en_GB.UTF-8
LC_NUMERIC=en_GB.UTF-8
LC_TIME=en_GB.UTF-8

Signal Handlers:
   SIGSEGV: crash_handler in libjvm.so, mask=11100100010111111101111111111110, flags=SA_RESTART|SA_SIGINFO, unblocked
    SIGBUS: crash_handler in libjvm.so, mask=11100100010111111101111111111110, flags=SA_RESTART|SA_SIGINFO, unblocked
    SIGFPE: crash_handler in libjvm.so, mask=11100100010111111101111111111110, flags=SA_RESTART|SA_SIGINFO, unblocked
   SIGPIPE: javaSignalHandler in libjvm.so, mask=11100100010111111101111111111110, flags=SA_RESTART|SA_SIGINFO, blocked
   SIGXFSZ: javaSignalHandler in libjvm.so, mask=11100100010111111101111111111110, flags=SA_RESTART|SA_SIGINFO, blocked
    SIGILL: crash_handler in libjvm.so, mask=11100100010111111101111111111110, flags=SA_RESTART|SA_SIGINFO, unblocked
   SIGUSR2: SR_handler in libjvm.so, mask=00100000000000000000000000000000, flags=SA_RESTART|SA_SIGINFO, blocked
    SIGHUP: UserHandler in libjvm.so, mask=11100100010111111101111111111110, flags=SA_RESTART|SA_SIGINFO, blocked
    SIGINT: UserHandler in libjvm.so, mask=11100100010111111101111111111110, flags=SA_RESTART|SA_SIGINFO, blocked
   SIGTERM: UserHandler in libjvm.so, mask=11100100010111111101111111111110, flags=SA_RESTART|SA_SIGINFO, blocked
   SIGQUIT: UserHandler in libjvm.so, mask=11100100010111111101111111111110, flags=SA_RESTART|SA_SIGINFO, blocked
   SIGTRAP: crash_handler in libjvm.so, mask=11100100010111111101111111111110, flags=SA_RESTART|SA_SIGINFO, unblocked


Periodic native trim disabled


---------------  S Y S T E M  ---------------

OS:
DISTRIB_ID=LinuxMint
DISTRIB_RELEASE=22.1
DISTRIB_CODENAME=xia
DISTRIB_DESCRIPTION="Linux Mint 22.1 Xia"
uname: Linux 6.8.0-60-generic #63-Ubuntu SMP PREEMPT_DYNAMIC Tue Apr 15 19:04:15 UTC 2025 x86_64
OS uptime: 0 days 5:23 hours
libc: glibc 2.39 NPTL 2.39 
rlimit (soft/hard): STACK 8192k/infinity , CORE 0k/infinity , NPROC 63304/63304 , NOFILE 1048576/1048576 , AS infinity/infinity , CPU infinity/infinity , DATA infinity/infinity , FSIZE infinity/infinity , MEMLOCK 2036436k/2036436k
load average: 5.00 2.74 1.38

/proc/meminfo:
MemTotal:       16291500 kB
MemFree:          289484 kB
MemAvailable:    6378956 kB
Buffers:          140244 kB
Cached:          6235592 kB
SwapCached:            4 kB
Active:         11692528 kB
Inactive:        3289172 kB
Active(anon):    8651640 kB
Inactive(anon):   139452 kB
Active(file):    3040888 kB
Inactive(file):  3149720 kB
Unevictable:        9852 kB
Mlocked:            9852 kB
SwapTotal:       2097148 kB
SwapFree:        2096880 kB
Zswap:                 0 kB
Zswapped:              0 kB
Dirty:              2128 kB
Writeback:             0 kB
AnonPages:       8615948 kB
Mapped:          2327748 kB
Shmem:            185216 kB
KReclaimable:     235696 kB
Slab:             495132 kB
SReclaimable:     235696 kB
SUnreclaim:       259436 kB
KernelStack:       42416 kB
PageTables:        88760 kB
SecPageTables:         0 kB
NFS_Unstable:          0 kB
Bounce:                0 kB
WritebackTmp:          0 kB
CommitLimit:    10242896 kB
Committed_AS:   29098504 kB
VmallocTotal:   34359738367 kB
VmallocUsed:       96632 kB
VmallocChunk:          0 kB
Percpu:            28928 kB
HardwareCorrupted:     0 kB
AnonHugePages:         0 kB
ShmemHugePages:        0 kB
ShmemPmdMapped:        0 kB
FileHugePages:         0 kB
FilePmdMapped:         0 kB
Unaccepted:            0 kB
HugePages_Total:       0
HugePages_Free:        0
HugePages_Rsvd:        0
HugePages_Surp:        0
Hugepagesize:       2048 kB
Hugetlb:               0 kB
DirectMap4k:      940460 kB
DirectMap2M:    15761408 kB
DirectMap1G:           0 kB

/sys/kernel/mm/transparent_hugepage/enabled: always [madvise] never
/sys/kernel/mm/transparent_hugepage/hpage_pmd_size: 2097152
/sys/kernel/mm/transparent_hugepage/defrag (defrag/compaction efforts parameter): always defer defer+madvise [madvise] never

Process Memory:
Virtual Size: 17816056K (peak: 17816064K)
Resident Set Size: 577052K (peak: 577052K) (anon: 534220K, file: 30836K, shmem: 11996K)
Swapped out: 0K
C-Heap outstanding allocations: 209897K, retained: 181186K
glibc malloc tunables: (default)

/proc/sys/kernel/threads-max (system-wide limit on the number of threads): 126609
/proc/sys/vm/max_map_count (maximum number of memory map areas a process may have): 1048576
/proc/sys/vm/swappiness (control to define how aggressively the kernel swaps out anonymous memory): 60
/proc/sys/kernel/pid_max (system-wide limit on number of process identifiers): 4194304

container (cgroup) information:
container_type: cgroupv2
cpu_cpuset_cpus: not supported
cpu_memory_nodes: not supported
active_processor_count: 16
cpu_quota: no quota
cpu_period: 100000
cpu_shares: no shares
memory_limit_in_bytes: unlimited
memory_and_swap_limit_in_bytes: unlimited
memory_soft_limit_in_bytes: unlimited
memory_usage_in_bytes: 14499948 k
memory_max_usage_in_bytes: not supported
memory_swap_current_in_bytes: unlimited
memory_swap_max_limit_in_bytes: unlimited
maximum number of tasks: unlimited
current number of tasks: 2169

Steal ticks since vm start: 0
Steal ticks percentage since vm start:  0.000

CPU: total 32 (initial active 16) (16 cores per cpu, 2 threads per core) family 25 model 33 stepping 2 microcode 0xa20120e, cx8, cmov, fxsr, ht, mmx, 3dnowpref, sse, sse2, sse3, ssse3, sse4a, sse4.1, sse4.2, popcnt, lzcnt, tsc, tscinvbit, avx, avx2, aes, erms, clmul, bmi1, bmi2, adx, sha, fma, vzeroupper, clflush, clflushopt
CPU Model and flags from /proc/cpuinfo:
model name	: AMD Ryzen 7 5800X 8-Core Processor
flags		: fpu vme de pse tsc msr pae mce cx8 apic sep mtrr pge mca cmov pat pse36 clflush mmx fxsr sse sse2 ht syscall nx mmxext fxsr_opt pdpe1gb rdtscp lm constant_tsc rep_good nopl nonstop_tsc cpuid extd_apicid aperfmperf rapl pni pclmulqdq monitor ssse3 fma cx16 sse4_1 sse4_2 x2apic movbe popcnt aes xsave avx f16c rdrand lahf_lm cmp_legacy svm extapic cr8_legacy abm sse4a misalignsse 3dnowprefetch osvw ibs skinit wdt tce topoext perfctr_core perfctr_nb bpext perfctr_llc mwaitx cpb cat_l3 cdp_l3 hw_pstate ssbd mba ibrs ibpb stibp vmmcall fsgsbase bmi1 avx2 smep bmi2 erms invpcid cqm rdt_a rdseed adx smap clflushopt clwb sha_ni xsaveopt xsavec xgetbv1 xsaves cqm_llc cqm_occup_llc cqm_mbm_total cqm_mbm_local user_shstk clzero irperf xsaveerptr rdpru wbnoinvd arat npt lbrv svm_lock nrip_save tsc_scale vmcb_clean flushbyasid decodeassists pausefilter pfthreshold avic v_vmsave_vmload vgif v_spec_ctrl umip pku ospke vaes vpclmulqdq rdpid overflow_recov succor smca fsrm debug_swap

Online cpus: 0-15
Offline cpus: 16-31
BIOS frequency limitation: 3800000
Frequency switch latency (ns): 0
Available cpu frequencies: 3800000 2800000 2200000 
Current governor: schedutil
Core performance/turbo boost: 1

Memory: 4k page, physical 16291500k(289484k free), swap 2097148k(2096880k free)
Page Sizes: 4k

vm_info: OpenJDK 64-Bit Server VM (17.0.14+7) for linux-amd64 JRE (17.0.14+7), built on Jan 21 2025 00:00:00 by "admin" with gcc 10.3.0

END.
