#
# A fatal error has been detected by the Java Runtime Environment:
#
#  SIGSEGV (0xb) at pc=0x0000736ad3e35b29, pid=43971, tid=44006
#
# JRE version: OpenJDK Runtime Environment Temurin-17.0.15+6 (17.0.15+6) (build 17.0.15+6)
# Java VM: OpenJDK 64-Bit Server VM Temurin-17.0.15+6 (17.0.15+6, mixed mode, sharing, tiered, compressed oops, compressed class ptrs, g1 gc, linux-amd64)
# Problematic frame:
# C  [libGLdispatch.so.0+0x5b29]
#
# Core dump will be written. Default location: Core dumps may be processed with "/usr/lib/systemd/systemd-coredump %P %u %g %s %t %c %h" (or dumping to /home/tom/Documents/GitHub/OpenWorldEngine/core.43971)
#
# If you would like to submit a bug report, please visit:
#   https://github.com/adoptium/adoptium-support/issues
# The crash happened outside the Java Virtual Machine in native code.
# See problematic frame for where to report the bug.
#

---------------  S U M M A R Y ------------

Command Line: -Ddebugger.agent.enable.coroutines=true -Dkotlinx.coroutines.debug.enable.creation.stack.trace=false -Dkotlinx.coroutines.debug.enable.flows.stack.trace=true -Dkotlinx.coroutines.debug.enable.mutable.state.flows.stack.trace=true -agentlib:jdwp=transport=dt_socket,server=n,suspend=y,address=127.0.0.1:43991 -javaagent:/home/tom/Documents/idea-IC-243.26053.27/plugins/java/lib/rt/debugger-agent.jar -Dfile.encoding=UTF-8 -Duser.country=GB -Duser.language=en -Duser.variant Main

Host: AMD Ryzen 3 4100 4-Core Processor, 8 cores, 15G, Nobara release 41 (Forty One)
Time: Tue Jun  3 17:51:28 2025 BST elapsed time: 0.621851 seconds (0d 0h 0m 0s)

---------------  T H R E A D  ---------------

Current thread (0x0000736ad5120690):  JavaThread "Thread-1" [_thread_in_native, id=44006, stack(0x0000736a48215000,0x0000736a48315000)]

Stack: [0x0000736a48215000,0x0000736a48315000],  sp=0x0000736a48313588,  free space=1017k
Native frames: (J=compiled Java code, j=interpreted, Vv=VM code, C=native code)
C  [libGLdispatch.so.0+0x5b29]

Java frames: (J=compiled Java code, j=interpreted, Vv=VM code)
j  com.raylib.Raylib.LoadTexture(Ljava/lang/String;)Lcom/raylib/Raylib$Texture;+0
j  dev.spruce.game.assets.managers.TileTextureManager.<init>()V+33
j  dev.spruce.game.assets.Assets.<init>()V+9
j  dev.spruce.game.assets.Assets.getInstance()Ldev/spruce/game/assets/Assets;+10
j  dev.spruce.game.sound.SoundPlayer.run()V+0
j  java.lang.Thread.run()V+11 java.base@17.0.15
v  ~StubRoutines::call_stub

siginfo: si_signo: 11 (SIGSEGV), si_code: 1 (SEGV_MAPERR), si_addr: 0x0000000000000998

Registers:
RAX=0x0000000000000000, RBX=0x0000000000000020, RCX=0x0000000000000004, RDX=0x0000000000000020
RSP=0x0000736a48313588, RBP=0x0000000000000001, RSI=0x0000000000000000, RDI=0x0000000000000de1
R8 =0x0000000000000001, R9 =0x0000000000000007, R10=0x0000736a000033c0, R11=0xcee325340c71e6c0
R12=0x0000736a48313690, R13=0x0000000000000004, R14=0x0000000000000004, R15=0x0000736ad5120690
RIP=0x0000736ad3e35b29, EFLAGS=0x0000000000010246, CSGSFS=0x002b000000000033, ERR=0x0000000000000004
  TRAPNO=0x000000000000000e

XMM[0]=0x0000000000000000 0x0000736ad456fd10
XMM[1]=0x0000002000000020 0x0000736a00004fb0
XMM[2]=0xffffffffffff0000 0x0000000000000000
XMM[3]=0xffffffffffff0000 0x0000000000000000
XMM[4]=0x0000000000000000 0x0000736a00000090
XMM[5]=0x1680c153e04af389 0x05881fcaf6e0e80c
XMM[6]=0x0000736a0000348c 0x0000736a000033c0
XMM[7]=0x2e2e2e2e2e2e2e2e 0x2e2e2e2e2e2e2e2e
XMM[8]=0x0500000001000c00 0x00000e0000000d00
XMM[9]=0x0000000000000000 0x0000000000000000
XMM[10]=0x0000000000000000 0x3f3f3f3f3f3f3f3f
XMM[11]=0x0000000000000000 0x9999999999999999
XMM[12]=0x0000000000000000 0x2020202020202020
XMM[13]=0x0000000000000000 0x000000003acccccd
XMM[14]=0x0000000000000000 0x000000003acccccd
XMM[15]=0x0000000000000000 0x0000000000000000
  MXCSR=0x00001fa0


Register to memory mapping:

RAX=0x0 is NULL
RBX=0x0000000000000020 is an unknown value
RCX=0x0000000000000004 is an unknown value
RDX=0x0000000000000020 is an unknown value
RSP=0x0000736a48313588 is pointing into the stack for thread: 0x0000736ad5120690
RBP=0x0000000000000001 is an unknown value
RSI=0x0 is NULL
RDI=0x0000000000000de1 is an unknown value
R8 =0x0000000000000001 is an unknown value
R9 =0x0000000000000007 is an unknown value
R10=0x0000736a000033c0 points into unknown readable memory: 0x0000000736a00003 | 03 00 a0 36 07 00 00 00
R11=0xcee325340c71e6c0 is an unknown value
R12=0x0000736a48313690 is pointing into the stack for thread: 0x0000736ad5120690
R13=0x0000000000000004 is an unknown value
R14=0x0000000000000004 is an unknown value
R15=0x0000736ad5120690 is a thread


Top of Stack: (sp=0x0000736a48313588)
0x0000736a48313588:   0000736aa47e749f 0000736a483135e0
0x0000736a48313598:   0000736a00004fb0 0000000000000001
0x0000736a483135a8:   0000736a00004240 0000736a000033c0
0x0000736a483135b8:   0000736a48313640 0000736a00004240
0x0000736a483135c8:   0000002000000020 0000000000000000
0x0000736a483135d8:   0000736a000033b0 0000736a48313620
0x0000736a483135e8:   0000736adc9fe00e 0000736a00004fb0
0x0000736a483135f8:   fc50729e3194ab00 0000000400000001
0x0000736a48313608:   0000000000000020 0000000000000001
0x0000736a48313618:   0000736a48313690 0000000000000020
0x0000736a48313628:   0000000000000004 0000736ad5120690
0x0000736a48313638:   0000736aa48a9ffd 0000736a00004240
0x0000736a48313648:   0000736a48313750 0000736a00004240
0x0000736a48313658:   0000736a4b42f378 0000736a483137d0
0x0000736a48313668:   0000736aa48aa057 0000736a00004fb0
0x0000736a48313678:   0000002000000020 0000000400000001
0x0000736a48313688:   0000736aa48aa037 0000000000000000
0x0000736a48313698:   0000000000000000 0000736a00000000
0x0000736a483136a8:   0000000000000014 0000736a00004fb0
0x0000736a483136b8:   0000002000000020 0000000400000001
0x0000736a483136c8:   fc50729e3194ab00 0000000000000000
0x0000736a483136d8:   0000736aa46d88cf 0000736ad5120690
0x0000736a483136e8:   0000736a483137d0 0000736a483137c0
0x0000736a483136f8:   0000736ad5120940 0000000000000000
0x0000736a48313708:   0000000000000000 0000736a00004210
0x0000736a48313718:   0000736ad5120690 0000736a48313750
0x0000736a48313728:   0000736a4b42f380 0000000000000000
0x0000736a48313738:   fc50729e3194ab00 0000736a4b42f380
0x0000736a48313748:   0000000000000000 0000736a483137b0
0x0000736a48313758:   0000736ab69479c7 0000736ab6947416
0x0000736a48313768:   0000736a48313768 0000736a4b42f378
0x0000736a48313778:   0000736a483137d0 0000736a4b459d08 

Instructions: (pc=0x0000736ad3e35b29)
0x0000736ad3e35a29:   ff a0 f0 2e 00 00 41 ff a3 88 02 00 00 66 2e 0f
0x0000736ad3e35a39:   1f 84 00 00 00 00 00 64 48 8b 04 25 10 ff ff ff
0x0000736ad3e35a49:   ff a0 70 16 00 00 41 ff a3 90 02 00 00 66 2e 0f
0x0000736ad3e35a59:   1f 84 00 00 00 00 00 64 48 8b 04 25 10 ff ff ff
0x0000736ad3e35a69:   ff a0 20 2f 00 00 41 ff a3 98 02 00 00 66 2e 0f
0x0000736ad3e35a79:   1f 84 00 00 00 00 00 64 48 8b 04 25 10 ff ff ff
0x0000736ad3e35a89:   ff a0 70 16 00 00 41 ff a3 a0 02 00 00 66 2e 0f
0x0000736ad3e35a99:   1f 84 00 00 00 00 00 64 48 8b 04 25 10 ff ff ff
0x0000736ad3e35aa9:   ff a0 e0 18 00 00 41 ff a3 a8 02 00 00 66 2e 0f
0x0000736ad3e35ab9:   1f 84 00 00 00 00 00 64 48 8b 04 25 10 ff ff ff
0x0000736ad3e35ac9:   ff a0 90 1e 00 00 41 ff a3 b0 02 00 00 66 2e 0f
0x0000736ad3e35ad9:   1f 84 00 00 00 00 00 64 48 8b 04 25 10 ff ff ff
0x0000736ad3e35ae9:   ff a0 18 3d 00 00 41 ff a3 b8 02 00 00 66 2e 0f
0x0000736ad3e35af9:   1f 84 00 00 00 00 00 f3 0f 1e fa 48 8b 05 a5 a4
0x0000736ad3e35b09:   06 00 64 4c 8b 18 41 ff a3 c0 02 00 00 66 2e 0f
0x0000736ad3e35b19:   1f 84 00 00 00 00 00 64 48 8b 04 25 10 ff ff ff
0x0000736ad3e35b29:   ff a0 98 09 00 00 41 ff a3 c8 02 00 00 66 2e 0f
0x0000736ad3e35b39:   1f 84 00 00 00 00 00 64 48 8b 04 25 10 ff ff ff
0x0000736ad3e35b49:   ff a0 98 09 00 00 41 ff a3 d0 02 00 00 66 2e 0f
0x0000736ad3e35b59:   1f 84 00 00 00 00 00 64 48 8b 04 25 10 ff ff ff
0x0000736ad3e35b69:   ff a0 c8 20 00 00 41 ff a3 d8 02 00 00 66 2e 0f
0x0000736ad3e35b79:   1f 84 00 00 00 00 00 f3 0f 1e fa 48 8b 05 25 a4
0x0000736ad3e35b89:   06 00 64 4c 8b 18 41 ff a3 e0 02 00 00 66 2e 0f
0x0000736ad3e35b99:   1f 84 00 00 00 00 00 64 48 8b 04 25 10 ff ff ff
0x0000736ad3e35ba9:   ff a0 88 1e 00 00 41 ff a3 e8 02 00 00 66 2e 0f
0x0000736ad3e35bb9:   1f 84 00 00 00 00 00 64 48 8b 04 25 10 ff ff ff
0x0000736ad3e35bc9:   ff a0 18 1a 00 00 41 ff a3 f0 02 00 00 66 2e 0f
0x0000736ad3e35bd9:   1f 84 00 00 00 00 00 64 48 8b 04 25 10 ff ff ff
0x0000736ad3e35be9:   ff a0 88 2f 00 00 41 ff a3 f8 02 00 00 66 2e 0f
0x0000736ad3e35bf9:   1f 84 00 00 00 00 00 64 48 8b 04 25 10 ff ff ff
0x0000736ad3e35c09:   ff a0 88 2f 00 00 41 ff a3 00 03 00 00 66 2e 0f
0x0000736ad3e35c19:   1f 84 00 00 00 00 00 64 48 8b 04 25 10 ff ff ff 


Stack slot to memory mapping:
stack at sp + 0 slots: 0x0000736aa47e749f: rlLoadTexture+0x000000000000004f in /home/tom/.javacpp/cache/jaylib-5.5.0-2.jar/com/raylib/linux-x86_64/libjniRaylib.so at 0x0000736aa4600000
stack at sp + 1 slots: 0x0000736a483135e0 is pointing into the stack for thread: 0x0000736ad5120690
stack at sp + 2 slots: 0x0000736a00004fb0 points into unknown readable memory: 0x6800226800226800 | 00 68 22 00 68 22 00 68
stack at sp + 3 slots: 0x0000000000000001 is an unknown value
stack at sp + 4 slots: 0x0000736a00004240 points into unknown readable memory: 0x0000000736a00004 | 04 00 a0 36 07 00 00 00
stack at sp + 5 slots: 0x0000736a000033c0 points into unknown readable memory: 0x0000000736a00003 | 03 00 a0 36 07 00 00 00
stack at sp + 6 slots: 0x0000736a48313640 is pointing into the stack for thread: 0x0000736ad5120690
stack at sp + 7 slots: 0x0000736a00004240 points into unknown readable memory: 0x0000000736a00004 | 04 00 a0 36 07 00 00 00


---------------  P R O C E S S  ---------------

Threads class SMR info:
_java_thread_list=0x0000736ad5120da0, length=16, elements={
0x0000736ad402e170, 0x0000736ad4190d30, 0x0000736ad4192110, 0x0000736ad41967d0,
0x0000736ad4197b80, 0x0000736ad4198f90, 0x0000736ad419a940, 0x0000736ad419be70,
0x0000736ad41a52d0, 0x0000736ad41b08f0, 0x0000736ad41f4650, 0x0000736ad41f7a90,
0x0000736a20001130, 0x0000736ad42352e0, 0x0000736ad45428a0, 0x0000736ad5120690
}

Java Threads: ( => current thread )
  0x0000736ad402e170 JavaThread "main" [_thread_in_Java, id=43974, stack(0x0000736adb41a000,0x0000736adb51a000)]
  0x0000736ad4190d30 JavaThread "Reference Handler" daemon [_thread_blocked, id=43984, stack(0x0000736ad80d1000,0x0000736ad81d1000)]
  0x0000736ad4192110 JavaThread "Finalizer" daemon [_thread_blocked, id=43985, stack(0x0000736ad3f00000,0x0000736ad4000000)]
  0x0000736ad41967d0 JavaThread "Signal Dispatcher" daemon [_thread_blocked, id=43986, stack(0x0000736aa5700000,0x0000736aa5800000)]
  0x0000736ad4197b80 JavaThread "Service Thread" daemon [_thread_blocked, id=43987, stack(0x0000736aa55ff000,0x0000736aa56ff000)]
  0x0000736ad4198f90 JavaThread "Monitor Deflation Thread" daemon [_thread_blocked, id=43988, stack(0x0000736aa54fe000,0x0000736aa55fe000)]
  0x0000736ad419a940 JavaThread "C2 CompilerThread0" daemon [_thread_in_native, id=43989, stack(0x0000736aa53fd000,0x0000736aa54fd000)]
  0x0000736ad419be70 JavaThread "C1 CompilerThread0" daemon [_thread_in_vm, id=43990, stack(0x0000736aa52fc000,0x0000736aa53fc000)]
  0x0000736ad41a52d0 JavaThread "Sweeper thread" daemon [_thread_blocked, id=43991, stack(0x0000736aa51fb000,0x0000736aa52fb000)]
  0x0000736ad41b08f0 JavaThread "Common-Cleaner" daemon [_thread_blocked, id=43992, stack(0x0000736aa50fa000,0x0000736aa51fa000)]
  0x0000736ad41f4650 JavaThread "JDWP Transport Listener: dt_socket" daemon [_thread_blocked, id=43993, stack(0x0000736aa4ff9000,0x0000736aa50f9000)]
  0x0000736ad41f7a90 JavaThread "JDWP Event Helper Thread" daemon [_thread_blocked, id=43994, stack(0x0000736aa4ef8000,0x0000736aa4ff8000)]
  0x0000736a20001130 JavaThread "JDWP Command Reader" daemon [_thread_in_native, id=43995, stack(0x0000736aa4df7000,0x0000736aa4ef7000)]
  0x0000736ad42352e0 JavaThread "Notification Thread" daemon [_thread_blocked, id=43999, stack(0x0000736aa4cf6000,0x0000736aa4df6000)]
  0x0000736ad45428a0 JavaThread "JavaCPP Deallocator" daemon [_thread_blocked, id=44001, stack(0x0000736aa4500000,0x0000736aa4600000)]
=>0x0000736ad5120690 JavaThread "Thread-1" [_thread_in_native, id=44006, stack(0x0000736a48215000,0x0000736a48315000)]

Other Threads:
  0x0000736ad418cc70 VMThread "VM Thread" [stack: 0x0000736ad81d2000,0x0000736ad82d2000] [id=43983]
  0x0000736ad4243f90 WatcherThread [stack: 0x0000736aa4bf5000,0x0000736aa4cf5000] [id=44000]
  0x0000736ad4099cb0 GCTaskThread "GC Thread#0" [stack: 0x0000736ad9104000,0x0000736ad9204000] [id=43978]
  0x0000736ad40aa980 ConcurrentGCThread "G1 Main Marker" [stack: 0x0000736ad9003000,0x0000736ad9103000] [id=43979]
  0x0000736ad40ab8f0 ConcurrentGCThread "G1 Conc#0" [stack: 0x0000736ad8f02000,0x0000736ad9002000] [id=43980]
  0x0000736ad415f290 ConcurrentGCThread "G1 Refine#0" [stack: 0x0000736ad85f9000,0x0000736ad86f9000] [id=43981]
  0x0000736ad4160190 ConcurrentGCThread "G1 Service" [stack: 0x0000736ad84f8000,0x0000736ad85f8000] [id=43982]

Threads with active compile tasks:
C1 CompilerThread0      633  769       3       java.lang.String::checkIndex (48 bytes)

VM state: not at safepoint (normal execution)

VM Mutex/Monitor currently owned by a thread: None

Heap address: 0x0000000709400000, size: 3948 MB, Compressed Oops mode: Zero based, Oop shift amount: 3

CDS archive(s) mapped at: [0x0000736a4f000000-0x0000736a4fbc9000-0x0000736a4fbc9000), size 12357632, SharedBaseAddress: 0x0000736a4f000000, ArchiveRelocationMode: 1.
Compressed class space mapped at: 0x0000736a50000000-0x0000736a90000000, reserved size: 1073741824
Narrow klass base: 0x0000736a4f000000, Narrow klass shift: 0, Narrow klass range: 0x100000000

GC Precious Log:
 CPUs: 8 total, 8 available
 Memory: 15788M
 Large Page Support: Disabled
 NUMA Support: Disabled
 Compressed Oops: Enabled (Zero based)
 Heap Region Size: 2M
 Heap Min Capacity: 8M
 Heap Initial Capacity: 248M
 Heap Max Capacity: 3948M
 Pre-touch: Disabled
 Parallel Workers: 8
 Concurrent Workers: 2
 Concurrent Refinement Workers: 8
 Periodic GC: Disabled

Heap:
 garbage-first heap   total 258048K, used 12212K [0x0000000709400000, 0x0000000800000000)
  region size 2048K, 6 young (12288K), 0 survivors (0K)
 Metaspace       used 5779K, committed 6016K, reserved 1114112K
  class space    used 522K, committed 640K, reserved 1048576K

Heap Regions: E=young(eden), S=young(survivor), O=old, HS=humongous(starts), HC=humongous(continues), CS=collection set, F=free, OA=open archive, CA=closed archive, TAMS=top-at-mark-start (previous, next)
|   0|0x0000000709400000, 0x0000000709400000, 0x0000000709600000|  0%| F|  |TAMS 0x0000000709400000, 0x0000000709400000| Untracked 
|   1|0x0000000709600000, 0x0000000709600000, 0x0000000709800000|  0%| F|  |TAMS 0x0000000709600000, 0x0000000709600000| Untracked 
|   2|0x0000000709800000, 0x0000000709800000, 0x0000000709a00000|  0%| F|  |TAMS 0x0000000709800000, 0x0000000709800000| Untracked 
|   3|0x0000000709a00000, 0x0000000709a00000, 0x0000000709c00000|  0%| F|  |TAMS 0x0000000709a00000, 0x0000000709a00000| Untracked 
|   4|0x0000000709c00000, 0x0000000709c00000, 0x0000000709e00000|  0%| F|  |TAMS 0x0000000709c00000, 0x0000000709c00000| Untracked 
|   5|0x0000000709e00000, 0x0000000709e00000, 0x000000070a000000|  0%| F|  |TAMS 0x0000000709e00000, 0x0000000709e00000| Untracked 
|   6|0x000000070a000000, 0x000000070a000000, 0x000000070a200000|  0%| F|  |TAMS 0x000000070a000000, 0x000000070a000000| Untracked 
|   7|0x000000070a200000, 0x000000070a200000, 0x000000070a400000|  0%| F|  |TAMS 0x000000070a200000, 0x000000070a200000| Untracked 
|   8|0x000000070a400000, 0x000000070a400000, 0x000000070a600000|  0%| F|  |TAMS 0x000000070a400000, 0x000000070a400000| Untracked 
|   9|0x000000070a600000, 0x000000070a600000, 0x000000070a800000|  0%| F|  |TAMS 0x000000070a600000, 0x000000070a600000| Untracked 
|  10|0x000000070a800000, 0x000000070a800000, 0x000000070aa00000|  0%| F|  |TAMS 0x000000070a800000, 0x000000070a800000| Untracked 
|  11|0x000000070aa00000, 0x000000070aa00000, 0x000000070ac00000|  0%| F|  |TAMS 0x000000070aa00000, 0x000000070aa00000| Untracked 
|  12|0x000000070ac00000, 0x000000070ac00000, 0x000000070ae00000|  0%| F|  |TAMS 0x000000070ac00000, 0x000000070ac00000| Untracked 
|  13|0x000000070ae00000, 0x000000070ae00000, 0x000000070b000000|  0%| F|  |TAMS 0x000000070ae00000, 0x000000070ae00000| Untracked 
|  14|0x000000070b000000, 0x000000070b000000, 0x000000070b200000|  0%| F|  |TAMS 0x000000070b000000, 0x000000070b000000| Untracked 
|  15|0x000000070b200000, 0x000000070b200000, 0x000000070b400000|  0%| F|  |TAMS 0x000000070b200000, 0x000000070b200000| Untracked 
|  16|0x000000070b400000, 0x000000070b400000, 0x000000070b600000|  0%| F|  |TAMS 0x000000070b400000, 0x000000070b400000| Untracked 
|  17|0x000000070b600000, 0x000000070b600000, 0x000000070b800000|  0%| F|  |TAMS 0x000000070b600000, 0x000000070b600000| Untracked 
|  18|0x000000070b800000, 0x000000070b800000, 0x000000070ba00000|  0%| F|  |TAMS 0x000000070b800000, 0x000000070b800000| Untracked 
|  19|0x000000070ba00000, 0x000000070ba00000, 0x000000070bc00000|  0%| F|  |TAMS 0x000000070ba00000, 0x000000070ba00000| Untracked 
|  20|0x000000070bc00000, 0x000000070bc00000, 0x000000070be00000|  0%| F|  |TAMS 0x000000070bc00000, 0x000000070bc00000| Untracked 
|  21|0x000000070be00000, 0x000000070be00000, 0x000000070c000000|  0%| F|  |TAMS 0x000000070be00000, 0x000000070be00000| Untracked 
|  22|0x000000070c000000, 0x000000070c000000, 0x000000070c200000|  0%| F|  |TAMS 0x000000070c000000, 0x000000070c000000| Untracked 
|  23|0x000000070c200000, 0x000000070c200000, 0x000000070c400000|  0%| F|  |TAMS 0x000000070c200000, 0x000000070c200000| Untracked 
|  24|0x000000070c400000, 0x000000070c400000, 0x000000070c600000|  0%| F|  |TAMS 0x000000070c400000, 0x000000070c400000| Untracked 
|  25|0x000000070c600000, 0x000000070c600000, 0x000000070c800000|  0%| F|  |TAMS 0x000000070c600000, 0x000000070c600000| Untracked 
|  26|0x000000070c800000, 0x000000070c800000, 0x000000070ca00000|  0%| F|  |TAMS 0x000000070c800000, 0x000000070c800000| Untracked 
|  27|0x000000070ca00000, 0x000000070ca00000, 0x000000070cc00000|  0%| F|  |TAMS 0x000000070ca00000, 0x000000070ca00000| Untracked 
|  28|0x000000070cc00000, 0x000000070cc00000, 0x000000070ce00000|  0%| F|  |TAMS 0x000000070cc00000, 0x000000070cc00000| Untracked 
|  29|0x000000070ce00000, 0x000000070ce00000, 0x000000070d000000|  0%| F|  |TAMS 0x000000070ce00000, 0x000000070ce00000| Untracked 
|  30|0x000000070d000000, 0x000000070d000000, 0x000000070d200000|  0%| F|  |TAMS 0x000000070d000000, 0x000000070d000000| Untracked 
|  31|0x000000070d200000, 0x000000070d200000, 0x000000070d400000|  0%| F|  |TAMS 0x000000070d200000, 0x000000070d200000| Untracked 
|  32|0x000000070d400000, 0x000000070d400000, 0x000000070d600000|  0%| F|  |TAMS 0x000000070d400000, 0x000000070d400000| Untracked 
|  33|0x000000070d600000, 0x000000070d600000, 0x000000070d800000|  0%| F|  |TAMS 0x000000070d600000, 0x000000070d600000| Untracked 
|  34|0x000000070d800000, 0x000000070d800000, 0x000000070da00000|  0%| F|  |TAMS 0x000000070d800000, 0x000000070d800000| Untracked 
|  35|0x000000070da00000, 0x000000070da00000, 0x000000070dc00000|  0%| F|  |TAMS 0x000000070da00000, 0x000000070da00000| Untracked 
|  36|0x000000070dc00000, 0x000000070dc00000, 0x000000070de00000|  0%| F|  |TAMS 0x000000070dc00000, 0x000000070dc00000| Untracked 
|  37|0x000000070de00000, 0x000000070de00000, 0x000000070e000000|  0%| F|  |TAMS 0x000000070de00000, 0x000000070de00000| Untracked 
|  38|0x000000070e000000, 0x000000070e000000, 0x000000070e200000|  0%| F|  |TAMS 0x000000070e000000, 0x000000070e000000| Untracked 
|  39|0x000000070e200000, 0x000000070e200000, 0x000000070e400000|  0%| F|  |TAMS 0x000000070e200000, 0x000000070e200000| Untracked 
|  40|0x000000070e400000, 0x000000070e400000, 0x000000070e600000|  0%| F|  |TAMS 0x000000070e400000, 0x000000070e400000| Untracked 
|  41|0x000000070e600000, 0x000000070e600000, 0x000000070e800000|  0%| F|  |TAMS 0x000000070e600000, 0x000000070e600000| Untracked 
|  42|0x000000070e800000, 0x000000070e800000, 0x000000070ea00000|  0%| F|  |TAMS 0x000000070e800000, 0x000000070e800000| Untracked 
|  43|0x000000070ea00000, 0x000000070ea00000, 0x000000070ec00000|  0%| F|  |TAMS 0x000000070ea00000, 0x000000070ea00000| Untracked 
|  44|0x000000070ec00000, 0x000000070ec00000, 0x000000070ee00000|  0%| F|  |TAMS 0x000000070ec00000, 0x000000070ec00000| Untracked 
|  45|0x000000070ee00000, 0x000000070ee00000, 0x000000070f000000|  0%| F|  |TAMS 0x000000070ee00000, 0x000000070ee00000| Untracked 
|  46|0x000000070f000000, 0x000000070f000000, 0x000000070f200000|  0%| F|  |TAMS 0x000000070f000000, 0x000000070f000000| Untracked 
|  47|0x000000070f200000, 0x000000070f200000, 0x000000070f400000|  0%| F|  |TAMS 0x000000070f200000, 0x000000070f200000| Untracked 
|  48|0x000000070f400000, 0x000000070f400000, 0x000000070f600000|  0%| F|  |TAMS 0x000000070f400000, 0x000000070f400000| Untracked 
|  49|0x000000070f600000, 0x000000070f600000, 0x000000070f800000|  0%| F|  |TAMS 0x000000070f600000, 0x000000070f600000| Untracked 
|  50|0x000000070f800000, 0x000000070f800000, 0x000000070fa00000|  0%| F|  |TAMS 0x000000070f800000, 0x000000070f800000| Untracked 
|  51|0x000000070fa00000, 0x000000070fa00000, 0x000000070fc00000|  0%| F|  |TAMS 0x000000070fa00000, 0x000000070fa00000| Untracked 
|  52|0x000000070fc00000, 0x000000070fc00000, 0x000000070fe00000|  0%| F|  |TAMS 0x000000070fc00000, 0x000000070fc00000| Untracked 
|  53|0x000000070fe00000, 0x000000070fe00000, 0x0000000710000000|  0%| F|  |TAMS 0x000000070fe00000, 0x000000070fe00000| Untracked 
|  54|0x0000000710000000, 0x0000000710000000, 0x0000000710200000|  0%| F|  |TAMS 0x0000000710000000, 0x0000000710000000| Untracked 
|  55|0x0000000710200000, 0x0000000710200000, 0x0000000710400000|  0%| F|  |TAMS 0x0000000710200000, 0x0000000710200000| Untracked 
|  56|0x0000000710400000, 0x0000000710400000, 0x0000000710600000|  0%| F|  |TAMS 0x0000000710400000, 0x0000000710400000| Untracked 
|  57|0x0000000710600000, 0x0000000710600000, 0x0000000710800000|  0%| F|  |TAMS 0x0000000710600000, 0x0000000710600000| Untracked 
|  58|0x0000000710800000, 0x0000000710800000, 0x0000000710a00000|  0%| F|  |TAMS 0x0000000710800000, 0x0000000710800000| Untracked 
|  59|0x0000000710a00000, 0x0000000710a00000, 0x0000000710c00000|  0%| F|  |TAMS 0x0000000710a00000, 0x0000000710a00000| Untracked 
|  60|0x0000000710c00000, 0x0000000710c00000, 0x0000000710e00000|  0%| F|  |TAMS 0x0000000710c00000, 0x0000000710c00000| Untracked 
|  61|0x0000000710e00000, 0x0000000710e00000, 0x0000000711000000|  0%| F|  |TAMS 0x0000000710e00000, 0x0000000710e00000| Untracked 
|  62|0x0000000711000000, 0x0000000711000000, 0x0000000711200000|  0%| F|  |TAMS 0x0000000711000000, 0x0000000711000000| Untracked 
|  63|0x0000000711200000, 0x0000000711200000, 0x0000000711400000|  0%| F|  |TAMS 0x0000000711200000, 0x0000000711200000| Untracked 
|  64|0x0000000711400000, 0x0000000711400000, 0x0000000711600000|  0%| F|  |TAMS 0x0000000711400000, 0x0000000711400000| Untracked 
|  65|0x0000000711600000, 0x0000000711600000, 0x0000000711800000|  0%| F|  |TAMS 0x0000000711600000, 0x0000000711600000| Untracked 
|  66|0x0000000711800000, 0x0000000711800000, 0x0000000711a00000|  0%| F|  |TAMS 0x0000000711800000, 0x0000000711800000| Untracked 
|  67|0x0000000711a00000, 0x0000000711a00000, 0x0000000711c00000|  0%| F|  |TAMS 0x0000000711a00000, 0x0000000711a00000| Untracked 
|  68|0x0000000711c00000, 0x0000000711c00000, 0x0000000711e00000|  0%| F|  |TAMS 0x0000000711c00000, 0x0000000711c00000| Untracked 
|  69|0x0000000711e00000, 0x0000000711e00000, 0x0000000712000000|  0%| F|  |TAMS 0x0000000711e00000, 0x0000000711e00000| Untracked 
|  70|0x0000000712000000, 0x0000000712000000, 0x0000000712200000|  0%| F|  |TAMS 0x0000000712000000, 0x0000000712000000| Untracked 
|  71|0x0000000712200000, 0x0000000712200000, 0x0000000712400000|  0%| F|  |TAMS 0x0000000712200000, 0x0000000712200000| Untracked 
|  72|0x0000000712400000, 0x0000000712400000, 0x0000000712600000|  0%| F|  |TAMS 0x0000000712400000, 0x0000000712400000| Untracked 
|  73|0x0000000712600000, 0x0000000712600000, 0x0000000712800000|  0%| F|  |TAMS 0x0000000712600000, 0x0000000712600000| Untracked 
|  74|0x0000000712800000, 0x0000000712800000, 0x0000000712a00000|  0%| F|  |TAMS 0x0000000712800000, 0x0000000712800000| Untracked 
|  75|0x0000000712a00000, 0x0000000712a00000, 0x0000000712c00000|  0%| F|  |TAMS 0x0000000712a00000, 0x0000000712a00000| Untracked 
|  76|0x0000000712c00000, 0x0000000712c00000, 0x0000000712e00000|  0%| F|  |TAMS 0x0000000712c00000, 0x0000000712c00000| Untracked 
|  77|0x0000000712e00000, 0x0000000712e00000, 0x0000000713000000|  0%| F|  |TAMS 0x0000000712e00000, 0x0000000712e00000| Untracked 
|  78|0x0000000713000000, 0x0000000713000000, 0x0000000713200000|  0%| F|  |TAMS 0x0000000713000000, 0x0000000713000000| Untracked 
|  79|0x0000000713200000, 0x0000000713200000, 0x0000000713400000|  0%| F|  |TAMS 0x0000000713200000, 0x0000000713200000| Untracked 
|  80|0x0000000713400000, 0x0000000713400000, 0x0000000713600000|  0%| F|  |TAMS 0x0000000713400000, 0x0000000713400000| Untracked 
|  81|0x0000000713600000, 0x0000000713600000, 0x0000000713800000|  0%| F|  |TAMS 0x0000000713600000, 0x0000000713600000| Untracked 
|  82|0x0000000713800000, 0x0000000713800000, 0x0000000713a00000|  0%| F|  |TAMS 0x0000000713800000, 0x0000000713800000| Untracked 
|  83|0x0000000713a00000, 0x0000000713a00000, 0x0000000713c00000|  0%| F|  |TAMS 0x0000000713a00000, 0x0000000713a00000| Untracked 
|  84|0x0000000713c00000, 0x0000000713c00000, 0x0000000713e00000|  0%| F|  |TAMS 0x0000000713c00000, 0x0000000713c00000| Untracked 
|  85|0x0000000713e00000, 0x0000000713e00000, 0x0000000714000000|  0%| F|  |TAMS 0x0000000713e00000, 0x0000000713e00000| Untracked 
|  86|0x0000000714000000, 0x0000000714000000, 0x0000000714200000|  0%| F|  |TAMS 0x0000000714000000, 0x0000000714000000| Untracked 
|  87|0x0000000714200000, 0x0000000714200000, 0x0000000714400000|  0%| F|  |TAMS 0x0000000714200000, 0x0000000714200000| Untracked 
|  88|0x0000000714400000, 0x0000000714400000, 0x0000000714600000|  0%| F|  |TAMS 0x0000000714400000, 0x0000000714400000| Untracked 
|  89|0x0000000714600000, 0x0000000714600000, 0x0000000714800000|  0%| F|  |TAMS 0x0000000714600000, 0x0000000714600000| Untracked 
|  90|0x0000000714800000, 0x0000000714800000, 0x0000000714a00000|  0%| F|  |TAMS 0x0000000714800000, 0x0000000714800000| Untracked 
|  91|0x0000000714a00000, 0x0000000714a00000, 0x0000000714c00000|  0%| F|  |TAMS 0x0000000714a00000, 0x0000000714a00000| Untracked 
|  92|0x0000000714c00000, 0x0000000714c00000, 0x0000000714e00000|  0%| F|  |TAMS 0x0000000714c00000, 0x0000000714c00000| Untracked 
|  93|0x0000000714e00000, 0x0000000714e00000, 0x0000000715000000|  0%| F|  |TAMS 0x0000000714e00000, 0x0000000714e00000| Untracked 
|  94|0x0000000715000000, 0x0000000715000000, 0x0000000715200000|  0%| F|  |TAMS 0x0000000715000000, 0x0000000715000000| Untracked 
|  95|0x0000000715200000, 0x0000000715200000, 0x0000000715400000|  0%| F|  |TAMS 0x0000000715200000, 0x0000000715200000| Untracked 
|  96|0x0000000715400000, 0x0000000715400000, 0x0000000715600000|  0%| F|  |TAMS 0x0000000715400000, 0x0000000715400000| Untracked 
|  97|0x0000000715600000, 0x0000000715600000, 0x0000000715800000|  0%| F|  |TAMS 0x0000000715600000, 0x0000000715600000| Untracked 
|  98|0x0000000715800000, 0x0000000715800000, 0x0000000715a00000|  0%| F|  |TAMS 0x0000000715800000, 0x0000000715800000| Untracked 
|  99|0x0000000715a00000, 0x0000000715a00000, 0x0000000715c00000|  0%| F|  |TAMS 0x0000000715a00000, 0x0000000715a00000| Untracked 
| 100|0x0000000715c00000, 0x0000000715c00000, 0x0000000715e00000|  0%| F|  |TAMS 0x0000000715c00000, 0x0000000715c00000| Untracked 
| 101|0x0000000715e00000, 0x0000000715e00000, 0x0000000716000000|  0%| F|  |TAMS 0x0000000715e00000, 0x0000000715e00000| Untracked 
| 102|0x0000000716000000, 0x0000000716000000, 0x0000000716200000|  0%| F|  |TAMS 0x0000000716000000, 0x0000000716000000| Untracked 
| 103|0x0000000716200000, 0x0000000716200000, 0x0000000716400000|  0%| F|  |TAMS 0x0000000716200000, 0x0000000716200000| Untracked 
| 104|0x0000000716400000, 0x0000000716400000, 0x0000000716600000|  0%| F|  |TAMS 0x0000000716400000, 0x0000000716400000| Untracked 
| 105|0x0000000716600000, 0x0000000716600000, 0x0000000716800000|  0%| F|  |TAMS 0x0000000716600000, 0x0000000716600000| Untracked 
| 106|0x0000000716800000, 0x0000000716800000, 0x0000000716a00000|  0%| F|  |TAMS 0x0000000716800000, 0x0000000716800000| Untracked 
| 107|0x0000000716a00000, 0x0000000716a00000, 0x0000000716c00000|  0%| F|  |TAMS 0x0000000716a00000, 0x0000000716a00000| Untracked 
| 108|0x0000000716c00000, 0x0000000716c00000, 0x0000000716e00000|  0%| F|  |TAMS 0x0000000716c00000, 0x0000000716c00000| Untracked 
| 109|0x0000000716e00000, 0x0000000716e00000, 0x0000000717000000|  0%| F|  |TAMS 0x0000000716e00000, 0x0000000716e00000| Untracked 
| 110|0x0000000717000000, 0x0000000717000000, 0x0000000717200000|  0%| F|  |TAMS 0x0000000717000000, 0x0000000717000000| Untracked 
| 111|0x0000000717200000, 0x0000000717200000, 0x0000000717400000|  0%| F|  |TAMS 0x0000000717200000, 0x0000000717200000| Untracked 
| 112|0x0000000717400000, 0x0000000717400000, 0x0000000717600000|  0%| F|  |TAMS 0x0000000717400000, 0x0000000717400000| Untracked 
| 113|0x0000000717600000, 0x0000000717600000, 0x0000000717800000|  0%| F|  |TAMS 0x0000000717600000, 0x0000000717600000| Untracked 
| 114|0x0000000717800000, 0x0000000717800000, 0x0000000717a00000|  0%| F|  |TAMS 0x0000000717800000, 0x0000000717800000| Untracked 
| 115|0x0000000717a00000, 0x0000000717a00000, 0x0000000717c00000|  0%| F|  |TAMS 0x0000000717a00000, 0x0000000717a00000| Untracked 
| 116|0x0000000717c00000, 0x0000000717c00000, 0x0000000717e00000|  0%| F|  |TAMS 0x0000000717c00000, 0x0000000717c00000| Untracked 
| 117|0x0000000717e00000, 0x0000000717e00000, 0x0000000718000000|  0%| F|  |TAMS 0x0000000717e00000, 0x0000000717e00000| Untracked 
| 118|0x0000000718000000, 0x0000000718070a98, 0x0000000718200000| 22%| E|  |TAMS 0x0000000718000000, 0x0000000718000000| Complete 
| 119|0x0000000718200000, 0x0000000718400000, 0x0000000718400000|100%| E|CS|TAMS 0x0000000718200000, 0x0000000718200000| Complete 
| 120|0x0000000718400000, 0x0000000718600000, 0x0000000718600000|100%| E|CS|TAMS 0x0000000718400000, 0x0000000718400000| Complete 
| 121|0x0000000718600000, 0x0000000718800000, 0x0000000718800000|100%| E|CS|TAMS 0x0000000718600000, 0x0000000718600000| Complete 
| 122|0x0000000718800000, 0x0000000718a00000, 0x0000000718a00000|100%| E|CS|TAMS 0x0000000718800000, 0x0000000718800000| Complete 
| 123|0x0000000718a00000, 0x0000000718c00000, 0x0000000718c00000|100%| E|CS|TAMS 0x0000000718a00000, 0x0000000718a00000| Complete 
|1972|0x00000007ffc00000, 0x00000007ffd75000, 0x00000007ffe00000| 72%|OA|  |TAMS 0x00000007ffc00000, 0x00000007ffc00000| Untracked 
|1973|0x00000007ffe00000, 0x00000007ffe78000, 0x0000000800000000| 23%|CA|  |TAMS 0x00000007ffe00000, 0x00000007ffe00000| Untracked 

Card table byte_map: [0x0000736ad9a3a000,0x0000736ada1f0000] _byte_map_base: 0x0000736ad61f0000

Marking Bits (Prev, Next): (CMBitMap*) 0x0000736ad409a740, (CMBitMap*) 0x0000736ad409a780
 Prev Bits: [0x0000736aab650000, 0x0000736aaf400000)
 Next Bits: [0x0000736aa78a0000, 0x0000736aab650000)

Polling page: 0x0000736adc973000

Metaspace:

Usage:
  Non-class:      5.15 MB used.
      Class:    522.24 KB used.
       Both:      5.66 MB used.

Virtual space:
  Non-class space:       64.00 MB reserved,       5.25 MB (  8%) committed,  1 nodes.
      Class space:        1.00 GB reserved,     640.00 KB ( <1%) committed,  1 nodes.
             Both:        1.06 GB reserved,       5.88 MB ( <1%) committed. 

Chunk freelists:
   Non-Class:  9.97 MB
       Class:  15.22 MB
        Both:  25.19 MB

MaxMetaspaceSize: unlimited
CompressedClassSpaceSize: 1.00 GB
Initial GC threshold: 21.00 MB
Current GC threshold: 21.00 MB
CDS: on
MetaspaceReclaimPolicy: balanced
 - commit_granule_bytes: 65536.
 - commit_granule_words: 8192.
 - virtual_space_node_default_size: 8388608.
 - enlarge_chunks_in_place: 1.
 - new_chunks_are_fully_committed: 0.
 - uncommit_free_chunks: 1.
 - use_allocation_guard: 0.
 - handle_deallocations: 1.


Internal statistics:

num_allocs_failed_limit: 0.
num_arena_births: 76.
num_arena_deaths: 0.
num_vsnodes_births: 2.
num_vsnodes_deaths: 0.
num_space_committed: 94.
num_space_uncommitted: 0.
num_chunks_returned_to_freelist: 0.
num_chunks_taken_from_freelist: 144.
num_chunk_merges: 0.
num_chunk_splits: 92.
num_chunks_enlarged: 58.
num_inconsistent_stats: 0.

CodeHeap 'non-profiled nmethods': size=120028Kb used=265Kb max_used=265Kb free=119762Kb
 bounds [0x0000736ab6ec9000, 0x0000736ab7139000, 0x0000736abe400000]
CodeHeap 'profiled nmethods': size=120028Kb used=1226Kb max_used=1226Kb free=118801Kb
 bounds [0x0000736aaf400000, 0x0000736aaf670000, 0x0000736ab6937000]
CodeHeap 'non-nmethods': size=5704Kb used=1220Kb max_used=1234Kb free=4483Kb
 bounds [0x0000736ab6937000, 0x0000736ab6ba7000, 0x0000736ab6ec9000]
 total_blobs=1267 nmethods=803 adapters=378
 compilation: enabled
              stopped_count=0, restarted_count=0
 full_count=0

Compilation events (20 events):
Event: 0.615 Thread 0x0000736ad419a940 nmethod 739 0x0000736ab6f05610 code [0x0000736ab6f05780, 0x0000736ab6f057d8]
Event: 0.615 Thread 0x0000736ad419be70 nmethod 737 0x0000736aaf51dd90 code [0x0000736aaf51e0a0, 0x0000736aaf51ef70]
Event: 0.615 Thread 0x0000736ad419be70  740       3       sun.invoke.util.BytecodeDescriptor::unparse (24 bytes)
Event: 0.615 Thread 0x0000736ad419be70 nmethod 740 0x0000736aaf51f490 code [0x0000736aaf51f660, 0x0000736aaf51f860]
Event: 0.617 Thread 0x0000736ad419a940  741       4       java.lang.StringLatin1::indexOf (121 bytes)
Event: 0.617 Thread 0x0000736ad419be70  742       3       java.io.UnixFileSystem::normalize (41 bytes)
Event: 0.617 Thread 0x0000736ad419be70 nmethod 742 0x0000736aaf51f910 code [0x0000736aaf51fb40, 0x0000736aaf520170]
Event: 0.618 Thread 0x0000736ad419be70  743       3       java.lang.System$2::findBootstrapClassOrNull (5 bytes)
Event: 0.618 Thread 0x0000736ad419be70 nmethod 743 0x0000736aaf520410 code [0x0000736aaf5205e0, 0x0000736aaf5207f0]
Event: 0.618 Thread 0x0000736ad419be70  744       3       java.lang.ClassLoader::findBootstrapClassOrNull (14 bytes)
Event: 0.618 Thread 0x0000736ad419be70 nmethod 744 0x0000736aaf520910 code [0x0000736aaf520ac0, 0x0000736aaf520c70]
Event: 0.619 Thread 0x0000736ad419be70  746       3       jdk.internal.loader.BuiltinClassLoader::findLoadedModule (33 bytes)
Event: 0.620 Thread 0x0000736ad419a940 nmethod 741 0x0000736ab6f06010 code [0x0000736ab6f061a0, 0x0000736ab6f06538]
Event: 0.620 Thread 0x0000736ad419be70 nmethod 746 0x0000736aaf520d10 code [0x0000736aaf520f40, 0x0000736aaf521590]
Event: 0.620 Thread 0x0000736ad419be70  747       3       java.io.InputStream::<init> (5 bytes)
Event: 0.620 Thread 0x0000736ad419be70 nmethod 747 0x0000736aaf521810 code [0x0000736aaf5219c0, 0x0000736aaf521b10]
Event: 0.620 Thread 0x0000736ad419be70  749       3       java.util.ImmutableCollections$List12::get (35 bytes)
Event: 0.621 Thread 0x0000736ad419be70 nmethod 749 0x0000736aaf521c10 code [0x0000736aaf521de0, 0x0000736aaf5220a0]
Event: 0.621 Thread 0x0000736ad419be70  750       3       sun.net.www.ParseUtil::encodePath (41 bytes)
Event: 0.621 Thread 0x0000736ad419be70 nmethod 750 0x0000736aaf522190 code [0x0000736aaf522360, 0x0000736aaf522570]

GC Heap History (0 events):
No events

Dll operation events (11 events):
Event: 0.006 Loaded shared library /home/tom/.jdks/temurin-17.0.15/lib/libjava.so
Event: 0.006 Loaded shared library /home/tom/.jdks/temurin-17.0.15/lib/libzip.so
Event: 0.021 Loaded shared library /home/tom/.jdks/temurin-17.0.15/lib/libjsvml.so
Event: 0.173 Loaded shared library /home/tom/.jdks/temurin-17.0.15/lib/libinstrument.so
Event: 0.268 Loaded shared library /home/tom/.jdks/temurin-17.0.15/lib/libnio.so
Event: 0.278 Loaded shared library /home/tom/.jdks/temurin-17.0.15/lib/libzip.so
Event: 0.307 Loaded shared library /home/tom/.jdks/temurin-17.0.15/lib/libjimage.so
Event: 0.356 Loaded shared library /usr/lib/libraylib.so.5.5.0
Event: 0.380 Loaded shared library /home/tom/.javacpp/cache/jaylib-5.5.0-2.jar/com/raylib/linux-x86_64/libjniRaylib.so
Event: 0.585 Loaded shared library /home/tom/.jdks/temurin-17.0.15/lib/libawt.so
Event: 0.587 Loaded shared library /home/tom/.jdks/temurin-17.0.15/lib/libawt_xawt.so

Deoptimization events (20 events):
Event: 0.387 Thread 0x0000736ad402e170 DEOPT PACKING pc=0x0000736ab6ef0778 sp=0x0000736adb516a80
Event: 0.387 Thread 0x0000736ad402e170 DEOPT UNPACKING pc=0x0000736ab698d699 sp=0x0000736adb516a18 mode 2
Event: 0.387 Thread 0x0000736ad402e170 Uncommon trap: trap_request=0xffffffc6 fr.pc=0x0000736ab6ef0838 relative=0x00000000000014f8
Event: 0.387 Thread 0x0000736ad402e170 Uncommon trap: reason=bimorphic_or_optimized_type_check action=maybe_recompile pc=0x0000736ab6ef0838 method=java.util.HashMap.putVal(ILjava/lang/Object;Ljava/lang/Object;ZZ)Ljava/lang/Object; @ 152 c2
Event: 0.387 Thread 0x0000736ad402e170 DEOPT PACKING pc=0x0000736ab6ef0838 sp=0x0000736adb516a80
Event: 0.387 Thread 0x0000736ad402e170 DEOPT UNPACKING pc=0x0000736ab698d699 sp=0x0000736adb516a20 mode 2
Event: 0.387 Thread 0x0000736ad402e170 Uncommon trap: trap_request=0xffffffc6 fr.pc=0x0000736ab6ef0778 relative=0x0000000000001438
Event: 0.387 Thread 0x0000736ad402e170 Uncommon trap: reason=bimorphic_or_optimized_type_check action=maybe_recompile pc=0x0000736ab6ef0778 method=java.util.HashMap.putVal(ILjava/lang/Object;Ljava/lang/Object;ZZ)Ljava/lang/Object; @ 56 c2
Event: 0.387 Thread 0x0000736ad402e170 DEOPT PACKING pc=0x0000736ab6ef0778 sp=0x0000736adb516a80
Event: 0.387 Thread 0x0000736ad402e170 DEOPT UNPACKING pc=0x0000736ab698d699 sp=0x0000736adb516a18 mode 2
Event: 0.397 Thread 0x0000736ad402e170 DEOPT PACKING pc=0x0000736aaf438046 sp=0x0000736adb516500
Event: 0.398 Thread 0x0000736ad402e170 DEOPT UNPACKING pc=0x0000736ab698de2f sp=0x0000736adb515940 mode 0
Event: 0.409 Thread 0x0000736ad402e170 DEOPT PACKING pc=0x0000736aaf428c4f sp=0x0000736adb516480
Event: 0.409 Thread 0x0000736ad402e170 DEOPT UNPACKING pc=0x0000736ab698de2f sp=0x0000736adb515918 mode 0
Event: 0.576 Thread 0x0000736ad402e170 DEOPT PACKING pc=0x0000736aaf4d2f8c sp=0x0000736adb516e30
Event: 0.576 Thread 0x0000736ad402e170 DEOPT UNPACKING pc=0x0000736ab698de2f sp=0x0000736adb516350 mode 1
Event: 0.584 Thread 0x0000736ad402e170 Uncommon trap: trap_request=0xffffff6e fr.pc=0x0000736ab6efcce4 relative=0x0000000000000444
Event: 0.584 Thread 0x0000736ad402e170 Uncommon trap: reason=loop_limit_check action=maybe_recompile pc=0x0000736ab6efcce4 method=java.lang.StringLatin1.indexOf([BI[BII)I @ 37 c2
Event: 0.584 Thread 0x0000736ad402e170 DEOPT PACKING pc=0x0000736ab6efcce4 sp=0x0000736adb5172c0
Event: 0.584 Thread 0x0000736ad402e170 DEOPT UNPACKING pc=0x0000736ab698d699 sp=0x0000736adb517240 mode 2

Classes loaded (20 events):
Event: 0.619 Loading class javax/sound/sampled/DataLine$Info
Event: 0.619 Loading class javax/sound/sampled/DataLine$Info done
Event: 0.619 Loading class javax/sound/sampled/Control$Type
Event: 0.619 Loading class javax/sound/sampled/Control$Type done
Event: 0.619 Loading class javax/sound/sampled/FloatControl$Type
Event: 0.619 Loading class javax/sound/sampled/FloatControl$Type done
Event: 0.619 Loading class dev/spruce/game/assets/Assets
Event: 0.619 Loading class dev/spruce/game/assets/Assets done
Event: 0.620 Loading class dev/spruce/game/entity/Entity
Event: 0.620 Loading class dev/spruce/game/entity/Entity done
Event: 0.620 Loading class dev/spruce/game/entity/Entity
Event: 0.620 Loading class dev/spruce/game/entity/Entity done
Event: 0.620 Loading class dev/spruce/game/assets/managers/TileTextureManager
Event: 0.620 Loading class dev/spruce/game/assets/managers/TileTextureManager done
Event: 0.620 Loading class dev/spruce/game/state/impl/GameState
Event: 0.620 Loading class dev/spruce/game/state/impl/GameState done
Event: 0.621 Loading class dev/spruce/game/assets/AssetManager
Event: 0.621 Loading class dev/spruce/game/assets/AssetManager done
Event: 0.621 Loading class java/lang/Math$RandomNumberGeneratorHolder
Event: 0.621 Loading class java/lang/Math$RandomNumberGeneratorHolder done

Classes unloaded (0 events):
No events

Classes redefined (1 events):
Event: 0.207 Thread 0x0000736ad418cc70 redefined class name=java.lang.Throwable, count=1

Internal exceptions (14 events):
Event: 0.292 Thread 0x0000736ad402e170 Exception <a 'java/lang/NoSuchMethodError'{0x00000007186ac338}: 'int java.lang.invoke.DirectMethodHandle$Holder.invokeStaticInit(java.lang.Object, java.lang.Object, java.lang.Object, java.lang.Object)'> (0x00000007186ac338) 
thrown [src/hotspot/share/interpreter/linkResolver.cpp, line 758]
Event: 0.294 Thread 0x0000736ad402e170 Exception <a 'java/lang/NoSuchMethodError'{0x00000007186b58b0}: 'java.lang.Object java.lang.invoke.DirectMethodHandle$Holder.invokeInterface(java.lang.Object, java.lang.Object)'> (0x00000007186b58b0) 
thrown [src/hotspot/share/interpreter/linkResolver.cpp, line 758]
Event: 0.294 Thread 0x0000736ad402e170 Exception <a 'java/lang/IncompatibleClassChangeError'{0x00000007186b8e20}: Found class java.lang.Object, but interface was expected> (0x00000007186b8e20) 
thrown [src/hotspot/share/interpreter/linkResolver.cpp, line 826]
Event: 0.295 Thread 0x0000736ad402e170 Exception <a 'java/lang/NoSuchMethodError'{0x00000007186bc4f8}: 'void java.lang.invoke.DirectMethodHandle$Holder.invokeStatic(java.lang.Object, java.lang.Object)'> (0x00000007186bc4f8) 
thrown [src/hotspot/share/interpreter/linkResolver.cpp, line 758]
Event: 0.296 Thread 0x0000736ad402e170 Exception <a 'java/lang/NoSuchMethodError'{0x00000007186bfb88}: 'void java.lang.invoke.DirectMethodHandle$Holder.invokeStaticInit(java.lang.Object, java.lang.Object)'> (0x00000007186bfb88) 
thrown [src/hotspot/share/interpreter/linkResolver.cpp, line 758]
Event: 0.298 Thread 0x0000736ad402e170 Exception <a 'java/lang/NoSuchMethodError'{0x00000007186c7fa0}: 'int java.lang.invoke.DirectMethodHandle$Holder.invokeStaticInit(java.lang.Object, java.lang.Object)'> (0x00000007186c7fa0) 
thrown [src/hotspot/share/interpreter/linkResolver.cpp, line 758]
Event: 0.376 Thread 0x0000736ad402e170 Exception <a 'java/lang/NoSuchMethodError'{0x000000071851c3e8}: 'java.lang.Object java.lang.invoke.DirectMethodHandle$Holder.invokeStatic(java.lang.Object, int, java.lang.Object)'> (0x000000071851c3e8) 
thrown [src/hotspot/share/interpreter/linkResolver.cpp, line 758]
Event: 0.576 Thread 0x0000736ad402e170 Exception <a 'java/lang/ClassNotFoundException'{0x00000007182aae70}: sun/awt/resources/spi/awtProvider> (0x00000007182aae70) 
thrown [src/hotspot/share/classfile/systemDictionary.cpp, line 256]
Event: 0.594 Thread 0x0000736ad402e170 Exception <a 'java/io/FileNotFoundException'{0x000000071830bca0}> (0x000000071830bca0) 
thrown [src/hotspot/share/prims/jni.cpp, line 516]
Event: 0.600 Thread 0x0000736ad402e170 Exception <a 'java/io/FileNotFoundException'{0x000000071833ac20}> (0x000000071833ac20) 
thrown [src/hotspot/share/prims/jni.cpp, line 516]
Event: 0.610 Thread 0x0000736ad402e170 Exception <a 'java/lang/NoSuchMethodError'{0x0000000718364858}: 'double java.lang.invoke.DirectMethodHandle$Holder.invokeStatic(java.lang.Object, java.lang.Object)'> (0x0000000718364858) 
thrown [src/hotspot/share/interpreter/linkResolver.cpp, line 758]
Event: 0.612 Thread 0x0000736ad402e170 Exception <a 'java/lang/NoSuchMethodError'{0x000000071836b720}: 'java.lang.Object java.lang.invoke.Invokers$Holder.invokeExact_MT(java.lang.Object, java.lang.Object, java.lang.Object, java.lang.Object, java.lang.Object, java.lang.Object)'> (0x000000071836b720) 
thrown [src/hotspot/share/interpreter/linkResolver.cpp, line 758]
Event: 0.613 Thread 0x0000736ad402e170 Exception <a 'java/lang/NoSuchMethodError'{0x0000000718377770}: 'int java.lang.invoke.DirectMethodHandle$Holder.invokeSpecial(java.lang.Object, java.lang.Object, java.lang.Object)'> (0x0000000718377770) 
thrown [src/hotspot/share/interpreter/linkResolver.cpp, line 758]
Event: 0.620 Thread 0x0000736ad402e170 Exception <a 'java/lang/NoSuchMethodError'{0x00000007183a4630}: 'void java.lang.invoke.DirectMethodHandle$Holder.invokeStatic(java.lang.Object, java.lang.Object, java.lang.Object)'> (0x00000007183a4630) 
thrown [src/hotspot/share/interpreter/linkResolver.cpp, line 758]

VM Operations (12 events):
Event: 0.050 Executing VM operation: HandshakeAllThreads
Event: 0.050 Executing VM operation: HandshakeAllThreads done
Event: 0.066 Executing VM operation: ChangeBreakpoints
Event: 0.067 Executing VM operation: ChangeBreakpoints done
Event: 0.171 Executing VM operation: ChangeBreakpoints
Event: 0.171 Executing VM operation: ChangeBreakpoints done
Event: 0.172 Executing VM operation: ChangeBreakpoints
Event: 0.172 Executing VM operation: ChangeBreakpoints done
Event: 0.207 Executing VM operation: RedefineClasses
Event: 0.208 Executing VM operation: RedefineClasses done
Event: 0.218 Executing VM operation: get/set locals
Event: 0.218 Executing VM operation: get/set locals done

Memory protections (16 events):
Event: 0.006 Protecting memory [0x0000736adb41a000,0x0000736adb41e000] with protection modes 0
Event: 0.023 Protecting memory [0x0000736ad80d1000,0x0000736ad80d5000] with protection modes 0
Event: 0.023 Protecting memory [0x0000736ad3f00000,0x0000736ad3f04000] with protection modes 0
Event: 0.026 Protecting memory [0x0000736aa5700000,0x0000736aa5704000] with protection modes 0
Event: 0.026 Protecting memory [0x0000736aa55ff000,0x0000736aa5603000] with protection modes 0
Event: 0.026 Protecting memory [0x0000736aa54fe000,0x0000736aa5502000] with protection modes 0
Event: 0.026 Protecting memory [0x0000736aa53fd000,0x0000736aa5401000] with protection modes 0
Event: 0.027 Protecting memory [0x0000736aa52fc000,0x0000736aa5300000] with protection modes 0
Event: 0.027 Protecting memory [0x0000736aa51fb000,0x0000736aa51ff000] with protection modes 0
Event: 0.041 Protecting memory [0x0000736aa50fa000,0x0000736aa50fe000] with protection modes 0
Event: 0.066 Protecting memory [0x0000736aa4ff9000,0x0000736aa4ffd000] with protection modes 0
Event: 0.066 Protecting memory [0x0000736aa4ef8000,0x0000736aa4efc000] with protection modes 0
Event: 0.066 Protecting memory [0x0000736aa4df7000,0x0000736aa4dfb000] with protection modes 0
Event: 0.225 Protecting memory [0x0000736aa4cf6000,0x0000736aa4cfa000] with protection modes 0
Event: 0.386 Protecting memory [0x0000736aa4500000,0x0000736aa4504000] with protection modes 0
Event: 0.619 Protecting memory [0x0000736a48215000,0x0000736a48219000] with protection modes 0

Nmethod flushes (0 events):
No events

Events (16 events):
Event: 0.022 Thread 0x0000736ad402e170 Thread added: 0x0000736ad402e170
Event: 0.023 Thread 0x0000736ad402e170 Thread added: 0x0000736ad4190d30
Event: 0.023 Thread 0x0000736ad402e170 Thread added: 0x0000736ad4192110
Event: 0.026 Thread 0x0000736ad402e170 Thread added: 0x0000736ad41967d0
Event: 0.026 Thread 0x0000736ad402e170 Thread added: 0x0000736ad4197b80
Event: 0.026 Thread 0x0000736ad402e170 Thread added: 0x0000736ad4198f90
Event: 0.026 Thread 0x0000736ad402e170 Thread added: 0x0000736ad419a940
Event: 0.027 Thread 0x0000736ad402e170 Thread added: 0x0000736ad419be70
Event: 0.027 Thread 0x0000736ad402e170 Thread added: 0x0000736ad41a52d0
Event: 0.041 Thread 0x0000736ad402e170 Thread added: 0x0000736ad41b08f0
Event: 0.066 Thread 0x0000736ad402e170 Thread added: 0x0000736ad41f4650
Event: 0.066 Thread 0x0000736ad402e170 Thread added: 0x0000736ad41f7a90
Event: 0.066 Thread 0x0000736ad41f4650 Thread added: 0x0000736a20001130
Event: 0.225 Thread 0x0000736ad402e170 Thread added: 0x0000736ad42352e0
Event: 0.386 Thread 0x0000736ad402e170 Thread added: 0x0000736ad45428a0
Event: 0.619 Thread 0x0000736ad402e170 Thread added: 0x0000736ad5120690


Dynamic libraries:
40611000-40613000 r-xs 00000000 00:01 58292                              /memfd:/.glXXXXXX (deleted)
41d6b000-41e1a000 rw-p 00000000 00:00 0 
709400000-718c00000 rw-p 00000000 00:00 0 
718c00000-7ffc00000 ---p 00000000 00:00 0 
7ffc00000-7ffd00000 rw-p 00000000 00:00 0 
7ffd00000-7ffd75000 rw-p 00c79000 00:28 1033232                          /home/tom/.jdks/temurin-17.0.15/lib/server/classes.jsa
7ffd75000-7ffe00000 rw-p 00000000 00:00 0 
7ffe00000-7ffe78000 rw-p 00c01000 00:28 1033232                          /home/tom/.jdks/temurin-17.0.15/lib/server/classes.jsa
7ffe78000-800000000 rw-p 00000000 00:00 0 
5d4019f99000-5d4019f9a000 r--p 00000000 00:28 1033380                    /home/tom/.jdks/temurin-17.0.15/bin/java
5d4019f9a000-5d4019f9b000 r-xp 00001000 00:28 1033380                    /home/tom/.jdks/temurin-17.0.15/bin/java
5d4019f9b000-5d4019f9c000 r--p 00002000 00:28 1033380                    /home/tom/.jdks/temurin-17.0.15/bin/java
5d4019f9c000-5d4019f9d000 r--p 00002000 00:28 1033380                    /home/tom/.jdks/temurin-17.0.15/bin/java
5d4019f9d000-5d4019f9e000 rw-p 00003000 00:28 1033380                    /home/tom/.jdks/temurin-17.0.15/bin/java
5d404a7a5000-5d404a7ed000 rw-p 00000000 00:00 0                          [heap]
736a00000000-736a00021000 rw-p 00000000 00:00 0 
736a00021000-736a04000000 ---p 00000000 00:00 0 
736a04000000-736a04021000 rw-p 00000000 00:00 0 
736a04021000-736a08000000 ---p 00000000 00:00 0 
736a08200000-736a08445000 r--p 00000000 00:28 439067                     /usr/lib64/libnvidia-gpucomp.so.570.124.04
736a08445000-736a0b021000 r-xp 00245000 00:28 439067                     /usr/lib64/libnvidia-gpucomp.so.570.124.04
736a0b021000-736a0bc75000 r--p 02e21000 00:28 439067                     /usr/lib64/libnvidia-gpucomp.so.570.124.04
736a0bc75000-736a0bde9000 r--p 03a74000 00:28 439067                     /usr/lib64/libnvidia-gpucomp.so.570.124.04
736a0bde9000-736a0becc000 rw-p 03be8000 00:28 439067                     /usr/lib64/libnvidia-gpucomp.so.570.124.04
736a0becc000-736a0bfa7000 rw-p 00000000 00:00 0 
736a0c000000-736a0c021000 rw-p 00000000 00:00 0 
736a0c021000-736a10000000 ---p 00000000 00:00 0 
736a10000000-736a10021000 rw-p 00000000 00:00 0 
736a10021000-736a14000000 ---p 00000000 00:00 0 
736a14000000-736a14021000 rw-p 00000000 00:00 0 
736a14021000-736a18000000 ---p 00000000 00:00 0 
736a18000000-736a18021000 rw-p 00000000 00:00 0 
736a18021000-736a1c000000 ---p 00000000 00:00 0 
736a1c000000-736a1c021000 rw-p 00000000 00:00 0 
736a1c021000-736a20000000 ---p 00000000 00:00 0 
736a20000000-736a2002b000 rw-p 00000000 00:00 0 
736a2002b000-736a24000000 ---p 00000000 00:00 0 
736a24000000-736a2427b000 rw-p 00000000 00:00 0 
736a2427b000-736a28000000 ---p 00000000 00:00 0 
736a28000000-736a28021000 rw-p 00000000 00:00 0 
736a28021000-736a2c000000 ---p 00000000 00:00 0 
736a2c000000-736a2c021000 rw-p 00000000 00:00 0 
736a2c021000-736a30000000 ---p 00000000 00:00 0 
736a30000000-736a30317000 rw-p 00000000 00:00 0 
736a30317000-736a34000000 ---p 00000000 00:00 0 
736a34000000-736a34021000 rw-p 00000000 00:00 0 
736a34021000-736a38000000 ---p 00000000 00:00 0 
736a38000000-736a38021000 rw-p 00000000 00:00 0 
736a38021000-736a3c000000 ---p 00000000 00:00 0 
736a3c000000-736a3c021000 rw-p 00000000 00:00 0 
736a3c021000-736a40000000 ---p 00000000 00:00 0 
736a40000000-736a40021000 rw-p 00000000 00:00 0 
736a40021000-736a44000000 ---p 00000000 00:00 0 
736a44000000-736a44021000 rw-p 00000000 00:00 0 
736a44021000-736a48000000 ---p 00000000 00:00 0 
736a48214000-736a48215000 ---p 00000000 00:00 0 
736a48215000-736a48219000 ---p 00000000 00:00 0 
736a48219000-736a48315000 rw-p 00000000 00:00 0 
736a48315000-736a48329000 r--p 00000000 00:28 1033186                    /home/tom/.jdks/temurin-17.0.15/lib/libawt_xawt.so
736a48329000-736a48370000 r-xp 00014000 00:28 1033186                    /home/tom/.jdks/temurin-17.0.15/lib/libawt_xawt.so
736a48370000-736a48388000 r--p 0005b000 00:28 1033186                    /home/tom/.jdks/temurin-17.0.15/lib/libawt_xawt.so
736a48388000-736a48389000 ---p 00073000 00:28 1033186                    /home/tom/.jdks/temurin-17.0.15/lib/libawt_xawt.so
736a48389000-736a4838e000 r--p 00073000 00:28 1033186                    /home/tom/.jdks/temurin-17.0.15/lib/libawt_xawt.so
736a4838e000-736a48390000 rw-p 00078000 00:28 1033186                    /home/tom/.jdks/temurin-17.0.15/lib/libawt_xawt.so
736a48390000-736a48392000 rw-p 00000000 00:00 0 
736a48392000-736a483bf000 r--p 00000000 00:28 1033206                    /home/tom/.jdks/temurin-17.0.15/lib/libawt.so
736a483bf000-736a48442000 r-xp 0002d000 00:28 1033206                    /home/tom/.jdks/temurin-17.0.15/lib/libawt.so
736a48442000-736a4844f000 r--p 000b0000 00:28 1033206                    /home/tom/.jdks/temurin-17.0.15/lib/libawt.so
736a4844f000-736a48450000 r--p 000bc000 00:28 1033206                    /home/tom/.jdks/temurin-17.0.15/lib/libawt.so
736a48450000-736a4845b000 rw-p 000bd000 00:28 1033206                    /home/tom/.jdks/temurin-17.0.15/lib/libawt.so
736a4845b000-736a48480000 rw-p 00000000 00:00 0 
736a48480000-736a48680000 rw-s 00000000 00:06 1025                       /dev/nvidiactl
736a48680000-736a48700000 rw-s 00000000 00:06 1025                       /dev/nvidiactl
736a48700000-736a48800000 rw-s 00000000 00:06 1025                       /dev/nvidiactl
736a48800000-736a48822000 r-xp 00000000 00:28 439061                     /usr/lib64/libnvidia-allocator.so.570.124.04
736a48822000-736a48a22000 ---p 00022000 00:28 439061                     /usr/lib64/libnvidia-allocator.so.570.124.04
736a48a22000-736a48a2a000 r--p 00022000 00:28 439061                     /usr/lib64/libnvidia-allocator.so.570.124.04
736a48a2a000-736a48a2b000 rw-p 0002a000 00:28 439061                     /usr/lib64/libnvidia-allocator.so.570.124.04
736a48a2b000-736a48a2c000 rw-p 00000000 00:00 0 
736a48a4d000-736a48acd000 rw-s 00000000 00:06 1025                       /dev/nvidiactl
736a48acd000-736a48b0d000 rw-s 00000000 00:06 1025                       /dev/nvidiactl
736a48b0d000-736a48b0e000 r--p 00000000 00:28 57514                      /usr/lib64/libsystemd.so.0.39.0
736a48b0e000-736a48bad000 r-xp 00001000 00:28 57514                      /usr/lib64/libsystemd.so.0.39.0
736a48bad000-736a48bf2000 r--p 000a0000 00:28 57514                      /usr/lib64/libsystemd.so.0.39.0
736a48bf2000-736a48bfe000 r--p 000e4000 00:28 57514                      /usr/lib64/libsystemd.so.0.39.0
736a48bfe000-736a48bff000 rw-p 000f0000 00:28 57514                      /usr/lib64/libsystemd.so.0.39.0
736a48bff000-736a48c00000 rw-p 00000000 00:00 0 
736a48c00000-736a48e53000 r-xp 00000000 00:28 439064                     /usr/lib64/libnvidia-glcore.so.570.124.04
736a48e53000-736a48e74000 rwxp 00253000 00:28 439064                     /usr/lib64/libnvidia-glcore.so.570.124.04
736a48e74000-736a49000000 r-xp 00274000 00:28 439064                     /usr/lib64/libnvidia-glcore.so.570.124.04
736a49000000-736a49c00000 r-xp 00400000 00:28 439064                     /usr/lib64/libnvidia-glcore.so.570.124.04
736a49c00000-736a4ac7a000 r-xp 01000000 00:28 439064                     /usr/lib64/libnvidia-glcore.so.570.124.04
736a4ac7a000-736a4ac7b000 ---p 0207a000 00:28 439064                     /usr/lib64/libnvidia-glcore.so.570.124.04
736a4ac7b000-736a4adf0000 r--p 0207a000 00:28 439064                     /usr/lib64/libnvidia-glcore.so.570.124.04
736a4adf0000-736a4ae52000 rw-p 021ef000 00:28 439064                     /usr/lib64/libnvidia-glcore.so.570.124.04
736a4ae52000-736a4ae70000 rw-p 00000000 00:00 0 
736a4ae96000-736a4aed6000 rw-s 00000000 00:06 1025                       /dev/nvidiactl
736a4aed6000-736a4af27000 r--p 00000000 00:28 439059                     /usr/lib64/libGLX_nvidia.so.570.124.04
736a4af27000-736a4af83000 r-xp 00051000 00:28 439059                     /usr/lib64/libGLX_nvidia.so.570.124.04
736a4af83000-736a4afb8000 rwxp 000ad000 00:28 439059                     /usr/lib64/libGLX_nvidia.so.570.124.04
736a4afb8000-736a4afb9000 r-xp 000e2000 00:28 439059                     /usr/lib64/libGLX_nvidia.so.570.124.04
736a4afb9000-736a4afd9000 r--p 000e3000 00:28 439059                     /usr/lib64/libGLX_nvidia.so.570.124.04
736a4afd9000-736a4aff9000 r--p 00102000 00:28 439059                     /usr/lib64/libGLX_nvidia.so.570.124.04
736a4aff9000-736a4affe000 rw-p 00122000 00:28 439059                     /usr/lib64/libGLX_nvidia.so.570.124.04
736a4affe000-736a4b400000 rw-p 00000000 00:00 0 
736a4b400000-736a4b530000 rw-p 00000000 00:00 0 
736a4b530000-736a4b600000 ---p 00000000 00:00 0 
736a4b600000-736a4b610000 rw-p 00000000 00:00 0 
736a4b610000-736a4f000000 ---p 00000000 00:00 0 
736a4f000000-736a4fbc9000 rw-p 00001000 00:28 1033232                    /home/tom/.jdks/temurin-17.0.15/lib/server/classes.jsa
736a4fbc9000-736a50000000 ---p 00000000 00:00 0 
736a50000000-736a50020000 rw-p 00000000 00:00 0 
736a50020000-736a50040000 rw-p 00000000 00:00 0 
736a50040000-736a50090000 rw-p 00000000 00:00 0 
736a50090000-736a500c0000 ---p 00000000 00:00 0 
736a500c0000-736a500d0000 rw-p 00000000 00:00 0 
736a500d0000-736a90000000 ---p 00000000 00:00 0 
736a90000000-736a90021000 rw-p 00000000 00:00 0 
736a90021000-736a94000000 ---p 00000000 00:00 0 
736a94000000-736a94021000 rw-p 00000000 00:00 0 
736a94021000-736a98000000 ---p 00000000 00:00 0 
736a98000000-736a98021000 rw-p 00000000 00:00 0 
736a98021000-736a9c000000 ---p 00000000 00:00 0 
736a9c000000-736a9c021000 rw-p 00000000 00:00 0 
736a9c021000-736aa0000000 ---p 00000000 00:00 0 
736aa0000000-736aa0021000 rw-p 00000000 00:00 0 
736aa0021000-736aa4000000 ---p 00000000 00:00 0 
736aa403b000-736aa40bb000 rw-s 00000000 00:06 1027                       /dev/nvidia0
736aa40bb000-736aa40bc000 r--p 00000000 00:28 56347                      /usr/lib64/libX11.so.6.4.0
736aa40bc000-736aa4154000 r-xp 00001000 00:28 56347                      /usr/lib64/libX11.so.6.4.0
736aa4154000-736aa41f9000 r--p 00099000 00:28 56347                      /usr/lib64/libX11.so.6.4.0
736aa41f9000-736aa41fc000 r--p 0013d000 00:28 56347                      /usr/lib64/libX11.so.6.4.0
736aa41fc000-736aa4200000 rw-p 00140000 00:28 56347                      /usr/lib64/libX11.so.6.4.0
736aa4200000-736aa4201000 r--p 00000000 00:28 57505                      /usr/lib64/libstdc++.so.6.0.33
736aa4201000-736aa4338000 r-xp 00001000 00:28 57505                      /usr/lib64/libstdc++.so.6.0.33
736aa4338000-736aa4451000 r--p 00138000 00:28 57505                      /usr/lib64/libstdc++.so.6.0.33
736aa4451000-736aa445e000 r--p 00250000 00:28 57505                      /usr/lib64/libstdc++.so.6.0.33
736aa445e000-736aa445f000 rw-p 0025d000 00:28 57505                      /usr/lib64/libstdc++.so.6.0.33
736aa445f000-736aa4463000 rw-p 00000000 00:00 0 
736aa4477000-736aa447b000 r-xp 00000000 00:28 56369                      /usr/lib64/libXtst.so.6.1.0
736aa447b000-736aa447d000 r--p 00004000 00:28 56369                      /usr/lib64/libXtst.so.6.1.0
736aa447d000-736aa447e000 r--p 00005000 00:28 56369                      /usr/lib64/libXtst.so.6.1.0
736aa447e000-736aa447f000 rw-p 00006000 00:28 56369                      /usr/lib64/libXtst.so.6.1.0
736aa447f000-736aa449f000 rw-s 00000000 00:06 1025                       /dev/nvidiactl
736aa449f000-736aa44bf000 rw-s 00000000 00:06 1025                       /dev/nvidiactl
736aa44bf000-736aa44ff000 rw-s 00000000 00:06 1025                       /dev/nvidiactl
736aa44ff000-736aa4500000 ---p 00000000 00:00 0 
736aa4500000-736aa4504000 ---p 00000000 00:00 0 
736aa4504000-736aa4600000 rw-p 00000000 00:00 0 
736aa4600000-736aa466d000 r--p 00000000 00:28 441577                     /home/tom/.javacpp/cache/jaylib-5.5.0-2.jar/com/raylib/linux-x86_64/libjniRaylib.so
736aa466d000-736aa48d1000 r-xp 0006d000 00:28 441577                     /home/tom/.javacpp/cache/jaylib-5.5.0-2.jar/com/raylib/linux-x86_64/libjniRaylib.so
736aa48d1000-736aa4963000 r--p 002d1000 00:28 441577                     /home/tom/.javacpp/cache/jaylib-5.5.0-2.jar/com/raylib/linux-x86_64/libjniRaylib.so
736aa4963000-736aa4964000 ---p 00363000 00:28 441577                     /home/tom/.javacpp/cache/jaylib-5.5.0-2.jar/com/raylib/linux-x86_64/libjniRaylib.so
736aa4964000-736aa4965000 r--p 00363000 00:28 441577                     /home/tom/.javacpp/cache/jaylib-5.5.0-2.jar/com/raylib/linux-x86_64/libjniRaylib.so
736aa4965000-736aa496f000 rw-p 00364000 00:28 441577                     /home/tom/.javacpp/cache/jaylib-5.5.0-2.jar/com/raylib/linux-x86_64/libjniRaylib.so
736aa496f000-736aa49a9000 rw-p 00000000 00:00 0 
736aa49aa000-736aa49bd000 rw-s 00000000 00:06 1025                       /dev/nvidiactl
736aa49bd000-736aa49ca000 r--p 00000000 00:28 56557                      /usr/lib64/libdbus-1.so.3.32.4
736aa49ca000-736aa49fd000 r-xp 0000d000 00:28 56557                      /usr/lib64/libdbus-1.so.3.32.4
736aa49fd000-736aa4a0e000 r--p 00040000 00:28 56557                      /usr/lib64/libdbus-1.so.3.32.4
736aa4a0e000-736aa4a10000 r--p 00050000 00:28 56557                      /usr/lib64/libdbus-1.so.3.32.4
736aa4a10000-736aa4a11000 rw-p 00052000 00:28 56557                      /usr/lib64/libdbus-1.so.3.32.4
736aa4a11000-736aa4a3d000 r--p 00000000 00:28 590948                     /usr/lib/libraylib.so.5.5.0
736aa4a3d000-736aa4b53000 r-xp 0002c000 00:28 590948                     /usr/lib/libraylib.so.5.5.0
736aa4b53000-736aa4bbc000 r--p 00142000 00:28 590948                     /usr/lib/libraylib.so.5.5.0
736aa4bbc000-736aa4bc0000 r--p 001aa000 00:28 590948                     /usr/lib/libraylib.so.5.5.0
736aa4bc0000-736aa4bc4000 rw-p 001ae000 00:28 590948                     /usr/lib/libraylib.so.5.5.0
736aa4bc4000-736aa4bf4000 rw-p 00000000 00:00 0 
736aa4bf4000-736aa4bf5000 ---p 00000000 00:00 0 
736aa4bf5000-736aa4cf5000 rw-p 00000000 00:00 0 
736aa4cf5000-736aa4cf6000 ---p 00000000 00:00 0 
736aa4cf6000-736aa4cfa000 ---p 00000000 00:00 0 
736aa4cfa000-736aa4df6000 rw-p 00000000 00:00 0 
736aa4df6000-736aa4df7000 ---p 00000000 00:00 0 
736aa4df7000-736aa4dfb000 ---p 00000000 00:00 0 
736aa4dfb000-736aa4ef7000 rw-p 00000000 00:00 0 
736aa4ef7000-736aa4ef8000 ---p 00000000 00:00 0 
736aa4ef8000-736aa4efc000 ---p 00000000 00:00 0 
736aa4efc000-736aa4ff8000 rw-p 00000000 00:00 0 
736aa4ff8000-736aa4ff9000 ---p 00000000 00:00 0 
736aa4ff9000-736aa4ffd000 ---p 00000000 00:00 0 
736aa4ffd000-736aa50f9000 rw-p 00000000 00:00 0 
736aa50f9000-736aa50fa000 ---p 00000000 00:00 0 
736aa50fa000-736aa50fe000 ---p 00000000 00:00 0 
736aa50fe000-736aa51fa000 rw-p 00000000 00:00 0 
736aa51fa000-736aa51fb000 ---p 00000000 00:00 0 
736aa51fb000-736aa51ff000 ---p 00000000 00:00 0 
736aa51ff000-736aa52fb000 rw-p 00000000 00:00 0 
736aa52fb000-736aa52fc000 ---p 00000000 00:00 0 
736aa52fc000-736aa5300000 ---p 00000000 00:00 0 
736aa5300000-736aa53fc000 rw-p 00000000 00:00 0 
736aa53fc000-736aa53fd000 ---p 00000000 00:00 0 
736aa53fd000-736aa5401000 ---p 00000000 00:00 0 
736aa5401000-736aa54fd000 rw-p 00000000 00:00 0 
736aa54fd000-736aa54fe000 ---p 00000000 00:00 0 
736aa54fe000-736aa5502000 ---p 00000000 00:00 0 
736aa5502000-736aa55fe000 rw-p 00000000 00:00 0 
736aa55fe000-736aa55ff000 ---p 00000000 00:00 0 
736aa55ff000-736aa5603000 ---p 00000000 00:00 0 
736aa5603000-736aa56ff000 rw-p 00000000 00:00 0 
736aa56ff000-736aa5700000 ---p 00000000 00:00 0 
736aa5700000-736aa5704000 ---p 00000000 00:00 0 
736aa5704000-736aa5800000 rw-p 00000000 00:00 0 
736aa5800000-736aa7800000 rw-p 00000000 00:00 0 
736aa7805000-736aa7815000 r--p 00000000 00:28 439065                     /usr/lib64/libnvidia-glsi.so.570.124.04
736aa7815000-736aa7874000 r-xp 00010000 00:28 439065                     /usr/lib64/libnvidia-glsi.so.570.124.04
736aa7874000-736aa7891000 r--p 0006f000 00:28 439065                     /usr/lib64/libnvidia-glsi.so.570.124.04
736aa7891000-736aa7897000 r--p 0008b000 00:28 439065                     /usr/lib64/libnvidia-glsi.so.570.124.04
736aa7897000-736aa7898000 rw-p 00091000 00:28 439065                     /usr/lib64/libnvidia-glsi.so.570.124.04
736aa7898000-736aa7c80000 rw-p 00000000 00:00 0 
736aa7c80000-736aab640000 ---p 00000000 00:00 0 
736aab640000-736aaba30000 rw-p 00000000 00:00 0 
736aaba30000-736aaf3f0000 ---p 00000000 00:00 0 
736aaf3f0000-736aaf400000 rw-p 00000000 00:00 0 
736aaf400000-736aaf670000 rwxp 00000000 00:00 0 
736aaf670000-736ab6937000 ---p 00000000 00:00 0 
736ab6937000-736ab6ba7000 rwxp 00000000 00:00 0 
736ab6ba7000-736ab6ec9000 ---p 00000000 00:00 0 
736ab6ec9000-736ab7139000 rwxp 00000000 00:00 0 
736ab7139000-736abe400000 ---p 00000000 00:00 0 
736abe400000-736acc197000 r--p 00000000 00:28 32291                      /usr/lib/locale/locale-archive
736acc197000-736acc19a000 rw-s 00000000 00:06 1025                       /dev/nvidiactl
736acc19a000-736acc19c000 rw-s 00000000 00:01 58292                      /memfd:/.glXXXXXX (deleted)
736acc19c000-736acc1a9000 r-xp 00000000 00:28 56595                      /usr/lib64/libdrm.so.2.124.0
736acc1a9000-736acc1b1000 r--p 0000d000 00:28 56595                      /usr/lib64/libdrm.so.2.124.0
736acc1b1000-736acc1b2000 r--p 00015000 00:28 56595                      /usr/lib64/libdrm.so.2.124.0
736acc1b2000-736acc1b3000 rw-p 00000000 00:00 0 
736acc1d3000-736acc1d4000 r--p 00000000 00:28 294601                     /usr/share/locale/en_GB/LC_MESSAGES/libc.mo
736acc1d4000-736acc1d8000 r-xp 00000000 00:28 57708                      /usr/lib64/libxcb-xfixes.so.0.0.0
736acc1d8000-736acc1dc000 r--p 00004000 00:28 57708                      /usr/lib64/libxcb-xfixes.so.0.0.0
736acc1dc000-736acc1dd000 r--p 00008000 00:28 57708                      /usr/lib64/libxcb-xfixes.so.0.0.0
736acc1dd000-736acc1de000 rw-p 00009000 00:28 57708                      /usr/lib64/libxcb-xfixes.so.0.0.0
736acc1de000-736acc1e2000 r-xp 00000000 00:28 57705                      /usr/lib64/libxcb-sync.so.1.0.0
736acc1e2000-736acc1e5000 r--p 00004000 00:28 57705                      /usr/lib64/libxcb-sync.so.1.0.0
736acc1e5000-736acc1e6000 r--p 00007000 00:28 57705                      /usr/lib64/libxcb-sync.so.1.0.0
736acc1e6000-736acc1e7000 rw-p 00008000 00:28 57705                      /usr/lib64/libxcb-sync.so.1.0.0
736acc1e7000-736acc1e9000 r-xp 00000000 00:28 57696                      /usr/lib64/libxcb-present.so.0.0.0
736acc1e9000-736acc1eb000 r--p 00002000 00:28 57696                      /usr/lib64/libxcb-present.so.0.0.0
736acc1eb000-736acc1ec000 r--p 00003000 00:28 57696                      /usr/lib64/libxcb-present.so.0.0.0
736acc1ec000-736acc1ed000 rw-p 00004000 00:28 57696                      /usr/lib64/libxcb-present.so.0.0.0
736acc1ed000-736acc1f4000 r-xp 00000000 00:28 57697                      /usr/lib64/libxcb-randr.so.0.1.0
736acc1f4000-736acc1fe000 r--p 00007000 00:28 57697                      /usr/lib64/libxcb-randr.so.0.1.0
736acc1fe000-736acc1ff000 r--p 00011000 00:28 57697                      /usr/lib64/libxcb-randr.so.0.1.0
736acc1ff000-736acc200000 rw-p 00012000 00:28 57697                      /usr/lib64/libxcb-randr.so.0.1.0
736acc200000-736ad3e02000 r--s 00000000 00:28 1033181                    /home/tom/.jdks/temurin-17.0.15/lib/modules
736ad3e02000-736ad3e06000 rw-s 00000000 00:06 1025                       /dev/nvidiactl
736ad3e06000-736ad3e09000 r-xp 00000000 00:28 57690                      /usr/lib64/libxcb-dri3.so.0.1.0
736ad3e09000-736ad3e0b000 r--p 00003000 00:28 57690                      /usr/lib64/libxcb-dri3.so.0.1.0
736ad3e0b000-736ad3e0c000 r--p 00005000 00:28 57690                      /usr/lib64/libxcb-dri3.so.0.1.0
736ad3e0c000-736ad3e0d000 rw-p 00006000 00:28 57690                      /usr/lib64/libxcb-dri3.so.0.1.0
736ad3e0d000-736ad3e17000 r-xp 00000000 00:28 57692                      /usr/lib64/libxcb-glx.so.0.0.0
736ad3e17000-736ad3e27000 r--p 0000a000 00:28 57692                      /usr/lib64/libxcb-glx.so.0.0.0
736ad3e27000-736ad3e29000 r--p 0001a000 00:28 57692                      /usr/lib64/libxcb-glx.so.0.0.0
736ad3e29000-736ad3e2a000 rw-p 0001c000 00:28 57692                      /usr/lib64/libxcb-glx.so.0.0.0
736ad3e2a000-736ad3e2b000 r--p 00000000 00:28 439071                     /usr/lib64/libnvidia-tls.so.570.124.04
736ad3e2b000-736ad3e2d000 r-xp 00001000 00:28 439071                     /usr/lib64/libnvidia-tls.so.570.124.04
736ad3e2d000-736ad3e2e000 r--p 00003000 00:28 439071                     /usr/lib64/libnvidia-tls.so.570.124.04
736ad3e2e000-736ad3e2f000 r--p 00003000 00:28 439071                     /usr/lib64/libnvidia-tls.so.570.124.04
736ad3e2f000-736ad3e30000 rw-p 00004000 00:28 439071                     /usr/lib64/libnvidia-tls.so.570.124.04
736ad3e30000-736ad3e32000 r--p 00000000 00:28 55912                      /usr/lib64/libGLdispatch.so.0.0.0
736ad3e32000-736ad3e35000 r-xp 00002000 00:28 55912                      /usr/lib64/libGLdispatch.so.0.0.0
736ad3e35000-736ad3e70000 r-xp 00005000 00:28 55912                      /usr/lib64/libGLdispatch.so.0.0.0
736ad3e70000-736ad3e71000 r-xp 00040000 00:28 55912                      /usr/lib64/libGLdispatch.so.0.0.0
736ad3e71000-736ad3e84000 r--p 00041000 00:28 55912                      /usr/lib64/libGLdispatch.so.0.0.0
736ad3e84000-736ad3ea0000 r--p 00054000 00:28 55912                      /usr/lib64/libGLdispatch.so.0.0.0
736ad3ea0000-736ad3ea1000 rw-p 00070000 00:28 55912                      /usr/lib64/libGLdispatch.so.0.0.0
736ad3ea1000-736ad3ea9000 rw-p 00000000 00:00 0 
736ad3ea9000-736ad3eab000 r--p 00000000 00:28 55909                      /usr/lib64/libGLX.so.0.0.0
736ad3eab000-736ad3ec6000 r-xp 00002000 00:28 55909                      /usr/lib64/libGLX.so.0.0.0
736ad3ec6000-736ad3ec8000 r--p 0001d000 00:28 55909                      /usr/lib64/libGLX.so.0.0.0
736ad3ec8000-736ad3ec9000 r--p 0001f000 00:28 55909                      /usr/lib64/libGLX.so.0.0.0
736ad3ec9000-736ad3eca000 rw-p 00020000 00:28 55909                      /usr/lib64/libGLX.so.0.0.0
736ad3eca000-736ad3eda000 rw-p 00000000 00:00 0 
736ad3eda000-736ad3edb000 r--p 00000000 00:28 56346                      /usr/lib64/libX11-xcb.so.1.0.0
736ad3edb000-736ad3edc000 r-xp 00001000 00:28 56346                      /usr/lib64/libX11-xcb.so.1.0.0
736ad3edc000-736ad3edd000 r--p 00002000 00:28 56346                      /usr/lib64/libX11-xcb.so.1.0.0
736ad3edd000-736ad3ede000 r--p 00002000 00:28 56346                      /usr/lib64/libX11-xcb.so.1.0.0
736ad3ede000-736ad3edf000 rw-p 00000000 00:00 0 
736ad3edf000-736ad3ee0000 r--p 00000000 00:28 56361                      /usr/lib64/libXinerama.so.1.0.0
736ad3ee0000-736ad3ee1000 r-xp 00001000 00:28 56361                      /usr/lib64/libXinerama.so.1.0.0
736ad3ee1000-736ad3ee2000 r--p 00002000 00:28 56361                      /usr/lib64/libXinerama.so.1.0.0
736ad3ee2000-736ad3ee3000 r--p 00002000 00:28 56361                      /usr/lib64/libXinerama.so.1.0.0
736ad3ee3000-736ad3ee4000 rw-p 00003000 00:28 56361                      /usr/lib64/libXinerama.so.1.0.0
736ad3ee4000-736ad3eec000 r-xp 00000000 00:28 56353                      /usr/lib64/libXcursor.so.1.0.2
736ad3eec000-736ad3ef0000 r--p 00008000 00:28 56353                      /usr/lib64/libXcursor.so.1.0.2
736ad3ef0000-736ad3ef1000 r--p 0000c000 00:28 56353                      /usr/lib64/libXcursor.so.1.0.2
736ad3ef1000-736ad3ef2000 rw-p 00000000 00:00 0 
736ad3ef2000-736ad3efa000 r-xp 00000000 00:28 56366                      /usr/lib64/libXrender.so.1.3.0
736ad3efa000-736ad3efd000 r--p 00008000 00:28 56366                      /usr/lib64/libXrender.so.1.3.0
736ad3efd000-736ad3efe000 r--p 0000a000 00:28 56366                      /usr/lib64/libXrender.so.1.3.0
736ad3efe000-736ad3eff000 rw-p 0000b000 00:28 56366                      /usr/lib64/libXrender.so.1.3.0
736ad3eff000-736ad3f00000 ---p 00000000 00:00 0 
736ad3f00000-736ad3f04000 ---p 00000000 00:00 0 
736ad3f04000-736ad4000000 rw-p 00000000 00:00 0 
736ad4000000-736ad5148000 rw-p 00000000 00:00 0 
736ad5148000-736ad8000000 ---p 00000000 00:00 0 
736ad8000000-736ad8002000 r--p 00000000 00:28 56357                      /usr/lib64/libXfixes.so.3.1.0
736ad8002000-736ad8005000 r-xp 00002000 00:28 56357                      /usr/lib64/libXfixes.so.3.1.0
736ad8005000-736ad8006000 r--p 00005000 00:28 56357                      /usr/lib64/libXfixes.so.3.1.0
736ad8006000-736ad8007000 r--p 00005000 00:28 56357                      /usr/lib64/libXfixes.so.3.1.0
736ad8007000-736ad8008000 rw-p 00006000 00:28 56357                      /usr/lib64/libXfixes.so.3.1.0
736ad8008000-736ad800a000 r--p 00000000 00:28 56365                      /usr/lib64/libXrandr.so.2.2.0
736ad800a000-736ad8011000 r-xp 00002000 00:28 56365                      /usr/lib64/libXrandr.so.2.2.0
736ad8011000-736ad8013000 r--p 00009000 00:28 56365                      /usr/lib64/libXrandr.so.2.2.0
736ad8013000-736ad8014000 r--p 0000a000 00:28 56365                      /usr/lib64/libXrandr.so.2.2.0
736ad8014000-736ad8015000 rw-p 0000b000 00:28 56365                      /usr/lib64/libXrandr.so.2.2.0
736ad8015000-736ad8016000 r--p 00000000 00:28 56360                      /usr/lib64/libXi.so.6.1.0
736ad8016000-736ad8022000 r-xp 00001000 00:28 56360                      /usr/lib64/libXi.so.6.1.0
736ad8022000-736ad8026000 r--p 0000d000 00:28 56360                      /usr/lib64/libXi.so.6.1.0
736ad8026000-736ad8027000 r--p 00010000 00:28 56360                      /usr/lib64/libXi.so.6.1.0
736ad8027000-736ad8028000 rw-p 00011000 00:28 56360                      /usr/lib64/libXi.so.6.1.0
736ad8028000-736ad802c000 r--p 00000000 00:28 56356                      /usr/lib64/libXext.so.6.4.0
736ad802c000-736ad8037000 r-xp 00004000 00:28 56356                      /usr/lib64/libXext.so.6.4.0
736ad8037000-736ad803a000 r--p 0000f000 00:28 56356                      /usr/lib64/libXext.so.6.4.0
736ad803a000-736ad803b000 r--p 00011000 00:28 56356                      /usr/lib64/libXext.so.6.4.0
736ad803b000-736ad803c000 rw-p 00012000 00:28 56356                      /usr/lib64/libXext.so.6.4.0
736ad803c000-736ad8052000 r-xp 00000000 00:28 57716                      /usr/lib64/libxcb.so.1.1.0
736ad8052000-736ad8066000 r--p 00016000 00:28 57716                      /usr/lib64/libxcb.so.1.1.0
736ad8066000-736ad8067000 r--p 0002a000 00:28 57716                      /usr/lib64/libxcb.so.1.1.0
736ad8067000-736ad8068000 rw-p 0002b000 00:28 57716                      /usr/lib64/libxcb.so.1.1.0
736ad8068000-736ad8069000 r--p 00000000 00:28 56712                      /usr/lib64/libgcc_s-14-20250110.so.1
736ad8069000-736ad808d000 r-xp 00001000 00:28 56712                      /usr/lib64/libgcc_s-14-20250110.so.1
736ad808d000-736ad8095000 r--p 00025000 00:28 56712                      /usr/lib64/libgcc_s-14-20250110.so.1
736ad8095000-736ad8096000 r--p 0002c000 00:28 56712                      /usr/lib64/libgcc_s-14-20250110.so.1
736ad8096000-736ad8097000 rw-p 00000000 00:00 0 
736ad8097000-736ad809b000 rw-s 00000000 00:06 1025                       /dev/nvidiactl
736ad809b000-736ad809e000 r--p 00000000 00:28 56496                      /usr/lib64/libcap.so.2.70
736ad809e000-736ad80a4000 r-xp 00003000 00:28 56496                      /usr/lib64/libcap.so.2.70
736ad80a4000-736ad80a6000 r--p 00009000 00:28 56496                      /usr/lib64/libcap.so.2.70
736ad80a6000-736ad80a7000 r--p 0000a000 00:28 56496                      /usr/lib64/libcap.so.2.70
736ad80a7000-736ad80a8000 rw-p 0000b000 00:28 56496                      /usr/lib64/libcap.so.2.70
736ad80a8000-736ad80b8000 rw-s 00000000 00:06 1027                       /dev/nvidia0
736ad80b8000-736ad80bc000 r--p 00000000 00:28 1033226                    /home/tom/.jdks/temurin-17.0.15/lib/libnet.so
736ad80bc000-736ad80ca000 r-xp 00004000 00:28 1033226                    /home/tom/.jdks/temurin-17.0.15/lib/libnet.so
736ad80ca000-736ad80ce000 r--p 00012000 00:28 1033226                    /home/tom/.jdks/temurin-17.0.15/lib/libnet.so
736ad80ce000-736ad80cf000 r--p 00015000 00:28 1033226                    /home/tom/.jdks/temurin-17.0.15/lib/libnet.so
736ad80cf000-736ad80d0000 rw-p 00016000 00:28 1033226                    /home/tom/.jdks/temurin-17.0.15/lib/libnet.so
736ad80d0000-736ad80d1000 ---p 00000000 00:00 0 
736ad80d1000-736ad80d5000 ---p 00000000 00:00 0 
736ad80d5000-736ad81d1000 rw-p 00000000 00:00 0 
736ad81d1000-736ad81d2000 ---p 00000000 00:00 0 
736ad81d2000-736ad82d2000 rw-p 00000000 00:00 0 
736ad82d2000-736ad82d7000 r--p 00000000 00:28 1033213                    /home/tom/.jdks/temurin-17.0.15/lib/libjsvml.so
736ad82d7000-736ad8318000 r-xp 00005000 00:28 1033213                    /home/tom/.jdks/temurin-17.0.15/lib/libjsvml.so
736ad8318000-736ad83a1000 r--p 00046000 00:28 1033213                    /home/tom/.jdks/temurin-17.0.15/lib/libjsvml.so
736ad83a1000-736ad83a2000 r--p 000ce000 00:28 1033213                    /home/tom/.jdks/temurin-17.0.15/lib/libjsvml.so
736ad83a2000-736ad83a3000 rw-p 000cf000 00:28 1033213                    /home/tom/.jdks/temurin-17.0.15/lib/libjsvml.so
736ad83a3000-736ad84c0000 rw-p 00000000 00:00 0 
736ad84c0000-736ad84c2000 rw-s 00000000 00:06 1025                       /dev/nvidiactl
736ad84c2000-736ad84c6000 r-xp 00000000 00:28 56372                      /usr/lib64/libXxf86vm.so.1.0.0
736ad84c6000-736ad84c8000 r--p 00004000 00:28 56372                      /usr/lib64/libXxf86vm.so.1.0.0
736ad84c8000-736ad84c9000 r--p 00005000 00:28 56372                      /usr/lib64/libXxf86vm.so.1.0.0
736ad84c9000-736ad84ca000 rw-p 00006000 00:28 56372                      /usr/lib64/libXxf86vm.so.1.0.0
736ad84ca000-736ad84cb000 r--p 00000000 00:28 56350                      /usr/lib64/libXau.so.6.0.0
736ad84cb000-736ad84cd000 r-xp 00001000 00:28 56350                      /usr/lib64/libXau.so.6.0.0
736ad84cd000-736ad84ce000 r--p 00003000 00:28 56350                      /usr/lib64/libXau.so.6.0.0
736ad84ce000-736ad84cf000 r--p 00003000 00:28 56350                      /usr/lib64/libXau.so.6.0.0
736ad84cf000-736ad84d0000 rw-p 00000000 00:00 0 
736ad84d0000-736ad84d7000 r--p 00000000 00:28 1033235                    /home/tom/.jdks/temurin-17.0.15/lib/libnio.so
736ad84d7000-736ad84e0000 r-xp 00007000 00:28 1033235                    /home/tom/.jdks/temurin-17.0.15/lib/libnio.so
736ad84e0000-736ad84e4000 r--p 00010000 00:28 1033235                    /home/tom/.jdks/temurin-17.0.15/lib/libnio.so
736ad84e4000-736ad84e5000 ---p 00014000 00:28 1033235                    /home/tom/.jdks/temurin-17.0.15/lib/libnio.so
736ad84e5000-736ad84e6000 r--p 00014000 00:28 1033235                    /home/tom/.jdks/temurin-17.0.15/lib/libnio.so
736ad84e6000-736ad84e7000 rw-p 00015000 00:28 1033235                    /home/tom/.jdks/temurin-17.0.15/lib/libnio.so
736ad84e7000-736ad84e9000 r--p 00000000 00:28 1033225                    /home/tom/.jdks/temurin-17.0.15/lib/libdt_socket.so
736ad84e9000-736ad84ec000 r-xp 00002000 00:28 1033225                    /home/tom/.jdks/temurin-17.0.15/lib/libdt_socket.so
736ad84ec000-736ad84ed000 r--p 00005000 00:28 1033225                    /home/tom/.jdks/temurin-17.0.15/lib/libdt_socket.so
736ad84ed000-736ad84ee000 ---p 00006000 00:28 1033225                    /home/tom/.jdks/temurin-17.0.15/lib/libdt_socket.so
736ad84ee000-736ad84ef000 r--p 00006000 00:28 1033225                    /home/tom/.jdks/temurin-17.0.15/lib/libdt_socket.so
736ad84ef000-736ad84f0000 rw-p 00007000 00:28 1033225                    /home/tom/.jdks/temurin-17.0.15/lib/libdt_socket.so
736ad84f0000-736ad84f7000 r--s 00000000 00:28 60335                      /usr/lib64/gconv/gconv-modules.cache
736ad84f7000-736ad84f8000 ---p 00000000 00:00 0 
736ad84f8000-736ad85f8000 rw-p 00000000 00:00 0 
736ad85f8000-736ad85f9000 ---p 00000000 00:00 0 
736ad85f9000-736ad86f9000 rw-p 00000000 00:00 0 
736ad86f9000-736ad8f01000 rw-p 00000000 00:00 0 
736ad8f01000-736ad8f02000 ---p 00000000 00:00 0 
736ad8f02000-736ad9002000 rw-p 00000000 00:00 0 
736ad9002000-736ad9003000 ---p 00000000 00:00 0 
736ad9003000-736ad9103000 rw-p 00000000 00:00 0 
736ad9103000-736ad9104000 ---p 00000000 00:00 0 
736ad9104000-736ad9204000 rw-p 00000000 00:00 0 
736ad9204000-736ad9300000 rw-p 00000000 00:00 0 
736ad9300000-736ad9a38000 ---p 00000000 00:00 0 
736ad9a38000-736ad9ab6000 rw-p 00000000 00:00 0 
736ad9ab6000-736ada1ee000 ---p 00000000 00:00 0 
736ada1ee000-736ada26c000 rw-p 00000000 00:00 0 
736ada26c000-736ada9a4000 ---p 00000000 00:00 0 
736ada9a4000-736adb1b3000 rw-p 00000000 00:00 0 
736adb1b3000-736adb299000 ---p 00000000 00:00 0 
736adb299000-736adb29e000 rw-p 00000000 00:00 0 
736adb29e000-736adb384000 ---p 00000000 00:00 0 
736adb384000-736adb389000 rw-p 00000000 00:00 0 
736adb389000-736adb390000 ---p 00000000 00:00 0 
736adb390000-736adb392000 r--p 00000000 00:28 1033182                    /home/tom/.jdks/temurin-17.0.15/lib/libzip.so
736adb392000-736adb3a4000 r-xp 00002000 00:28 1033182                    /home/tom/.jdks/temurin-17.0.15/lib/libzip.so
736adb3a4000-736adb3ac000 r--p 00014000 00:28 1033182                    /home/tom/.jdks/temurin-17.0.15/lib/libzip.so
736adb3ac000-736adb3ad000 r--p 0001b000 00:28 1033182                    /home/tom/.jdks/temurin-17.0.15/lib/libzip.so
736adb3ad000-736adb3ae000 rw-p 0001c000 00:28 1033182                    /home/tom/.jdks/temurin-17.0.15/lib/libzip.so
736adb3ae000-736adb3bc000 r--p 00000000 00:28 1033185                    /home/tom/.jdks/temurin-17.0.15/lib/libjava.so
736adb3bc000-736adb3ce000 r-xp 0000e000 00:28 1033185                    /home/tom/.jdks/temurin-17.0.15/lib/libjava.so
736adb3ce000-736adb3d4000 r--p 00020000 00:28 1033185                    /home/tom/.jdks/temurin-17.0.15/lib/libjava.so
736adb3d4000-736adb3d5000 ---p 00026000 00:28 1033185                    /home/tom/.jdks/temurin-17.0.15/lib/libjava.so
736adb3d5000-736adb3d6000 r--p 00026000 00:28 1033185                    /home/tom/.jdks/temurin-17.0.15/lib/libjava.so
736adb3d6000-736adb3d7000 rw-p 00027000 00:28 1033185                    /home/tom/.jdks/temurin-17.0.15/lib/libjava.so
736adb3d7000-736adb3d8000 rw-p 00000000 00:00 0 
736adb3d8000-736adb3db000 r--p 00000000 00:28 1033222                    /home/tom/.jdks/temurin-17.0.15/lib/libjdwp.so
736adb3db000-736adb408000 r-xp 00003000 00:28 1033222                    /home/tom/.jdks/temurin-17.0.15/lib/libjdwp.so
736adb408000-736adb416000 r--p 00030000 00:28 1033222                    /home/tom/.jdks/temurin-17.0.15/lib/libjdwp.so
736adb416000-736adb417000 ---p 0003e000 00:28 1033222                    /home/tom/.jdks/temurin-17.0.15/lib/libjdwp.so
736adb417000-736adb418000 r--p 0003e000 00:28 1033222                    /home/tom/.jdks/temurin-17.0.15/lib/libjdwp.so
736adb418000-736adb419000 rw-p 0003f000 00:28 1033222                    /home/tom/.jdks/temurin-17.0.15/lib/libjdwp.so
736adb419000-736adb41a000 rw-p 00000000 00:00 0 
736adb41a000-736adb41e000 ---p 00000000 00:00 0 
736adb41e000-736adb51a000 rw-p 00000000 00:00 0 
736adb51a000-736adb51b000 r--p 00000000 00:28 57049                      /usr/lib64/libm.so.6
736adb51b000-736adb594000 r-xp 00001000 00:28 57049                      /usr/lib64/libm.so.6
736adb594000-736adb5fe000 r--p 0007a000 00:28 57049                      /usr/lib64/libm.so.6
736adb5fe000-736adb5ff000 r--p 000e3000 00:28 57049                      /usr/lib64/libm.so.6
736adb5ff000-736adb600000 rw-p 000e4000 00:28 57049                      /usr/lib64/libm.so.6
736adb600000-736adb853000 r--p 00000000 00:28 1033234                    /home/tom/.jdks/temurin-17.0.15/lib/server/libjvm.so
736adb853000-736adc57c000 r-xp 00253000 00:28 1033234                    /home/tom/.jdks/temurin-17.0.15/lib/server/libjvm.so
736adc57c000-736adc809000 r--p 00f7c000 00:28 1033234                    /home/tom/.jdks/temurin-17.0.15/lib/server/libjvm.so
736adc809000-736adc80a000 ---p 01209000 00:28 1033234                    /home/tom/.jdks/temurin-17.0.15/lib/server/libjvm.so
736adc80a000-736adc8c3000 r--p 01209000 00:28 1033234                    /home/tom/.jdks/temurin-17.0.15/lib/server/libjvm.so
736adc8c3000-736adc8f8000 rw-p 012c2000 00:28 1033234                    /home/tom/.jdks/temurin-17.0.15/lib/server/libjvm.so
736adc8f8000-736adc953000 rw-p 00000000 00:00 0 
736adc953000-736adc954000 rw-s 00000000 00:06 1027                       /dev/nvidia0
736adc954000-736adc955000 rw-s 00000000 00:06 1025                       /dev/nvidiactl
736adc955000-736adc956000 rw-s 00000000 00:06 1025                       /dev/nvidiactl
736adc956000-736adc957000 r--s 00000000 00:06 1025                       /dev/nvidiactl
736adc957000-736adc95e000 r--s 0010e000 00:28 186164                     /home/tom/Documents/idea-IC-243.26053.27/plugins/java/lib/rt/debugger-agent.jar
736adc95e000-736adc966000 rw-s 00000000 00:33 419                        /tmp/hsperfdata_tom/43971
736adc966000-736adc968000 r--p 00000000 00:28 1033188                    /home/tom/.jdks/temurin-17.0.15/lib/libinstrument.so
736adc968000-736adc96e000 r-xp 00002000 00:28 1033188                    /home/tom/.jdks/temurin-17.0.15/lib/libinstrument.so
736adc96e000-736adc971000 r--p 00008000 00:28 1033188                    /home/tom/.jdks/temurin-17.0.15/lib/libinstrument.so
736adc971000-736adc972000 r--p 0000a000 00:28 1033188                    /home/tom/.jdks/temurin-17.0.15/lib/libinstrument.so
736adc972000-736adc973000 rw-p 0000b000 00:28 1033188                    /home/tom/.jdks/temurin-17.0.15/lib/libinstrument.so
736adc973000-736adc974000 ---p 00000000 00:00 0 
736adc974000-736adc975000 r--p 00000000 00:00 0 
736adc975000-736adc976000 r--p 00000000 00:28 57426                      /usr/lib64/librt.so.1
736adc976000-736adc977000 r-xp 00001000 00:28 57426                      /usr/lib64/librt.so.1
736adc977000-736adc978000 r--p 00002000 00:28 57426                      /usr/lib64/librt.so.1
736adc978000-736adc979000 r--p 00002000 00:28 57426                      /usr/lib64/librt.so.1
736adc979000-736adc97c000 rw-p 00000000 00:00 0 
736adc97c000-736adc97d000 r--p 00000000 00:28 56480                      /usr/lib64/libc.so.6
736adc97d000-736adcaec000 r-xp 00001000 00:28 56480                      /usr/lib64/libc.so.6
736adcaec000-736adcb61000 r--p 00170000 00:28 56480                      /usr/lib64/libc.so.6
736adcb61000-736adcb65000 r--p 001e5000 00:28 56480                      /usr/lib64/libc.so.6
736adcb65000-736adcb67000 rw-p 001e9000 00:28 56480                      /usr/lib64/libc.so.6
736adcb67000-736adcb6f000 rw-p 00000000 00:00 0 
736adcb6f000-736adcb70000 r--p 00000000 00:28 56581                      /usr/lib64/libdl.so.2
736adcb70000-736adcb71000 r-xp 00001000 00:28 56581                      /usr/lib64/libdl.so.2
736adcb71000-736adcb72000 r--p 00002000 00:28 56581                      /usr/lib64/libdl.so.2
736adcb72000-736adcb73000 r--p 00002000 00:28 56581                      /usr/lib64/libdl.so.2
736adcb73000-736adcb74000 rw-p 00000000 00:00 0 
736adcb74000-736adcb75000 r--p 00000000 00:28 57375                      /usr/lib64/libpthread.so.0
736adcb75000-736adcb76000 r-xp 00001000 00:28 57375                      /usr/lib64/libpthread.so.0
736adcb76000-736adcb77000 r--p 00002000 00:28 57375                      /usr/lib64/libpthread.so.0
736adcb77000-736adcb78000 r--p 00002000 00:28 57375                      /usr/lib64/libpthread.so.0
736adcb78000-736adcb79000 rw-p 00000000 00:00 0 
736adcb79000-736adcb7a000 ---p 00000000 00:00 0 
736adcb7a000-736adcb7e000 r--p 00000000 00:28 1033217                    /home/tom/.jdks/temurin-17.0.15/lib/libjimage.so
736adcb7e000-736adcb91000 r-xp 00004000 00:28 1033217                    /home/tom/.jdks/temurin-17.0.15/lib/libjimage.so
736adcb91000-736adcb97000 r--p 00017000 00:28 1033217                    /home/tom/.jdks/temurin-17.0.15/lib/libjimage.so
736adcb97000-736adcb99000 r--p 0001c000 00:28 1033217                    /home/tom/.jdks/temurin-17.0.15/lib/libjimage.so
736adcb99000-736adcb9a000 rw-p 0001e000 00:28 1033217                    /home/tom/.jdks/temurin-17.0.15/lib/libjimage.so
736adcb9a000-736adcb9d000 r--p 00000000 00:28 1033190                    /home/tom/.jdks/temurin-17.0.15/lib/libjli.so
736adcb9d000-736adcbad000 r-xp 00003000 00:28 1033190                    /home/tom/.jdks/temurin-17.0.15/lib/libjli.so
736adcbad000-736adcbb4000 r--p 00013000 00:28 1033190                    /home/tom/.jdks/temurin-17.0.15/lib/libjli.so
736adcbb4000-736adcbb5000 r--p 00019000 00:28 1033190                    /home/tom/.jdks/temurin-17.0.15/lib/libjli.so
736adcbb5000-736adcbb6000 rw-p 0001a000 00:28 1033190                    /home/tom/.jdks/temurin-17.0.15/lib/libjli.so
736adcbb6000-736adcbb8000 rw-p 00000000 00:00 0 
736adcbb8000-736adcbba000 r--p 00000000 00:00 0                          [vvar]
736adcbba000-736adcbbc000 r--p 00000000 00:00 0                          [vvar_vclock]
736adcbbc000-736adcbbe000 r-xp 00000000 00:00 0                          [vdso]
736adcbbe000-736adcbbf000 r--p 00000000 00:28 55890                      /usr/lib64/ld-linux-x86-64.so.2
736adcbbf000-736adcbe8000 r-xp 00001000 00:28 55890                      /usr/lib64/ld-linux-x86-64.so.2
736adcbe8000-736adcbf3000 r--p 0002a000 00:28 55890                      /usr/lib64/ld-linux-x86-64.so.2
736adcbf3000-736adcbf5000 r--p 00035000 00:28 55890                      /usr/lib64/ld-linux-x86-64.so.2
736adcbf5000-736adcbf7000 rw-p 00037000 00:28 55890                      /usr/lib64/ld-linux-x86-64.so.2
7ffe6e1e9000-7ffe6e20b000 rw-p 00000000 00:00 0                          [stack]
ffffffffff600000-ffffffffff601000 --xp 00000000 00:00 0                  [vsyscall]


VM Arguments:
jvm_args: -Ddebugger.agent.enable.coroutines=true -Dkotlinx.coroutines.debug.enable.creation.stack.trace=false -Dkotlinx.coroutines.debug.enable.flows.stack.trace=true -Dkotlinx.coroutines.debug.enable.mutable.state.flows.stack.trace=true -agentlib:jdwp=transport=dt_socket,server=n,suspend=y,address=127.0.0.1:43991 -javaagent:/home/tom/Documents/idea-IC-243.26053.27/plugins/java/lib/rt/debugger-agent.jar -Dfile.encoding=UTF-8 -Duser.country=GB -Duser.language=en -Duser.variant 
java_command: Main
java_class_path (initial): /home/tom/Documents/GitHub/OpenWorldEngine/build/classes/java/main:/home/tom/Documents/GitHub/OpenWorldEngine/build/resources/main:/home/tom/.gradle/caches/modules-2/files-2.1/uk.co.electronstudio.jaylib/jaylib/5.5.0-2/f2131af8a2b69fa2333d92510f15f0d5fab72636/jaylib-5.5.0-2.jar
Launcher Type: SUN_STANDARD

[Global flags]
     intx CICompilerCount                          = 4                                         {product} {ergonomic}
     uint ConcGCThreads                            = 2                                         {product} {ergonomic}
     uint G1ConcRefinementThreads                  = 8                                         {product} {ergonomic}
   size_t G1HeapRegionSize                         = 2097152                                   {product} {ergonomic}
    uintx GCDrainStackTargetSize                   = 64                                        {product} {ergonomic}
   size_t InitialHeapSize                          = 260046848                                 {product} {ergonomic}
   size_t MarkStackSize                            = 4194304                                   {product} {ergonomic}
   size_t MaxHeapSize                              = 4139778048                                {product} {ergonomic}
   size_t MaxNewSize                               = 2483027968                                {product} {ergonomic}
   size_t MinHeapDeltaBytes                        = 2097152                                   {product} {ergonomic}
   size_t MinHeapSize                              = 8388608                                   {product} {ergonomic}
    uintx NonNMethodCodeHeapSize                   = 5839372                                {pd product} {ergonomic}
    uintx NonProfiledCodeHeapSize                  = 122909434                              {pd product} {ergonomic}
    uintx ProfiledCodeHeapSize                     = 122909434                              {pd product} {ergonomic}
    uintx ReservedCodeCacheSize                    = 251658240                              {pd product} {ergonomic}
     bool SegmentedCodeCache                       = true                                      {product} {ergonomic}
   size_t SoftMaxHeapSize                          = 4139778048                             {manageable} {ergonomic}
     bool UseCompressedClassPointers               = true                           {product lp64_product} {ergonomic}
     bool UseCompressedOops                        = true                           {product lp64_product} {ergonomic}
     bool UseG1GC                                  = true                                      {product} {ergonomic}

Logging:
Log output configuration:
 #0: stdout all=warning uptime,level,tags
 #1: stderr all=off uptime,level,tags

Environment Variables:
PATH=/tmp/.mount_osu.Ap7R3etJ/usr/bin/:/home/tom/.local/bin:/home/tom/bin:/usr/local/bin:/usr/bin:/bin:/usr/local/sbin:/usr/sbin:/sbin:/home/tom/.dotnet/tools
SHELL=/bin/bash
DISPLAY=:0
LANG=en_GB.utf8
LC_NUMERIC=en_GB.utf8
LC_TIME=en_GB.utf8

Active Locale:
LC_ALL=en_GB.utf8
LC_COLLATE=en_GB.utf8
LC_CTYPE=en_GB.utf8
LC_MESSAGES=en_GB.utf8
LC_MONETARY=en_GB.utf8
LC_NUMERIC=en_GB.utf8
LC_TIME=en_GB.utf8

Signal Handlers:
   SIGSEGV: crash_handler in libjvm.so, mask=11100100010111111101111111111110, flags=SA_RESTART|SA_SIGINFO, unblocked
    SIGBUS: crash_handler in libjvm.so, mask=11100100010111111101111111111110, flags=SA_RESTART|SA_SIGINFO, unblocked
    SIGFPE: crash_handler in libjvm.so, mask=11100100010111111101111111111110, flags=SA_RESTART|SA_SIGINFO, unblocked
   SIGPIPE: javaSignalHandler in libjvm.so, mask=11100100010111111101111111111110, flags=SA_RESTART|SA_SIGINFO, blocked
   SIGXFSZ: javaSignalHandler in libjvm.so, mask=11100100010111111101111111111110, flags=SA_RESTART|SA_SIGINFO, blocked
    SIGILL: crash_handler in libjvm.so, mask=11100100010111111101111111111110, flags=SA_RESTART|SA_SIGINFO, unblocked
   SIGUSR2: SR_handler in libjvm.so, mask=00100000000000000000000000000000, flags=SA_RESTART|SA_SIGINFO, blocked
    SIGHUP: UserHandler in libjvm.so, mask=11100100010111111101111111111110, flags=SA_RESTART|SA_SIGINFO, blocked
    SIGINT: UserHandler in libjvm.so, mask=11100100010111111101111111111110, flags=SA_RESTART|SA_SIGINFO, blocked
   SIGTERM: UserHandler in libjvm.so, mask=11100100010111111101111111111110, flags=SA_RESTART|SA_SIGINFO, blocked
   SIGQUIT: UserHandler in libjvm.so, mask=11100100010111111101111111111110, flags=SA_RESTART|SA_SIGINFO, blocked
   SIGTRAP: crash_handler in libjvm.so, mask=11100100010111111101111111111110, flags=SA_RESTART|SA_SIGINFO, unblocked


Periodic native trim disabled


---------------  S Y S T E M  ---------------

OS:
Nobara release 41 (Forty One)
uname: Linux 6.13.5-200.nobara.fc41.x86_64 #1 SMP PREEMPT_DYNAMIC Thu Feb 27 18:52:39 UTC 2025 x86_64
OS uptime: 0 days 7:57 hours
libc: glibc 2.40 NPTL 2.40 
rlimit (soft/hard): STACK 8192k/infinity , CORE infinity/infinity , NPROC 62306/62306 , NOFILE 1048576/1048576 , AS infinity/infinity , CPU infinity/infinity , DATA infinity/infinity , FSIZE infinity/infinity , MEMLOCK 8192k/8192k
load average: 1.15 1.16 0.99

/proc/meminfo:
MemTotal:       16167600 kB
MemFree:         1633860 kB
MemAvailable:    8558980 kB
Buffers:            3608 kB
Cached:          7152128 kB
SwapCached:            0 kB
Active:          8467944 kB
Inactive:        4905648 kB
Active(anon):    6314624 kB
Inactive(anon):    17624 kB
Active(file):    2153320 kB
Inactive(file):  4888024 kB
Unevictable:         152 kB
Mlocked:             152 kB
SwapTotal:      26172312 kB
SwapFree:       26172056 kB
Zswap:                 0 kB
Zswapped:              0 kB
Dirty:              1584 kB
Writeback:             0 kB
AnonPages:       6132384 kB
Mapped:          2483560 kB
Shmem:            114436 kB
KReclaimable:     220404 kB
Slab:             428800 kB
SReclaimable:     220404 kB
SUnreclaim:       208396 kB
KernelStack:       23712 kB
PageTables:        49980 kB
SecPageTables:      5284 kB
NFS_Unstable:          0 kB
Bounce:                0 kB
WritebackTmp:          0 kB
CommitLimit:    34256112 kB
Committed_AS:   15782380 kB
VmallocTotal:   34359738367 kB
VmallocUsed:      137244 kB
VmallocChunk:          0 kB
Percpu:             8768 kB
HardwareCorrupted:     0 kB
AnonHugePages:   3106816 kB
ShmemHugePages:        0 kB
ShmemPmdMapped:        0 kB
FileHugePages:   2650112 kB
FilePmdMapped:   1200128 kB
CmaTotal:              0 kB
CmaFree:               0 kB
Unaccepted:            0 kB
HugePages_Total:       0
HugePages_Free:        0
HugePages_Rsvd:        0
HugePages_Surp:        0
Hugepagesize:       2048 kB
Hugetlb:               0 kB
DirectMap4k:     1393592 kB
DirectMap2M:    13078528 kB
DirectMap1G:     2097152 kB

/sys/kernel/mm/transparent_hugepage/enabled: [always] madvise never
/sys/kernel/mm/transparent_hugepage/hpage_pmd_size: 2097152
/sys/kernel/mm/transparent_hugepage/defrag (defrag/compaction efforts parameter): always defer [defer+madvise] madvise never

Process Memory:
Virtual Size: 7655352K (peak: 7655352K)
Resident Set Size: 178844K (peak: 178844K) (anon: 67200K, file: 111644K, shmem: 0K)
Swapped out: 0K
C-Heap outstanding allocations: 45130K, retained: 2785K
glibc malloc tunables: (default)

/proc/sys/kernel/threads-max (system-wide limit on the number of threads): 124612
/proc/sys/vm/max_map_count (maximum number of memory map areas a process may have): 16777216
/proc/sys/vm/swappiness (control to define how aggressively the kernel swaps out anonymous memory): 100
/proc/sys/kernel/pid_max (system-wide limit on number of process identifiers): 4194304

container information not found.
Steal ticks since vm start: 0
Steal ticks percentage since vm start:  0.000

CPU: total 8 (initial active 8) (8 cores per cpu, 2 threads per core) family 23 model 96 stepping 1 microcode 0x860010d, cx8, cmov, fxsr, ht, mmx, 3dnowpref, sse, sse2, sse3, ssse3, sse4a, sse4.1, sse4.2, popcnt, lzcnt, tsc, tscinvbit, avx, avx2, aes, clmul, bmi1, bmi2, adx, sha, fma, vzeroupper, clflush, clflushopt
CPU Model and flags from /proc/cpuinfo:
model name	: AMD Ryzen 3 4100 4-Core Processor
flags		: fpu vme de pse tsc msr pae mce cx8 apic sep mtrr pge mca cmov pat pse36 clflush mmx fxsr sse sse2 ht syscall nx mmxext fxsr_opt pdpe1gb rdtscp lm constant_tsc rep_good nopl xtopology nonstop_tsc cpuid extd_apicid aperfmperf rapl pni pclmulqdq monitor ssse3 fma cx16 sse4_1 sse4_2 x2apic movbe popcnt aes xsave avx f16c rdrand lahf_lm cmp_legacy svm extapic cr8_legacy abm sse4a misalignsse 3dnowprefetch osvw ibs skinit wdt tce topoext perfctr_core perfctr_nb bpext perfctr_llc mwaitx cpb cat_l3 cdp_l3 hw_pstate ssbd mba ibrs ibpb stibp vmmcall fsgsbase bmi1 avx2 smep bmi2 cqm rdt_a rdseed adx smap clflushopt clwb sha_ni xsaveopt xsavec xgetbv1 cqm_llc cqm_occup_llc cqm_mbm_total cqm_mbm_local clzero irperf xsaveerptr rdpru wbnoinvd cppc arat npt lbrv svm_lock nrip_save tsc_scale vmcb_clean flushbyasid decodeassists pausefilter pfthreshold avic v_vmsave_vmload vgif v_spec_ctrl umip rdpid overflow_recov succor smca

Online cpus: 0-7
Offline cpus: 
BIOS frequency limitation: <Not Available>
Frequency switch latency (ns): 0
Available cpu frequencies: <Not Available>
Current governor: powersave
Core performance/turbo boost: 1

Memory: 4k page, physical 16167600k(1633860k free), swap 26172312k(26172056k free)
Page Sizes: 4k

vm_info: OpenJDK 64-Bit Server VM (17.0.15+6) for linux-amd64 JRE (17.0.15+6), built on Apr 15 2025 00:00:00 by "admin" with gcc 10.3.0

END.
