#
# A fatal error has been detected by the Java Runtime Environment:
#
#  SIGSEGV (0xb) at pc=0x00007b4c49a8bb29, pid=44080, tid=44109
#
# JRE version: OpenJDK Runtime Environment Temurin-17.0.15+6 (17.0.15+6) (build 17.0.15+6)
# Java VM: OpenJDK 64-Bit Server VM Temurin-17.0.15+6 (17.0.15+6, mixed mode, sharing, tiered, compressed oops, compressed class ptrs, g1 gc, linux-amd64)
# Problematic frame:
# C  [libGLdispatch.so.0+0x5b29]
#
# Core dump will be written. Default location: Core dumps may be processed with "/usr/lib/systemd/systemd-coredump %P %u %g %s %t %c %h" (or dumping to /home/tom/Documents/GitHub/OpenWorldEngine/core.44080)
#
# If you would like to submit a bug report, please visit:
#   https://github.com/adoptium/adoptium-support/issues
# The crash happened outside the Java Virtual Machine in native code.
# See problematic frame for where to report the bug.
#

---------------  S U M M A R Y ------------

Command Line: -Ddebugger.agent.enable.coroutines=true -Dkotlinx.coroutines.debug.enable.creation.stack.trace=false -Dkotlinx.coroutines.debug.enable.flows.stack.trace=true -Dkotlinx.coroutines.debug.enable.mutable.state.flows.stack.trace=true -agentlib:jdwp=transport=dt_socket,server=n,suspend=y,address=127.0.0.1:41453 -javaagent:/home/tom/Documents/idea-IC-243.26053.27/plugins/java/lib/rt/debugger-agent.jar -Dfile.encoding=UTF-8 -Duser.country=GB -Duser.language=en -Duser.variant Main

Host: AMD Ryzen 3 4100 4-Core Processor, 8 cores, 15G, Nobara release 41 (Forty One)
Time: Tue Jun  3 17:51:46 2025 BST elapsed time: 0.429520 seconds (0d 0h 0m 0s)

---------------  T H R E A D  ---------------

Current thread (0x00007b4c890af100):  JavaThread "Thread-1" [_thread_in_native, id=44109, stack(0x00007b4c49b00000,0x00007b4c49c00000)]

Stack: [0x00007b4c49b00000,0x00007b4c49c00000],  sp=0x00007b4c49bfe588,  free space=1017k
Native frames: (J=compiled Java code, j=interpreted, Vv=VM code, C=native code)
C  [libGLdispatch.so.0+0x5b29]

Java frames: (J=compiled Java code, j=interpreted, Vv=VM code)
j  com.raylib.Raylib.LoadTexture(Ljava/lang/String;)Lcom/raylib/Raylib$Texture;+0
j  dev.spruce.game.assets.managers.TileTextureManager.<init>()V+33
j  dev.spruce.game.assets.Assets.<init>()V+9
j  dev.spruce.game.assets.Assets.getInstance()Ldev/spruce/game/assets/Assets;+10
j  dev.spruce.game.sound.SoundPlayer.run()V+0
j  java.lang.Thread.run()V+11 java.base@17.0.15
v  ~StubRoutines::call_stub

siginfo: si_signo: 11 (SIGSEGV), si_code: 1 (SEGV_MAPERR), si_addr: 0x0000000000000998

Registers:
RAX=0x0000000000000000, RBX=0x0000000000000020, RCX=0x0000000000000004, RDX=0x0000000000000020
RSP=0x00007b4c49bfe588, RBP=0x0000000000000001, RSI=0x0000000000000000, RDI=0x0000000000000de1
R8 =0x0000000000000001, R9 =0x0000000000000007, R10=0x00007b4bb00049e0, R11=0x84a2db79c6189b8a
R12=0x00007b4c49bfe690, R13=0x0000000000000004, R14=0x0000000000000004, R15=0x00007b4c890af100
RIP=0x00007b4c49a8bb29, EFLAGS=0x0000000000010246, CSGSFS=0x002b000000000033, ERR=0x0000000000000004
  TRAPNO=0x000000000000000e

XMM[0]=0x0000000000000000 0x00007b4c8858eb40
XMM[1]=0x0000002000000020 0x00007b4bb0006560
XMM[2]=0xffffffffffff0000 0x0000000000000000
XMM[3]=0xffffffffffff0000 0x0000000000000000
XMM[4]=0x0000000000000000 0x00007b4bb0000090
XMM[5]=0x1680c153e04af389 0x05881fcaf6e0e80c
XMM[6]=0x00007b4bb0004aac 0x00007b4bb00049e0
XMM[7]=0x2e2e2e2e2e2e2e2e 0x2e2e2e2e2e2e2e2e
XMM[8]=0x0500000001000c00 0x00000e0000000d00
XMM[9]=0x0000000000000000 0x0000000000000000
XMM[10]=0x0000000000000000 0x3f3f3f3f3f3f3f3f
XMM[11]=0x0000000000000000 0x9999999999999999
XMM[12]=0x0000000000000000 0x2020202020202020
XMM[13]=0x0000000000000000 0x000000003acccccd
XMM[14]=0x0000000000000000 0x000000003acccccd
XMM[15]=0x0000000000000000 0x0000000000000000
  MXCSR=0x00001fa0


Register to memory mapping:

RAX=0x0 is NULL
RBX=0x0000000000000020 is an unknown value
RCX=0x0000000000000004 is an unknown value
RDX=0x0000000000000020 is an unknown value
RSP=0x00007b4c49bfe588 is pointing into the stack for thread: 0x00007b4c890af100
RBP=0x0000000000000001 is an unknown value
RSI=0x0 is NULL
RDI=0x0000000000000de1 is an unknown value
R8 =0x0000000000000001 is an unknown value
R9 =0x0000000000000007 is an unknown value
R10=0x00007b4bb00049e0 points into unknown readable memory: 0x00000007b4bb0004 | 04 00 bb b4 07 00 00 00
R11=0x84a2db79c6189b8a is an unknown value
R12=0x00007b4c49bfe690 is pointing into the stack for thread: 0x00007b4c890af100
R13=0x0000000000000004 is an unknown value
R14=0x0000000000000004 is an unknown value
R15=0x00007b4c890af100 is a thread


Top of Stack: (sp=0x00007b4c49bfe588)
0x00007b4c49bfe588:   00007b4c49de749f 00007b4c49bfe5e0
0x00007b4c49bfe598:   00007b4bb0006560 0000000000000001
0x00007b4c49bfe5a8:   00007b4bb0005810 00007b4bb00049e0
0x00007b4c49bfe5b8:   00007b4c49bfe640 00007b4bb0005810
0x00007b4c49bfe5c8:   0000002000000020 0000000000000000
0x00007b4c49bfe5d8:   00007b4bb00049d0 00007b4c49bfe620
0x00007b4c49bfe5e8:   00007b4c8df2500e 00007b4bb0006560
0x00007b4c49bfe5f8:   9c1847b119e66200 0000000400000001
0x00007b4c49bfe608:   0000000000000020 0000000000000001
0x00007b4c49bfe618:   00007b4c49bfe690 0000000000000020
0x00007b4c49bfe628:   0000000000000004 00007b4c890af100
0x00007b4c49bfe638:   00007b4c49ea9ffd 00007b4bb0005810
0x00007b4c49bfe648:   00007b4c49bfe750 00007b4bb0005810
0x00007b4c49bfe658:   00007b4bf742f378 00007b4c49bfe7d0
0x00007b4c49bfe668:   00007b4c49eaa057 00007b4bb0006560
0x00007b4c49bfe678:   0000002000000020 0000000400000001
0x00007b4c49bfe688:   00007b4c49eaa037 0000000000000000
0x00007b4c49bfe698:   0000000000000000 00007b4c00000000
0x00007b4c49bfe6a8:   0000000000000014 00007b4bb0006560
0x00007b4c49bfe6b8:   0000002000000020 0000000400000001
0x00007b4c49bfe6c8:   9c1847b119e66200 0000000000000000
0x00007b4c49bfe6d8:   00007b4c49cd88cf 00007b4c890af100
0x00007b4c49bfe6e8:   00007b4c49bfe7d0 00007b4c49bfe7c0
0x00007b4c49bfe6f8:   00007b4c890af3b0 0000000000000000
0x00007b4c49bfe708:   0000000000000000 00007b4bb00057e0
0x00007b4c49bfe718:   00007b4c890af100 00007b4c49bfe750
0x00007b4c49bfe728:   00007b4bf742f380 0000000000000000
0x00007b4c49bfe738:   9c1847b119e66200 00007b4bf742f380
0x00007b4c49bfe748:   0000000000000000 00007b4c49bfe7b0
0x00007b4c49bfe758:   00007b4c6a9479c7 00007b4c6a947416
0x00007b4c49bfe768:   00007b4c49bfe768 00007b4bf742f378
0x00007b4c49bfe778:   00007b4c49bfe7d0 00007b4bf7459d08 

Instructions: (pc=0x00007b4c49a8bb29)
0x00007b4c49a8ba29:   ff a0 f0 2e 00 00 41 ff a3 88 02 00 00 66 2e 0f
0x00007b4c49a8ba39:   1f 84 00 00 00 00 00 64 48 8b 04 25 10 ff ff ff
0x00007b4c49a8ba49:   ff a0 70 16 00 00 41 ff a3 90 02 00 00 66 2e 0f
0x00007b4c49a8ba59:   1f 84 00 00 00 00 00 64 48 8b 04 25 10 ff ff ff
0x00007b4c49a8ba69:   ff a0 20 2f 00 00 41 ff a3 98 02 00 00 66 2e 0f
0x00007b4c49a8ba79:   1f 84 00 00 00 00 00 64 48 8b 04 25 10 ff ff ff
0x00007b4c49a8ba89:   ff a0 70 16 00 00 41 ff a3 a0 02 00 00 66 2e 0f
0x00007b4c49a8ba99:   1f 84 00 00 00 00 00 64 48 8b 04 25 10 ff ff ff
0x00007b4c49a8baa9:   ff a0 e0 18 00 00 41 ff a3 a8 02 00 00 66 2e 0f
0x00007b4c49a8bab9:   1f 84 00 00 00 00 00 64 48 8b 04 25 10 ff ff ff
0x00007b4c49a8bac9:   ff a0 90 1e 00 00 41 ff a3 b0 02 00 00 66 2e 0f
0x00007b4c49a8bad9:   1f 84 00 00 00 00 00 64 48 8b 04 25 10 ff ff ff
0x00007b4c49a8bae9:   ff a0 18 3d 00 00 41 ff a3 b8 02 00 00 66 2e 0f
0x00007b4c49a8baf9:   1f 84 00 00 00 00 00 f3 0f 1e fa 48 8b 05 a5 a4
0x00007b4c49a8bb09:   06 00 64 4c 8b 18 41 ff a3 c0 02 00 00 66 2e 0f
0x00007b4c49a8bb19:   1f 84 00 00 00 00 00 64 48 8b 04 25 10 ff ff ff
0x00007b4c49a8bb29:   ff a0 98 09 00 00 41 ff a3 c8 02 00 00 66 2e 0f
0x00007b4c49a8bb39:   1f 84 00 00 00 00 00 64 48 8b 04 25 10 ff ff ff
0x00007b4c49a8bb49:   ff a0 98 09 00 00 41 ff a3 d0 02 00 00 66 2e 0f
0x00007b4c49a8bb59:   1f 84 00 00 00 00 00 64 48 8b 04 25 10 ff ff ff
0x00007b4c49a8bb69:   ff a0 c8 20 00 00 41 ff a3 d8 02 00 00 66 2e 0f
0x00007b4c49a8bb79:   1f 84 00 00 00 00 00 f3 0f 1e fa 48 8b 05 25 a4
0x00007b4c49a8bb89:   06 00 64 4c 8b 18 41 ff a3 e0 02 00 00 66 2e 0f
0x00007b4c49a8bb99:   1f 84 00 00 00 00 00 64 48 8b 04 25 10 ff ff ff
0x00007b4c49a8bba9:   ff a0 88 1e 00 00 41 ff a3 e8 02 00 00 66 2e 0f
0x00007b4c49a8bbb9:   1f 84 00 00 00 00 00 64 48 8b 04 25 10 ff ff ff
0x00007b4c49a8bbc9:   ff a0 18 1a 00 00 41 ff a3 f0 02 00 00 66 2e 0f
0x00007b4c49a8bbd9:   1f 84 00 00 00 00 00 64 48 8b 04 25 10 ff ff ff
0x00007b4c49a8bbe9:   ff a0 88 2f 00 00 41 ff a3 f8 02 00 00 66 2e 0f
0x00007b4c49a8bbf9:   1f 84 00 00 00 00 00 64 48 8b 04 25 10 ff ff ff
0x00007b4c49a8bc09:   ff a0 88 2f 00 00 41 ff a3 00 03 00 00 66 2e 0f
0x00007b4c49a8bc19:   1f 84 00 00 00 00 00 64 48 8b 04 25 10 ff ff ff 


Stack slot to memory mapping:
stack at sp + 0 slots: 0x00007b4c49de749f: rlLoadTexture+0x000000000000004f in /home/tom/.javacpp/cache/jaylib-5.5.0-2.jar/com/raylib/linux-x86_64/libjniRaylib.so at 0x00007b4c49c00000
stack at sp + 1 slots: 0x00007b4c49bfe5e0 is pointing into the stack for thread: 0x00007b4c890af100
stack at sp + 2 slots: 0x00007b4bb0006560 points into unknown readable memory: 0x6800226800226800 | 00 68 22 00 68 22 00 68
stack at sp + 3 slots: 0x0000000000000001 is an unknown value
stack at sp + 4 slots: 0x00007b4bb0005810 points into unknown readable memory: 0x00000007b4bb0005 | 05 00 bb b4 07 00 00 00
stack at sp + 5 slots: 0x00007b4bb00049e0 points into unknown readable memory: 0x00000007b4bb0004 | 04 00 bb b4 07 00 00 00
stack at sp + 6 slots: 0x00007b4c49bfe640 is pointing into the stack for thread: 0x00007b4c890af100
stack at sp + 7 slots: 0x00007b4bb0005810 points into unknown readable memory: 0x00000007b4bb0005 | 05 00 bb b4 07 00 00 00


---------------  P R O C E S S  ---------------

Threads class SMR info:
_java_thread_list=0x00007b4c890abb30, length=16, elements={
0x00007b4c8802e170, 0x00007b4c88190d30, 0x00007b4c88192110, 0x00007b4c881966b0,
0x00007b4c88197a60, 0x00007b4c88198e70, 0x00007b4c8819a820, 0x00007b4c8819bd50,
0x00007b4c881a51b0, 0x00007b4c881b07d0, 0x00007b4c881f4280, 0x00007b4c881f76c0,
0x00007b4bc8001130, 0x00007b4c8825a780, 0x00007b4c88551960, 0x00007b4c890af100
}

Java Threads: ( => current thread )
  0x00007b4c8802e170 JavaThread "main" [_thread_in_Java, id=44082, stack(0x00007b4c8c900000,0x00007b4c8ca00000)]
  0x00007b4c88190d30 JavaThread "Reference Handler" daemon [_thread_blocked, id=44089, stack(0x00007b4c5901d000,0x00007b4c5911d000)]
  0x00007b4c88192110 JavaThread "Finalizer" daemon [_thread_blocked, id=44090, stack(0x00007b4c58f1c000,0x00007b4c5901c000)]
  0x00007b4c881966b0 JavaThread "Signal Dispatcher" daemon [_thread_blocked, id=44091, stack(0x00007b4c58e1b000,0x00007b4c58f1b000)]
  0x00007b4c88197a60 JavaThread "Service Thread" daemon [_thread_blocked, id=44092, stack(0x00007b4c58d1a000,0x00007b4c58e1a000)]
  0x00007b4c88198e70 JavaThread "Monitor Deflation Thread" daemon [_thread_blocked, id=44093, stack(0x00007b4c58c19000,0x00007b4c58d19000)]
  0x00007b4c8819a820 JavaThread "C2 CompilerThread0" daemon [_thread_blocked, id=44094, stack(0x00007b4c58b18000,0x00007b4c58c18000)]
  0x00007b4c8819bd50 JavaThread "C1 CompilerThread0" daemon [_thread_in_native, id=44095, stack(0x00007b4c58a17000,0x00007b4c58b17000)]
  0x00007b4c881a51b0 JavaThread "Sweeper thread" daemon [_thread_blocked, id=44096, stack(0x00007b4c58916000,0x00007b4c58a16000)]
  0x00007b4c881b07d0 JavaThread "Common-Cleaner" daemon [_thread_blocked, id=44097, stack(0x00007b4c58815000,0x00007b4c58915000)]
  0x00007b4c881f4280 JavaThread "JDWP Transport Listener: dt_socket" daemon [_thread_blocked, id=44098, stack(0x00007b4c58714000,0x00007b4c58814000)]
  0x00007b4c881f76c0 JavaThread "JDWP Event Helper Thread" daemon [_thread_blocked, id=44101, stack(0x00007b4c58613000,0x00007b4c58713000)]
  0x00007b4bc8001130 JavaThread "JDWP Command Reader" daemon [_thread_in_native, id=44102, stack(0x00007b4c58512000,0x00007b4c58612000)]
  0x00007b4c8825a780 JavaThread "Notification Thread" daemon [_thread_blocked, id=44104, stack(0x00007b4c58411000,0x00007b4c58511000)]
  0x00007b4c88551960 JavaThread "JavaCPP Deallocator" daemon [_thread_blocked, id=44106, stack(0x00007b4c5802c000,0x00007b4c5812c000)]
=>0x00007b4c890af100 JavaThread "Thread-1" [_thread_in_native, id=44109, stack(0x00007b4c49b00000,0x00007b4c49c00000)]

Other Threads:
  0x00007b4c8818cc70 VMThread "VM Thread" [stack: 0x00007b4c5911e000,0x00007b4c5921e000] [id=44088]
  0x00007b4c8826bdb0 WatcherThread [stack: 0x00007b4c58310000,0x00007b4c58410000] [id=44105]
  0x00007b4c88099cb0 GCTaskThread "GC Thread#0" [stack: 0x00007b4c59f7d000,0x00007b4c5a07d000] [id=44083]
  0x00007b4c880aa980 ConcurrentGCThread "G1 Main Marker" [stack: 0x00007b4c59e7c000,0x00007b4c59f7c000] [id=44084]
  0x00007b4c880ab8f0 ConcurrentGCThread "G1 Conc#0" [stack: 0x00007b4c59d7b000,0x00007b4c59e7b000] [id=44085]
  0x00007b4c8815f290 ConcurrentGCThread "G1 Refine#0" [stack: 0x00007b4c59472000,0x00007b4c59572000] [id=44086]
  0x00007b4c88160190 ConcurrentGCThread "G1 Service" [stack: 0x00007b4c59371000,0x00007b4c59471000] [id=44087]

Threads with active compile tasks:
C1 CompilerThread0      441  763       3       org.bytedeco.javacpp.Pointer::access$000 (4 bytes)

VM state: not at safepoint (normal execution)

VM Mutex/Monitor currently owned by a thread:  ([mutex/lock_event])
[0x00007b4c88029b70] CodeCache_lock - owner thread: 0x00007b4c8819bd50
[0x00007b4c8802bee0] MethodData_lock - owner thread: 0x0000000000000000

Heap address: 0x0000000709400000, size: 3948 MB, Compressed Oops mode: Zero based, Oop shift amount: 3

CDS archive(s) mapped at: [0x00007b4bfb000000-0x00007b4bfbbc9000-0x00007b4bfbbc9000), size 12357632, SharedBaseAddress: 0x00007b4bfb000000, ArchiveRelocationMode: 1.
Compressed class space mapped at: 0x00007b4bfc000000-0x00007b4c3c000000, reserved size: 1073741824
Narrow klass base: 0x00007b4bfb000000, Narrow klass shift: 0, Narrow klass range: 0x100000000

GC Precious Log:
 CPUs: 8 total, 8 available
 Memory: 15788M
 Large Page Support: Disabled
 NUMA Support: Disabled
 Compressed Oops: Enabled (Zero based)
 Heap Region Size: 2M
 Heap Min Capacity: 8M
 Heap Initial Capacity: 248M
 Heap Max Capacity: 3948M
 Pre-touch: Disabled
 Parallel Workers: 8
 Concurrent Workers: 2
 Concurrent Refinement Workers: 8
 Periodic GC: Disabled

Heap:
 garbage-first heap   total 258048K, used 12212K [0x0000000709400000, 0x0000000800000000)
  region size 2048K, 6 young (12288K), 0 survivors (0K)
 Metaspace       used 5768K, committed 6016K, reserved 1114112K
  class space    used 522K, committed 640K, reserved 1048576K

Heap Regions: E=young(eden), S=young(survivor), O=old, HS=humongous(starts), HC=humongous(continues), CS=collection set, F=free, OA=open archive, CA=closed archive, TAMS=top-at-mark-start (previous, next)
|   0|0x0000000709400000, 0x0000000709400000, 0x0000000709600000|  0%| F|  |TAMS 0x0000000709400000, 0x0000000709400000| Untracked 
|   1|0x0000000709600000, 0x0000000709600000, 0x0000000709800000|  0%| F|  |TAMS 0x0000000709600000, 0x0000000709600000| Untracked 
|   2|0x0000000709800000, 0x0000000709800000, 0x0000000709a00000|  0%| F|  |TAMS 0x0000000709800000, 0x0000000709800000| Untracked 
|   3|0x0000000709a00000, 0x0000000709a00000, 0x0000000709c00000|  0%| F|  |TAMS 0x0000000709a00000, 0x0000000709a00000| Untracked 
|   4|0x0000000709c00000, 0x0000000709c00000, 0x0000000709e00000|  0%| F|  |TAMS 0x0000000709c00000, 0x0000000709c00000| Untracked 
|   5|0x0000000709e00000, 0x0000000709e00000, 0x000000070a000000|  0%| F|  |TAMS 0x0000000709e00000, 0x0000000709e00000| Untracked 
|   6|0x000000070a000000, 0x000000070a000000, 0x000000070a200000|  0%| F|  |TAMS 0x000000070a000000, 0x000000070a000000| Untracked 
|   7|0x000000070a200000, 0x000000070a200000, 0x000000070a400000|  0%| F|  |TAMS 0x000000070a200000, 0x000000070a200000| Untracked 
|   8|0x000000070a400000, 0x000000070a400000, 0x000000070a600000|  0%| F|  |TAMS 0x000000070a400000, 0x000000070a400000| Untracked 
|   9|0x000000070a600000, 0x000000070a600000, 0x000000070a800000|  0%| F|  |TAMS 0x000000070a600000, 0x000000070a600000| Untracked 
|  10|0x000000070a800000, 0x000000070a800000, 0x000000070aa00000|  0%| F|  |TAMS 0x000000070a800000, 0x000000070a800000| Untracked 
|  11|0x000000070aa00000, 0x000000070aa00000, 0x000000070ac00000|  0%| F|  |TAMS 0x000000070aa00000, 0x000000070aa00000| Untracked 
|  12|0x000000070ac00000, 0x000000070ac00000, 0x000000070ae00000|  0%| F|  |TAMS 0x000000070ac00000, 0x000000070ac00000| Untracked 
|  13|0x000000070ae00000, 0x000000070ae00000, 0x000000070b000000|  0%| F|  |TAMS 0x000000070ae00000, 0x000000070ae00000| Untracked 
|  14|0x000000070b000000, 0x000000070b000000, 0x000000070b200000|  0%| F|  |TAMS 0x000000070b000000, 0x000000070b000000| Untracked 
|  15|0x000000070b200000, 0x000000070b200000, 0x000000070b400000|  0%| F|  |TAMS 0x000000070b200000, 0x000000070b200000| Untracked 
|  16|0x000000070b400000, 0x000000070b400000, 0x000000070b600000|  0%| F|  |TAMS 0x000000070b400000, 0x000000070b400000| Untracked 
|  17|0x000000070b600000, 0x000000070b600000, 0x000000070b800000|  0%| F|  |TAMS 0x000000070b600000, 0x000000070b600000| Untracked 
|  18|0x000000070b800000, 0x000000070b800000, 0x000000070ba00000|  0%| F|  |TAMS 0x000000070b800000, 0x000000070b800000| Untracked 
|  19|0x000000070ba00000, 0x000000070ba00000, 0x000000070bc00000|  0%| F|  |TAMS 0x000000070ba00000, 0x000000070ba00000| Untracked 
|  20|0x000000070bc00000, 0x000000070bc00000, 0x000000070be00000|  0%| F|  |TAMS 0x000000070bc00000, 0x000000070bc00000| Untracked 
|  21|0x000000070be00000, 0x000000070be00000, 0x000000070c000000|  0%| F|  |TAMS 0x000000070be00000, 0x000000070be00000| Untracked 
|  22|0x000000070c000000, 0x000000070c000000, 0x000000070c200000|  0%| F|  |TAMS 0x000000070c000000, 0x000000070c000000| Untracked 
|  23|0x000000070c200000, 0x000000070c200000, 0x000000070c400000|  0%| F|  |TAMS 0x000000070c200000, 0x000000070c200000| Untracked 
|  24|0x000000070c400000, 0x000000070c400000, 0x000000070c600000|  0%| F|  |TAMS 0x000000070c400000, 0x000000070c400000| Untracked 
|  25|0x000000070c600000, 0x000000070c600000, 0x000000070c800000|  0%| F|  |TAMS 0x000000070c600000, 0x000000070c600000| Untracked 
|  26|0x000000070c800000, 0x000000070c800000, 0x000000070ca00000|  0%| F|  |TAMS 0x000000070c800000, 0x000000070c800000| Untracked 
|  27|0x000000070ca00000, 0x000000070ca00000, 0x000000070cc00000|  0%| F|  |TAMS 0x000000070ca00000, 0x000000070ca00000| Untracked 
|  28|0x000000070cc00000, 0x000000070cc00000, 0x000000070ce00000|  0%| F|  |TAMS 0x000000070cc00000, 0x000000070cc00000| Untracked 
|  29|0x000000070ce00000, 0x000000070ce00000, 0x000000070d000000|  0%| F|  |TAMS 0x000000070ce00000, 0x000000070ce00000| Untracked 
|  30|0x000000070d000000, 0x000000070d000000, 0x000000070d200000|  0%| F|  |TAMS 0x000000070d000000, 0x000000070d000000| Untracked 
|  31|0x000000070d200000, 0x000000070d200000, 0x000000070d400000|  0%| F|  |TAMS 0x000000070d200000, 0x000000070d200000| Untracked 
|  32|0x000000070d400000, 0x000000070d400000, 0x000000070d600000|  0%| F|  |TAMS 0x000000070d400000, 0x000000070d400000| Untracked 
|  33|0x000000070d600000, 0x000000070d600000, 0x000000070d800000|  0%| F|  |TAMS 0x000000070d600000, 0x000000070d600000| Untracked 
|  34|0x000000070d800000, 0x000000070d800000, 0x000000070da00000|  0%| F|  |TAMS 0x000000070d800000, 0x000000070d800000| Untracked 
|  35|0x000000070da00000, 0x000000070da00000, 0x000000070dc00000|  0%| F|  |TAMS 0x000000070da00000, 0x000000070da00000| Untracked 
|  36|0x000000070dc00000, 0x000000070dc00000, 0x000000070de00000|  0%| F|  |TAMS 0x000000070dc00000, 0x000000070dc00000| Untracked 
|  37|0x000000070de00000, 0x000000070de00000, 0x000000070e000000|  0%| F|  |TAMS 0x000000070de00000, 0x000000070de00000| Untracked 
|  38|0x000000070e000000, 0x000000070e000000, 0x000000070e200000|  0%| F|  |TAMS 0x000000070e000000, 0x000000070e000000| Untracked 
|  39|0x000000070e200000, 0x000000070e200000, 0x000000070e400000|  0%| F|  |TAMS 0x000000070e200000, 0x000000070e200000| Untracked 
|  40|0x000000070e400000, 0x000000070e400000, 0x000000070e600000|  0%| F|  |TAMS 0x000000070e400000, 0x000000070e400000| Untracked 
|  41|0x000000070e600000, 0x000000070e600000, 0x000000070e800000|  0%| F|  |TAMS 0x000000070e600000, 0x000000070e600000| Untracked 
|  42|0x000000070e800000, 0x000000070e800000, 0x000000070ea00000|  0%| F|  |TAMS 0x000000070e800000, 0x000000070e800000| Untracked 
|  43|0x000000070ea00000, 0x000000070ea00000, 0x000000070ec00000|  0%| F|  |TAMS 0x000000070ea00000, 0x000000070ea00000| Untracked 
|  44|0x000000070ec00000, 0x000000070ec00000, 0x000000070ee00000|  0%| F|  |TAMS 0x000000070ec00000, 0x000000070ec00000| Untracked 
|  45|0x000000070ee00000, 0x000000070ee00000, 0x000000070f000000|  0%| F|  |TAMS 0x000000070ee00000, 0x000000070ee00000| Untracked 
|  46|0x000000070f000000, 0x000000070f000000, 0x000000070f200000|  0%| F|  |TAMS 0x000000070f000000, 0x000000070f000000| Untracked 
|  47|0x000000070f200000, 0x000000070f200000, 0x000000070f400000|  0%| F|  |TAMS 0x000000070f200000, 0x000000070f200000| Untracked 
|  48|0x000000070f400000, 0x000000070f400000, 0x000000070f600000|  0%| F|  |TAMS 0x000000070f400000, 0x000000070f400000| Untracked 
|  49|0x000000070f600000, 0x000000070f600000, 0x000000070f800000|  0%| F|  |TAMS 0x000000070f600000, 0x000000070f600000| Untracked 
|  50|0x000000070f800000, 0x000000070f800000, 0x000000070fa00000|  0%| F|  |TAMS 0x000000070f800000, 0x000000070f800000| Untracked 
|  51|0x000000070fa00000, 0x000000070fa00000, 0x000000070fc00000|  0%| F|  |TAMS 0x000000070fa00000, 0x000000070fa00000| Untracked 
|  52|0x000000070fc00000, 0x000000070fc00000, 0x000000070fe00000|  0%| F|  |TAMS 0x000000070fc00000, 0x000000070fc00000| Untracked 
|  53|0x000000070fe00000, 0x000000070fe00000, 0x0000000710000000|  0%| F|  |TAMS 0x000000070fe00000, 0x000000070fe00000| Untracked 
|  54|0x0000000710000000, 0x0000000710000000, 0x0000000710200000|  0%| F|  |TAMS 0x0000000710000000, 0x0000000710000000| Untracked 
|  55|0x0000000710200000, 0x0000000710200000, 0x0000000710400000|  0%| F|  |TAMS 0x0000000710200000, 0x0000000710200000| Untracked 
|  56|0x0000000710400000, 0x0000000710400000, 0x0000000710600000|  0%| F|  |TAMS 0x0000000710400000, 0x0000000710400000| Untracked 
|  57|0x0000000710600000, 0x0000000710600000, 0x0000000710800000|  0%| F|  |TAMS 0x0000000710600000, 0x0000000710600000| Untracked 
|  58|0x0000000710800000, 0x0000000710800000, 0x0000000710a00000|  0%| F|  |TAMS 0x0000000710800000, 0x0000000710800000| Untracked 
|  59|0x0000000710a00000, 0x0000000710a00000, 0x0000000710c00000|  0%| F|  |TAMS 0x0000000710a00000, 0x0000000710a00000| Untracked 
|  60|0x0000000710c00000, 0x0000000710c00000, 0x0000000710e00000|  0%| F|  |TAMS 0x0000000710c00000, 0x0000000710c00000| Untracked 
|  61|0x0000000710e00000, 0x0000000710e00000, 0x0000000711000000|  0%| F|  |TAMS 0x0000000710e00000, 0x0000000710e00000| Untracked 
|  62|0x0000000711000000, 0x0000000711000000, 0x0000000711200000|  0%| F|  |TAMS 0x0000000711000000, 0x0000000711000000| Untracked 
|  63|0x0000000711200000, 0x0000000711200000, 0x0000000711400000|  0%| F|  |TAMS 0x0000000711200000, 0x0000000711200000| Untracked 
|  64|0x0000000711400000, 0x0000000711400000, 0x0000000711600000|  0%| F|  |TAMS 0x0000000711400000, 0x0000000711400000| Untracked 
|  65|0x0000000711600000, 0x0000000711600000, 0x0000000711800000|  0%| F|  |TAMS 0x0000000711600000, 0x0000000711600000| Untracked 
|  66|0x0000000711800000, 0x0000000711800000, 0x0000000711a00000|  0%| F|  |TAMS 0x0000000711800000, 0x0000000711800000| Untracked 
|  67|0x0000000711a00000, 0x0000000711a00000, 0x0000000711c00000|  0%| F|  |TAMS 0x0000000711a00000, 0x0000000711a00000| Untracked 
|  68|0x0000000711c00000, 0x0000000711c00000, 0x0000000711e00000|  0%| F|  |TAMS 0x0000000711c00000, 0x0000000711c00000| Untracked 
|  69|0x0000000711e00000, 0x0000000711e00000, 0x0000000712000000|  0%| F|  |TAMS 0x0000000711e00000, 0x0000000711e00000| Untracked 
|  70|0x0000000712000000, 0x0000000712000000, 0x0000000712200000|  0%| F|  |TAMS 0x0000000712000000, 0x0000000712000000| Untracked 
|  71|0x0000000712200000, 0x0000000712200000, 0x0000000712400000|  0%| F|  |TAMS 0x0000000712200000, 0x0000000712200000| Untracked 
|  72|0x0000000712400000, 0x0000000712400000, 0x0000000712600000|  0%| F|  |TAMS 0x0000000712400000, 0x0000000712400000| Untracked 
|  73|0x0000000712600000, 0x0000000712600000, 0x0000000712800000|  0%| F|  |TAMS 0x0000000712600000, 0x0000000712600000| Untracked 
|  74|0x0000000712800000, 0x0000000712800000, 0x0000000712a00000|  0%| F|  |TAMS 0x0000000712800000, 0x0000000712800000| Untracked 
|  75|0x0000000712a00000, 0x0000000712a00000, 0x0000000712c00000|  0%| F|  |TAMS 0x0000000712a00000, 0x0000000712a00000| Untracked 
|  76|0x0000000712c00000, 0x0000000712c00000, 0x0000000712e00000|  0%| F|  |TAMS 0x0000000712c00000, 0x0000000712c00000| Untracked 
|  77|0x0000000712e00000, 0x0000000712e00000, 0x0000000713000000|  0%| F|  |TAMS 0x0000000712e00000, 0x0000000712e00000| Untracked 
|  78|0x0000000713000000, 0x0000000713000000, 0x0000000713200000|  0%| F|  |TAMS 0x0000000713000000, 0x0000000713000000| Untracked 
|  79|0x0000000713200000, 0x0000000713200000, 0x0000000713400000|  0%| F|  |TAMS 0x0000000713200000, 0x0000000713200000| Untracked 
|  80|0x0000000713400000, 0x0000000713400000, 0x0000000713600000|  0%| F|  |TAMS 0x0000000713400000, 0x0000000713400000| Untracked 
|  81|0x0000000713600000, 0x0000000713600000, 0x0000000713800000|  0%| F|  |TAMS 0x0000000713600000, 0x0000000713600000| Untracked 
|  82|0x0000000713800000, 0x0000000713800000, 0x0000000713a00000|  0%| F|  |TAMS 0x0000000713800000, 0x0000000713800000| Untracked 
|  83|0x0000000713a00000, 0x0000000713a00000, 0x0000000713c00000|  0%| F|  |TAMS 0x0000000713a00000, 0x0000000713a00000| Untracked 
|  84|0x0000000713c00000, 0x0000000713c00000, 0x0000000713e00000|  0%| F|  |TAMS 0x0000000713c00000, 0x0000000713c00000| Untracked 
|  85|0x0000000713e00000, 0x0000000713e00000, 0x0000000714000000|  0%| F|  |TAMS 0x0000000713e00000, 0x0000000713e00000| Untracked 
|  86|0x0000000714000000, 0x0000000714000000, 0x0000000714200000|  0%| F|  |TAMS 0x0000000714000000, 0x0000000714000000| Untracked 
|  87|0x0000000714200000, 0x0000000714200000, 0x0000000714400000|  0%| F|  |TAMS 0x0000000714200000, 0x0000000714200000| Untracked 
|  88|0x0000000714400000, 0x0000000714400000, 0x0000000714600000|  0%| F|  |TAMS 0x0000000714400000, 0x0000000714400000| Untracked 
|  89|0x0000000714600000, 0x0000000714600000, 0x0000000714800000|  0%| F|  |TAMS 0x0000000714600000, 0x0000000714600000| Untracked 
|  90|0x0000000714800000, 0x0000000714800000, 0x0000000714a00000|  0%| F|  |TAMS 0x0000000714800000, 0x0000000714800000| Untracked 
|  91|0x0000000714a00000, 0x0000000714a00000, 0x0000000714c00000|  0%| F|  |TAMS 0x0000000714a00000, 0x0000000714a00000| Untracked 
|  92|0x0000000714c00000, 0x0000000714c00000, 0x0000000714e00000|  0%| F|  |TAMS 0x0000000714c00000, 0x0000000714c00000| Untracked 
|  93|0x0000000714e00000, 0x0000000714e00000, 0x0000000715000000|  0%| F|  |TAMS 0x0000000714e00000, 0x0000000714e00000| Untracked 
|  94|0x0000000715000000, 0x0000000715000000, 0x0000000715200000|  0%| F|  |TAMS 0x0000000715000000, 0x0000000715000000| Untracked 
|  95|0x0000000715200000, 0x0000000715200000, 0x0000000715400000|  0%| F|  |TAMS 0x0000000715200000, 0x0000000715200000| Untracked 
|  96|0x0000000715400000, 0x0000000715400000, 0x0000000715600000|  0%| F|  |TAMS 0x0000000715400000, 0x0000000715400000| Untracked 
|  97|0x0000000715600000, 0x0000000715600000, 0x0000000715800000|  0%| F|  |TAMS 0x0000000715600000, 0x0000000715600000| Untracked 
|  98|0x0000000715800000, 0x0000000715800000, 0x0000000715a00000|  0%| F|  |TAMS 0x0000000715800000, 0x0000000715800000| Untracked 
|  99|0x0000000715a00000, 0x0000000715a00000, 0x0000000715c00000|  0%| F|  |TAMS 0x0000000715a00000, 0x0000000715a00000| Untracked 
| 100|0x0000000715c00000, 0x0000000715c00000, 0x0000000715e00000|  0%| F|  |TAMS 0x0000000715c00000, 0x0000000715c00000| Untracked 
| 101|0x0000000715e00000, 0x0000000715e00000, 0x0000000716000000|  0%| F|  |TAMS 0x0000000715e00000, 0x0000000715e00000| Untracked 
| 102|0x0000000716000000, 0x0000000716000000, 0x0000000716200000|  0%| F|  |TAMS 0x0000000716000000, 0x0000000716000000| Untracked 
| 103|0x0000000716200000, 0x0000000716200000, 0x0000000716400000|  0%| F|  |TAMS 0x0000000716200000, 0x0000000716200000| Untracked 
| 104|0x0000000716400000, 0x0000000716400000, 0x0000000716600000|  0%| F|  |TAMS 0x0000000716400000, 0x0000000716400000| Untracked 
| 105|0x0000000716600000, 0x0000000716600000, 0x0000000716800000|  0%| F|  |TAMS 0x0000000716600000, 0x0000000716600000| Untracked 
| 106|0x0000000716800000, 0x0000000716800000, 0x0000000716a00000|  0%| F|  |TAMS 0x0000000716800000, 0x0000000716800000| Untracked 
| 107|0x0000000716a00000, 0x0000000716a00000, 0x0000000716c00000|  0%| F|  |TAMS 0x0000000716a00000, 0x0000000716a00000| Untracked 
| 108|0x0000000716c00000, 0x0000000716c00000, 0x0000000716e00000|  0%| F|  |TAMS 0x0000000716c00000, 0x0000000716c00000| Untracked 
| 109|0x0000000716e00000, 0x0000000716e00000, 0x0000000717000000|  0%| F|  |TAMS 0x0000000716e00000, 0x0000000716e00000| Untracked 
| 110|0x0000000717000000, 0x0000000717000000, 0x0000000717200000|  0%| F|  |TAMS 0x0000000717000000, 0x0000000717000000| Untracked 
| 111|0x0000000717200000, 0x0000000717200000, 0x0000000717400000|  0%| F|  |TAMS 0x0000000717200000, 0x0000000717200000| Untracked 
| 112|0x0000000717400000, 0x0000000717400000, 0x0000000717600000|  0%| F|  |TAMS 0x0000000717400000, 0x0000000717400000| Untracked 
| 113|0x0000000717600000, 0x0000000717600000, 0x0000000717800000|  0%| F|  |TAMS 0x0000000717600000, 0x0000000717600000| Untracked 
| 114|0x0000000717800000, 0x0000000717800000, 0x0000000717a00000|  0%| F|  |TAMS 0x0000000717800000, 0x0000000717800000| Untracked 
| 115|0x0000000717a00000, 0x0000000717a00000, 0x0000000717c00000|  0%| F|  |TAMS 0x0000000717a00000, 0x0000000717a00000| Untracked 
| 116|0x0000000717c00000, 0x0000000717c00000, 0x0000000717e00000|  0%| F|  |TAMS 0x0000000717c00000, 0x0000000717c00000| Untracked 
| 117|0x0000000717e00000, 0x0000000717e00000, 0x0000000718000000|  0%| F|  |TAMS 0x0000000717e00000, 0x0000000717e00000| Untracked 
| 118|0x0000000718000000, 0x0000000718070a98, 0x0000000718200000| 22%| E|  |TAMS 0x0000000718000000, 0x0000000718000000| Complete 
| 119|0x0000000718200000, 0x0000000718400000, 0x0000000718400000|100%| E|CS|TAMS 0x0000000718200000, 0x0000000718200000| Complete 
| 120|0x0000000718400000, 0x0000000718600000, 0x0000000718600000|100%| E|CS|TAMS 0x0000000718400000, 0x0000000718400000| Complete 
| 121|0x0000000718600000, 0x0000000718800000, 0x0000000718800000|100%| E|CS|TAMS 0x0000000718600000, 0x0000000718600000| Complete 
| 122|0x0000000718800000, 0x0000000718a00000, 0x0000000718a00000|100%| E|CS|TAMS 0x0000000718800000, 0x0000000718800000| Complete 
| 123|0x0000000718a00000, 0x0000000718c00000, 0x0000000718c00000|100%| E|CS|TAMS 0x0000000718a00000, 0x0000000718a00000| Complete 
|1972|0x00000007ffc00000, 0x00000007ffd75000, 0x00000007ffe00000| 72%|OA|  |TAMS 0x00000007ffc00000, 0x00000007ffc00000| Untracked 
|1973|0x00000007ffe00000, 0x00000007ffe78000, 0x0000000800000000| 23%|CA|  |TAMS 0x00000007ffe00000, 0x00000007ffe00000| Untracked 

Card table byte_map: [0x00007b4c62393000,0x00007b4c62b49000] _byte_map_base: 0x00007b4c5eb49000

Marking Bits (Prev, Next): (CMBitMap*) 0x00007b4c8809a740, (CMBitMap*) 0x00007b4c8809a780
 Prev Bits: [0x00007b4c5de2d000, 0x00007b4c61bdd000)
 Next Bits: [0x00007b4c5a07d000, 0x00007b4c5de2d000)

Polling page: 0x00007b4c8ddb4000

Metaspace:

Usage:
  Non-class:      5.15 MB used.
      Class:    524.43 KB used.
       Both:      5.66 MB used.

Virtual space:
  Non-class space:       64.00 MB reserved,       5.25 MB (  8%) committed,  1 nodes.
      Class space:        1.00 GB reserved,     640.00 KB ( <1%) committed,  1 nodes.
             Both:        1.06 GB reserved,       5.88 MB ( <1%) committed. 

Chunk freelists:
   Non-Class:  9.95 MB
       Class:  15.22 MB
        Both:  25.18 MB

MaxMetaspaceSize: unlimited
CompressedClassSpaceSize: 1.00 GB
Initial GC threshold: 21.00 MB
Current GC threshold: 21.00 MB
CDS: on
MetaspaceReclaimPolicy: balanced
 - commit_granule_bytes: 65536.
 - commit_granule_words: 8192.
 - virtual_space_node_default_size: 8388608.
 - enlarge_chunks_in_place: 1.
 - new_chunks_are_fully_committed: 0.
 - uncommit_free_chunks: 1.
 - use_allocation_guard: 0.
 - handle_deallocations: 1.


Internal statistics:

num_allocs_failed_limit: 0.
num_arena_births: 76.
num_arena_deaths: 0.
num_vsnodes_births: 2.
num_vsnodes_deaths: 0.
num_space_committed: 94.
num_space_uncommitted: 0.
num_chunks_returned_to_freelist: 0.
num_chunks_taken_from_freelist: 145.
num_chunk_merges: 0.
num_chunk_splits: 93.
num_chunks_enlarged: 58.
num_inconsistent_stats: 0.

CodeHeap 'non-profiled nmethods': size=120028Kb used=263Kb max_used=263Kb free=119764Kb
 bounds [0x00007b4c6aec9000, 0x00007b4c6b139000, 0x00007b4c72400000]
CodeHeap 'profiled nmethods': size=120028Kb used=1151Kb max_used=1151Kb free=118876Kb
 bounds [0x00007b4c63400000, 0x00007b4c63670000, 0x00007b4c6a937000]
CodeHeap 'non-nmethods': size=5704Kb used=1220Kb max_used=1234Kb free=4483Kb
 bounds [0x00007b4c6a937000, 0x00007b4c6aba7000, 0x00007b4c6aec9000]
 total_blobs=1253 nmethods=789 adapters=378
 compilation: enabled
              stopped_count=0, restarted_count=0
 full_count=0

Compilation events (20 events):
Event: 0.421 Thread 0x00007b4c8819bd50  720   !   3       java.lang.invoke.MemberName::clone (14 bytes)
Event: 0.421 Thread 0x00007b4c8819a820 nmethod 708 0x00007b4c6af04290 code [0x00007b4c6af04420, 0x00007b4c6af04998]
Event: 0.421 Thread 0x00007b4c8819bd50 nmethod 720 0x00007b4c63508190 code [0x00007b4c63508360, 0x00007b4c635086f0]
Event: 0.421 Thread 0x00007b4c8819bd50  721       3       sun.invoke.util.VerifyAccess::isClassAccessible (230 bytes)
Event: 0.422 Thread 0x00007b4c8819bd50 nmethod 721 0x00007b4c63508890 code [0x00007b4c63508ba0, 0x00007b4c63509a70]
Event: 0.422 Thread 0x00007b4c8819bd50  723       3       sun.invoke.util.BytecodeDescriptor::unparse (24 bytes)
Event: 0.422 Thread 0x00007b4c8819bd50 nmethod 723 0x00007b4c63509f90 code [0x00007b4c6350a160, 0x00007b4c6350a360]
Event: 0.425 Thread 0x00007b4c8819bd50  724       3       java.io.UnixFileSystem::normalize (41 bytes)
Event: 0.425 Thread 0x00007b4c8819bd50 nmethod 724 0x00007b4c6350a410 code [0x00007b4c6350a640, 0x00007b4c6350ac70]
Event: 0.426 Thread 0x00007b4c8819bd50  725       3       java.lang.System$2::findBootstrapClassOrNull (5 bytes)
Event: 0.426 Thread 0x00007b4c8819bd50 nmethod 725 0x00007b4c6350af10 code [0x00007b4c6350b0e0, 0x00007b4c6350b2f0]
Event: 0.426 Thread 0x00007b4c8819bd50  726       3       java.lang.ClassLoader::findBootstrapClassOrNull (14 bytes)
Event: 0.426 Thread 0x00007b4c8819bd50 nmethod 726 0x00007b4c6350b410 code [0x00007b4c6350b5c0, 0x00007b4c6350b770]
Event: 0.428 Thread 0x00007b4c8819bd50  728       3       java.io.InputStream::<init> (5 bytes)
Event: 0.428 Thread 0x00007b4c8819bd50 nmethod 728 0x00007b4c6350b810 code [0x00007b4c6350b9c0, 0x00007b4c6350bb10]
Event: 0.428 Thread 0x00007b4c8819bd50  730       3       jdk.internal.loader.BuiltinClassLoader::findLoadedModule (33 bytes)
Event: 0.429 Thread 0x00007b4c8819bd50 nmethod 730 0x00007b4c6350bc10 code [0x00007b4c6350be40, 0x00007b4c6350c490]
Event: 0.429 Thread 0x00007b4c8819bd50  731       3       java.util.ImmutableCollections$List12::get (35 bytes)
Event: 0.429 Thread 0x00007b4c8819bd50 nmethod 731 0x00007b4c6350c710 code [0x00007b4c6350c8e0, 0x00007b4c6350cba0]
Event: 0.429 Thread 0x00007b4c8819bd50  732       3       sun.net.www.ParseUtil::encodePath (41 bytes)

GC Heap History (0 events):
No events

Dll operation events (11 events):
Event: 0.001 Loaded shared library /home/tom/.jdks/temurin-17.0.15/lib/libjava.so
Event: 0.001 Loaded shared library /home/tom/.jdks/temurin-17.0.15/lib/libzip.so
Event: 0.013 Loaded shared library /home/tom/.jdks/temurin-17.0.15/lib/libjsvml.so
Event: 0.049 Loaded shared library /home/tom/.jdks/temurin-17.0.15/lib/libinstrument.so
Event: 0.099 Loaded shared library /home/tom/.jdks/temurin-17.0.15/lib/libnio.so
Event: 0.105 Loaded shared library /home/tom/.jdks/temurin-17.0.15/lib/libzip.so
Event: 0.129 Loaded shared library /home/tom/.jdks/temurin-17.0.15/lib/libjimage.so
Event: 0.163 Loaded shared library /usr/lib/libraylib.so.5.5.0
Event: 0.181 Loaded shared library /home/tom/.javacpp/cache/jaylib-5.5.0-2.jar/com/raylib/linux-x86_64/libjniRaylib.so
Event: 0.394 Loaded shared library /home/tom/.jdks/temurin-17.0.15/lib/libawt.so
Event: 0.396 Loaded shared library /home/tom/.jdks/temurin-17.0.15/lib/libawt_xawt.so

Deoptimization events (20 events):
Event: 0.189 Thread 0x00007b4c8802e170 Uncommon trap: trap_request=0xffffffc6 fr.pc=0x00007b4c6aef00a4 relative=0x00000000000014e4
Event: 0.189 Thread 0x00007b4c8802e170 Uncommon trap: reason=bimorphic_or_optimized_type_check action=maybe_recompile pc=0x00007b4c6aef00a4 method=java.util.HashMap.putVal(ILjava/lang/Object;Ljava/lang/Object;ZZ)Ljava/lang/Object; @ 56 c2
Event: 0.189 Thread 0x00007b4c8802e170 DEOPT PACKING pc=0x00007b4c6aef00a4 sp=0x00007b4c8c9fca70
Event: 0.189 Thread 0x00007b4c8802e170 DEOPT UNPACKING pc=0x00007b4c6a98d699 sp=0x00007b4c8c9fca18 mode 2
Event: 0.189 Thread 0x00007b4c8802e170 Uncommon trap: trap_request=0xffffffc6 fr.pc=0x00007b4c6aef0168 relative=0x00000000000015a8
Event: 0.189 Thread 0x00007b4c8802e170 Uncommon trap: reason=bimorphic_or_optimized_type_check action=maybe_recompile pc=0x00007b4c6aef0168 method=java.util.HashMap.putVal(ILjava/lang/Object;Ljava/lang/Object;ZZ)Ljava/lang/Object; @ 152 c2
Event: 0.189 Thread 0x00007b4c8802e170 DEOPT PACKING pc=0x00007b4c6aef0168 sp=0x00007b4c8c9fca70
Event: 0.189 Thread 0x00007b4c8802e170 DEOPT UNPACKING pc=0x00007b4c6a98d699 sp=0x00007b4c8c9fca20 mode 2
Event: 0.189 Thread 0x00007b4c8802e170 Uncommon trap: trap_request=0xffffffc6 fr.pc=0x00007b4c6aef00a4 relative=0x00000000000014e4
Event: 0.189 Thread 0x00007b4c8802e170 Uncommon trap: reason=bimorphic_or_optimized_type_check action=maybe_recompile pc=0x00007b4c6aef00a4 method=java.util.HashMap.putVal(ILjava/lang/Object;Ljava/lang/Object;ZZ)Ljava/lang/Object; @ 56 c2
Event: 0.189 Thread 0x00007b4c8802e170 DEOPT PACKING pc=0x00007b4c6aef00a4 sp=0x00007b4c8c9fca70
Event: 0.189 Thread 0x00007b4c8802e170 DEOPT UNPACKING pc=0x00007b4c6a98d699 sp=0x00007b4c8c9fca18 mode 2
Event: 0.196 Thread 0x00007b4c8802e170 DEOPT PACKING pc=0x00007b4c63438fc6 sp=0x00007b4c8c9fae20
Event: 0.196 Thread 0x00007b4c8802e170 DEOPT UNPACKING pc=0x00007b4c6a98de2f sp=0x00007b4c8c9fa260 mode 0
Event: 0.201 Thread 0x00007b4c8802e170 DEOPT PACKING pc=0x00007b4c6340fb4f sp=0x00007b4c8c9fc490
Event: 0.201 Thread 0x00007b4c8802e170 DEOPT UNPACKING pc=0x00007b4c6a98de2f sp=0x00007b4c8c9fb928 mode 0
Event: 0.386 Thread 0x00007b4c8802e170 DEOPT PACKING pc=0x00007b4c634d090c sp=0x00007b4c8c9fce30
Event: 0.387 Thread 0x00007b4c8802e170 DEOPT UNPACKING pc=0x00007b4c6a98de2f sp=0x00007b4c8c9fc350 mode 1
Event: 0.416 Thread 0x00007b4c8802e170 DEOPT PACKING pc=0x00007b4c6346214e sp=0x00007b4c8c9fdba0
Event: 0.416 Thread 0x00007b4c8802e170 DEOPT UNPACKING pc=0x00007b4c6a98de2f sp=0x00007b4c8c9fd020 mode 0

Classes loaded (20 events):
Event: 0.427 Loading class javax/sound/sampled/Line$Info done
Event: 0.427 Loading class javax/sound/sampled/DataLine$Info
Event: 0.427 Loading class javax/sound/sampled/DataLine$Info done
Event: 0.427 Loading class javax/sound/sampled/Control$Type
Event: 0.427 Loading class javax/sound/sampled/Control$Type done
Event: 0.427 Loading class javax/sound/sampled/FloatControl$Type
Event: 0.427 Loading class javax/sound/sampled/FloatControl$Type done
Event: 0.428 Loading class dev/spruce/game/assets/Assets
Event: 0.428 Loading class dev/spruce/game/assets/Assets done
Event: 0.428 Loading class dev/spruce/game/entity/Entity
Event: 0.428 Loading class dev/spruce/game/entity/Entity done
Event: 0.428 Loading class dev/spruce/game/entity/Entity
Event: 0.428 Loading class dev/spruce/game/entity/Entity done
Event: 0.428 Loading class dev/spruce/game/assets/managers/TileTextureManager
Event: 0.428 Loading class dev/spruce/game/assets/managers/TileTextureManager done
Event: 0.428 Loading class dev/spruce/game/assets/AssetManager
Event: 0.428 Loading class dev/spruce/game/assets/AssetManager done
Event: 0.428 Loading class dev/spruce/game/state/impl/GameState
Event: 0.428 Loading class dev/spruce/game/state/impl/GameState done
Event: 0.429 Loading class java/lang/Math$RandomNumberGeneratorHolder

Classes unloaded (0 events):
No events

Classes redefined (1 events):
Event: 0.064 Thread 0x00007b4c8818cc70 redefined class name=java.lang.Throwable, count=1

Internal exceptions (14 events):
Event: 0.117 Thread 0x00007b4c8802e170 Exception <a 'java/lang/NoSuchMethodError'{0x00000007186ac338}: 'int java.lang.invoke.DirectMethodHandle$Holder.invokeStaticInit(java.lang.Object, java.lang.Object, java.lang.Object, java.lang.Object)'> (0x00000007186ac338) 
thrown [src/hotspot/share/interpreter/linkResolver.cpp, line 758]
Event: 0.118 Thread 0x00007b4c8802e170 Exception <a 'java/lang/NoSuchMethodError'{0x00000007186b58b0}: 'java.lang.Object java.lang.invoke.DirectMethodHandle$Holder.invokeInterface(java.lang.Object, java.lang.Object)'> (0x00000007186b58b0) 
thrown [src/hotspot/share/interpreter/linkResolver.cpp, line 758]
Event: 0.119 Thread 0x00007b4c8802e170 Exception <a 'java/lang/IncompatibleClassChangeError'{0x00000007186b8e20}: Found class java.lang.Object, but interface was expected> (0x00000007186b8e20) 
thrown [src/hotspot/share/interpreter/linkResolver.cpp, line 826]
Event: 0.119 Thread 0x00007b4c8802e170 Exception <a 'java/lang/NoSuchMethodError'{0x00000007186bc4f8}: 'void java.lang.invoke.DirectMethodHandle$Holder.invokeStatic(java.lang.Object, java.lang.Object)'> (0x00000007186bc4f8) 
thrown [src/hotspot/share/interpreter/linkResolver.cpp, line 758]
Event: 0.120 Thread 0x00007b4c8802e170 Exception <a 'java/lang/NoSuchMethodError'{0x00000007186bfb88}: 'void java.lang.invoke.DirectMethodHandle$Holder.invokeStaticInit(java.lang.Object, java.lang.Object)'> (0x00000007186bfb88) 
thrown [src/hotspot/share/interpreter/linkResolver.cpp, line 758]
Event: 0.121 Thread 0x00007b4c8802e170 Exception <a 'java/lang/NoSuchMethodError'{0x00000007186c8000}: 'int java.lang.invoke.DirectMethodHandle$Holder.invokeStaticInit(java.lang.Object, java.lang.Object)'> (0x00000007186c8000) 
thrown [src/hotspot/share/interpreter/linkResolver.cpp, line 758]
Event: 0.179 Thread 0x00007b4c8802e170 Exception <a 'java/lang/NoSuchMethodError'{0x000000071851c3e8}: 'java.lang.Object java.lang.invoke.DirectMethodHandle$Holder.invokeStatic(java.lang.Object, int, java.lang.Object)'> (0x000000071851c3e8) 
thrown [src/hotspot/share/interpreter/linkResolver.cpp, line 758]
Event: 0.386 Thread 0x00007b4c8802e170 Exception <a 'java/lang/ClassNotFoundException'{0x00000007182aae70}: sun/awt/resources/spi/awtProvider> (0x00000007182aae70) 
thrown [src/hotspot/share/classfile/systemDictionary.cpp, line 256]
Event: 0.403 Thread 0x00007b4c8802e170 Exception <a 'java/io/FileNotFoundException'{0x000000071830bca0}> (0x000000071830bca0) 
thrown [src/hotspot/share/prims/jni.cpp, line 516]
Event: 0.411 Thread 0x00007b4c8802e170 Exception <a 'java/io/FileNotFoundException'{0x000000071833ac20}> (0x000000071833ac20) 
thrown [src/hotspot/share/prims/jni.cpp, line 516]
Event: 0.418 Thread 0x00007b4c8802e170 Exception <a 'java/lang/NoSuchMethodError'{0x0000000718364858}: 'double java.lang.invoke.DirectMethodHandle$Holder.invokeStatic(java.lang.Object, java.lang.Object)'> (0x0000000718364858) 
thrown [src/hotspot/share/interpreter/linkResolver.cpp, line 758]
Event: 0.419 Thread 0x00007b4c8802e170 Exception <a 'java/lang/NoSuchMethodError'{0x000000071836b720}: 'java.lang.Object java.lang.invoke.Invokers$Holder.invokeExact_MT(java.lang.Object, java.lang.Object, java.lang.Object, java.lang.Object, java.lang.Object, java.lang.Object)'> (0x000000071836b720) 
thrown [src/hotspot/share/interpreter/linkResolver.cpp, line 758]
Event: 0.420 Thread 0x00007b4c8802e170 Exception <a 'java/lang/NoSuchMethodError'{0x0000000718377770}: 'int java.lang.invoke.DirectMethodHandle$Holder.invokeSpecial(java.lang.Object, java.lang.Object, java.lang.Object)'> (0x0000000718377770) 
thrown [src/hotspot/share/interpreter/linkResolver.cpp, line 758]
Event: 0.428 Thread 0x00007b4c8802e170 Exception <a 'java/lang/NoSuchMethodError'{0x00000007183a4630}: 'void java.lang.invoke.DirectMethodHandle$Holder.invokeStatic(java.lang.Object, java.lang.Object, java.lang.Object)'> (0x00000007183a4630) 
thrown [src/hotspot/share/interpreter/linkResolver.cpp, line 758]

VM Operations (12 events):
Event: 0.033 Executing VM operation: HandshakeAllThreads
Event: 0.033 Executing VM operation: HandshakeAllThreads done
Event: 0.043 Executing VM operation: ChangeBreakpoints
Event: 0.043 Executing VM operation: ChangeBreakpoints done
Event: 0.048 Executing VM operation: ChangeBreakpoints
Event: 0.049 Executing VM operation: ChangeBreakpoints done
Event: 0.049 Executing VM operation: ChangeBreakpoints
Event: 0.049 Executing VM operation: ChangeBreakpoints done
Event: 0.064 Executing VM operation: RedefineClasses
Event: 0.064 Executing VM operation: RedefineClasses done
Event: 0.065 Executing VM operation: get/set locals
Event: 0.065 Executing VM operation: get/set locals done

Memory protections (17 events):
Event: 0.001 Protecting memory [0x00007b4c8c900000,0x00007b4c8c904000] with protection modes 0
Event: 0.015 Protecting memory [0x00007b4c5901d000,0x00007b4c59021000] with protection modes 0
Event: 0.015 Protecting memory [0x00007b4c58f1c000,0x00007b4c58f20000] with protection modes 0
Event: 0.017 Protecting memory [0x00007b4c58e1b000,0x00007b4c58e1f000] with protection modes 0
Event: 0.017 Protecting memory [0x00007b4c58d1a000,0x00007b4c58d1e000] with protection modes 0
Event: 0.017 Protecting memory [0x00007b4c58c19000,0x00007b4c58c1d000] with protection modes 0
Event: 0.017 Protecting memory [0x00007b4c58b18000,0x00007b4c58b1c000] with protection modes 0
Event: 0.017 Protecting memory [0x00007b4c58a17000,0x00007b4c58a1b000] with protection modes 0
Event: 0.017 Protecting memory [0x00007b4c58916000,0x00007b4c5891a000] with protection modes 0
Event: 0.028 Protecting memory [0x00007b4c58815000,0x00007b4c58819000] with protection modes 0
Event: 0.043 Protecting memory [0x00007b4c58714000,0x00007b4c58718000] with protection modes 0
Event: 0.043 Protecting memory [0x00007b4c58613000,0x00007b4c58617000] with protection modes 0
Event: 0.043 Protecting memory [0x00007b4c58512000,0x00007b4c58516000] with protection modes 0
Event: 0.068 Protecting memory [0x00007b4c58411000,0x00007b4c58415000] with protection modes 0
Event: 0.188 Protecting memory [0x00007b4c5802c000,0x00007b4c58030000] with protection modes 0
Event: 0.202 Protecting memory [0x00007b4c49b00000,0x00007b4c49b04000] with protection modes 0
Event: 0.428 Protecting memory [0x00007b4c49b00000,0x00007b4c49b04000] with protection modes 0

Nmethod flushes (0 events):
No events

Events (18 events):
Event: 0.014 Thread 0x00007b4c8802e170 Thread added: 0x00007b4c8802e170
Event: 0.015 Thread 0x00007b4c8802e170 Thread added: 0x00007b4c88190d30
Event: 0.015 Thread 0x00007b4c8802e170 Thread added: 0x00007b4c88192110
Event: 0.017 Thread 0x00007b4c8802e170 Thread added: 0x00007b4c881966b0
Event: 0.017 Thread 0x00007b4c8802e170 Thread added: 0x00007b4c88197a60
Event: 0.017 Thread 0x00007b4c8802e170 Thread added: 0x00007b4c88198e70
Event: 0.017 Thread 0x00007b4c8802e170 Thread added: 0x00007b4c8819a820
Event: 0.017 Thread 0x00007b4c8802e170 Thread added: 0x00007b4c8819bd50
Event: 0.017 Thread 0x00007b4c8802e170 Thread added: 0x00007b4c881a51b0
Event: 0.028 Thread 0x00007b4c8802e170 Thread added: 0x00007b4c881b07d0
Event: 0.043 Thread 0x00007b4c8802e170 Thread added: 0x00007b4c881f4280
Event: 0.043 Thread 0x00007b4c8802e170 Thread added: 0x00007b4c881f76c0
Event: 0.043 Thread 0x00007b4c881f4280 Thread added: 0x00007b4bc8001130
Event: 0.068 Thread 0x00007b4c8802e170 Thread added: 0x00007b4c8825a780
Event: 0.188 Thread 0x00007b4c8802e170 Thread added: 0x00007b4c88551960
Event: 0.202 Thread 0x00007b4c8819bd50 Thread added: 0x00007b4bdc190e70
Event: 0.376 Thread 0x00007b4bdc190e70 Thread exited: 0x00007b4bdc190e70
Event: 0.428 Thread 0x00007b4c8802e170 Thread added: 0x00007b4c890af100


Dynamic libraries:
40f84000-40f86000 r-xs 00000000 00:01 60894                              /memfd:/.glXXXXXX (deleted)
410e2000-41191000 rw-p 00000000 00:00 0 
709400000-718c00000 rw-p 00000000 00:00 0 
718c00000-7ffc00000 ---p 00000000 00:00 0 
7ffc00000-7ffd00000 rw-p 00000000 00:00 0 
7ffd00000-7ffd75000 rw-p 00c79000 00:28 1033232                          /home/tom/.jdks/temurin-17.0.15/lib/server/classes.jsa
7ffd75000-7ffe00000 rw-p 00000000 00:00 0 
7ffe00000-7ffe78000 rw-p 00c01000 00:28 1033232                          /home/tom/.jdks/temurin-17.0.15/lib/server/classes.jsa
7ffe78000-800000000 rw-p 00000000 00:00 0 
618654737000-618654738000 r--p 00000000 00:28 1033380                    /home/tom/.jdks/temurin-17.0.15/bin/java
618654738000-618654739000 r-xp 00001000 00:28 1033380                    /home/tom/.jdks/temurin-17.0.15/bin/java
618654739000-61865473a000 r--p 00002000 00:28 1033380                    /home/tom/.jdks/temurin-17.0.15/bin/java
61865473a000-61865473b000 r--p 00002000 00:28 1033380                    /home/tom/.jdks/temurin-17.0.15/bin/java
61865473b000-61865473c000 rw-p 00003000 00:28 1033380                    /home/tom/.jdks/temurin-17.0.15/bin/java
6186559f0000-618655a38000 rw-p 00000000 00:00 0                          [heap]
7b4bb0000000-7b4bb0071000 rw-p 00000000 00:00 0 
7b4bb0071000-7b4bb4000000 ---p 00000000 00:00 0 
7b4bb4200000-7b4bb4445000 r--p 00000000 00:28 439067                     /usr/lib64/libnvidia-gpucomp.so.570.124.04
7b4bb4445000-7b4bb7021000 r-xp 00245000 00:28 439067                     /usr/lib64/libnvidia-gpucomp.so.570.124.04
7b4bb7021000-7b4bb7c75000 r--p 02e21000 00:28 439067                     /usr/lib64/libnvidia-gpucomp.so.570.124.04
7b4bb7c75000-7b4bb7de9000 r--p 03a74000 00:28 439067                     /usr/lib64/libnvidia-gpucomp.so.570.124.04
7b4bb7de9000-7b4bb7ecc000 rw-p 03be8000 00:28 439067                     /usr/lib64/libnvidia-gpucomp.so.570.124.04
7b4bb7ecc000-7b4bb7fa7000 rw-p 00000000 00:00 0 
7b4bb8000000-7b4bb8021000 rw-p 00000000 00:00 0 
7b4bb8021000-7b4bbc000000 ---p 00000000 00:00 0 
7b4bbc000000-7b4bbc021000 rw-p 00000000 00:00 0 
7b4bbc021000-7b4bc0000000 ---p 00000000 00:00 0 
7b4bc0000000-7b4bc0021000 rw-p 00000000 00:00 0 
7b4bc0021000-7b4bc4000000 ---p 00000000 00:00 0 
7b4bc4000000-7b4bc4021000 rw-p 00000000 00:00 0 
7b4bc4021000-7b4bc8000000 ---p 00000000 00:00 0 
7b4bc8000000-7b4bc8033000 rw-p 00000000 00:00 0 
7b4bc8033000-7b4bcc000000 ---p 00000000 00:00 0 
7b4bcc000000-7b4bcc021000 rw-p 00000000 00:00 0 
7b4bcc021000-7b4bd0000000 ---p 00000000 00:00 0 
7b4bd0000000-7b4bd0021000 rw-p 00000000 00:00 0 
7b4bd0021000-7b4bd4000000 ---p 00000000 00:00 0 
7b4bd4000000-7b4bd4021000 rw-p 00000000 00:00 0 
7b4bd4021000-7b4bd8000000 ---p 00000000 00:00 0 
7b4bd8000000-7b4bd8240000 rw-p 00000000 00:00 0 
7b4bd8240000-7b4bdc000000 ---p 00000000 00:00 0 
7b4bdc000000-7b4bdc19d000 rw-p 00000000 00:00 0 
7b4bdc19d000-7b4be0000000 ---p 00000000 00:00 0 
7b4be0000000-7b4be0021000 rw-p 00000000 00:00 0 
7b4be0021000-7b4be4000000 ---p 00000000 00:00 0 
7b4be4000000-7b4be4021000 rw-p 00000000 00:00 0 
7b4be4021000-7b4be8000000 ---p 00000000 00:00 0 
7b4be8000000-7b4be8021000 rw-p 00000000 00:00 0 
7b4be8021000-7b4bec000000 ---p 00000000 00:00 0 
7b4bec000000-7b4bec021000 rw-p 00000000 00:00 0 
7b4bec021000-7b4bf0000000 ---p 00000000 00:00 0 
7b4bf0000000-7b4bf0021000 rw-p 00000000 00:00 0 
7b4bf0021000-7b4bf4000000 ---p 00000000 00:00 0 
7b4bf4c00000-7b4bf4e53000 r-xp 00000000 00:28 439064                     /usr/lib64/libnvidia-glcore.so.570.124.04
7b4bf4e53000-7b4bf4e74000 rwxp 00253000 00:28 439064                     /usr/lib64/libnvidia-glcore.so.570.124.04
7b4bf4e74000-7b4bf5000000 r-xp 00274000 00:28 439064                     /usr/lib64/libnvidia-glcore.so.570.124.04
7b4bf5000000-7b4bf5c00000 r-xp 00400000 00:28 439064                     /usr/lib64/libnvidia-glcore.so.570.124.04
7b4bf5c00000-7b4bf6c7a000 r-xp 01000000 00:28 439064                     /usr/lib64/libnvidia-glcore.so.570.124.04
7b4bf6c7a000-7b4bf6c7b000 ---p 0207a000 00:28 439064                     /usr/lib64/libnvidia-glcore.so.570.124.04
7b4bf6c7b000-7b4bf6df0000 r--p 0207a000 00:28 439064                     /usr/lib64/libnvidia-glcore.so.570.124.04
7b4bf6df0000-7b4bf6e52000 rw-p 021ef000 00:28 439064                     /usr/lib64/libnvidia-glcore.so.570.124.04
7b4bf6e52000-7b4bf6e70000 rw-p 00000000 00:00 0 
7b4bf7000000-7b4bf7400000 rw-p 00000000 00:00 0 
7b4bf7400000-7b4bf7530000 rw-p 00000000 00:00 0 
7b4bf7530000-7b4bf7600000 ---p 00000000 00:00 0 
7b4bf7600000-7b4bf7610000 rw-p 00000000 00:00 0 
7b4bf7610000-7b4bfb000000 ---p 00000000 00:00 0 
7b4bfb000000-7b4bfbbc9000 rw-p 00001000 00:28 1033232                    /home/tom/.jdks/temurin-17.0.15/lib/server/classes.jsa
7b4bfbbc9000-7b4bfc000000 ---p 00000000 00:00 0 
7b4bfc000000-7b4bfc020000 rw-p 00000000 00:00 0 
7b4bfc020000-7b4bfc040000 rw-p 00000000 00:00 0 
7b4bfc040000-7b4bfc090000 rw-p 00000000 00:00 0 
7b4bfc090000-7b4bfc0c0000 ---p 00000000 00:00 0 
7b4bfc0c0000-7b4bfc0d0000 rw-p 00000000 00:00 0 
7b4bfc0d0000-7b4c3c000000 ---p 00000000 00:00 0 
7b4c3c000000-7b4c3c021000 rw-p 00000000 00:00 0 
7b4c3c021000-7b4c40000000 ---p 00000000 00:00 0 
7b4c40000000-7b4c40021000 rw-p 00000000 00:00 0 
7b4c40021000-7b4c44000000 ---p 00000000 00:00 0 
7b4c44000000-7b4c44021000 rw-p 00000000 00:00 0 
7b4c44021000-7b4c48000000 ---p 00000000 00:00 0 
7b4c48a42000-7b4c48a56000 r--p 00000000 00:28 1033186                    /home/tom/.jdks/temurin-17.0.15/lib/libawt_xawt.so
7b4c48a56000-7b4c48a9d000 r-xp 00014000 00:28 1033186                    /home/tom/.jdks/temurin-17.0.15/lib/libawt_xawt.so
7b4c48a9d000-7b4c48ab5000 r--p 0005b000 00:28 1033186                    /home/tom/.jdks/temurin-17.0.15/lib/libawt_xawt.so
7b4c48ab5000-7b4c48ab6000 ---p 00073000 00:28 1033186                    /home/tom/.jdks/temurin-17.0.15/lib/libawt_xawt.so
7b4c48ab6000-7b4c48abb000 r--p 00073000 00:28 1033186                    /home/tom/.jdks/temurin-17.0.15/lib/libawt_xawt.so
7b4c48abb000-7b4c48abd000 rw-p 00078000 00:28 1033186                    /home/tom/.jdks/temurin-17.0.15/lib/libawt_xawt.so
7b4c48abd000-7b4c48abf000 rw-p 00000000 00:00 0 
7b4c48abf000-7b4c48aec000 r--p 00000000 00:28 1033206                    /home/tom/.jdks/temurin-17.0.15/lib/libawt.so
7b4c48aec000-7b4c48b6f000 r-xp 0002d000 00:28 1033206                    /home/tom/.jdks/temurin-17.0.15/lib/libawt.so
7b4c48b6f000-7b4c48b7c000 r--p 000b0000 00:28 1033206                    /home/tom/.jdks/temurin-17.0.15/lib/libawt.so
7b4c48b7c000-7b4c48b7d000 r--p 000bc000 00:28 1033206                    /home/tom/.jdks/temurin-17.0.15/lib/libawt.so
7b4c48b7d000-7b4c48b88000 rw-p 000bd000 00:28 1033206                    /home/tom/.jdks/temurin-17.0.15/lib/libawt.so
7b4c48b88000-7b4c48bad000 rw-p 00000000 00:00 0 
7b4c48bad000-7b4c48dad000 rw-s 00000000 00:06 1025                       /dev/nvidiactl
7b4c48dad000-7b4c48e2d000 rw-s 00000000 00:06 1025                       /dev/nvidiactl
7b4c48e2d000-7b4c48f2d000 rw-s 00000000 00:06 1025                       /dev/nvidiactl
7b4c48f2d000-7b4c48fad000 rw-s 00000000 00:06 1025                       /dev/nvidiactl
7b4c48fad000-7b4c48fc0000 rw-s 00000000 00:06 1025                       /dev/nvidiactl
7b4c48fc0000-7b4c49000000 rw-s 00000000 00:06 1025                       /dev/nvidiactl
7b4c49000000-7b4c49022000 r-xp 00000000 00:28 439061                     /usr/lib64/libnvidia-allocator.so.570.124.04
7b4c49022000-7b4c49222000 ---p 00022000 00:28 439061                     /usr/lib64/libnvidia-allocator.so.570.124.04
7b4c49222000-7b4c4922a000 r--p 00022000 00:28 439061                     /usr/lib64/libnvidia-allocator.so.570.124.04
7b4c4922a000-7b4c4922b000 rw-p 0002a000 00:28 439061                     /usr/lib64/libnvidia-allocator.so.570.124.04
7b4c4922b000-7b4c4922c000 rw-p 00000000 00:00 0 
7b4c4922f000-7b4c49233000 r-xp 00000000 00:28 56369                      /usr/lib64/libXtst.so.6.1.0
7b4c49233000-7b4c49235000 r--p 00004000 00:28 56369                      /usr/lib64/libXtst.so.6.1.0
7b4c49235000-7b4c49236000 r--p 00005000 00:28 56369                      /usr/lib64/libXtst.so.6.1.0
7b4c49236000-7b4c49237000 rw-p 00006000 00:28 56369                      /usr/lib64/libXtst.so.6.1.0
7b4c49237000-7b4c49257000 rw-s 00000000 00:06 1025                       /dev/nvidiactl
7b4c49257000-7b4c49297000 rw-s 00000000 00:06 1025                       /dev/nvidiactl
7b4c49297000-7b4c492b7000 rw-s 00000000 00:06 1025                       /dev/nvidiactl
7b4c492b7000-7b4c49337000 rw-s 00000000 00:06 1027                       /dev/nvidia0
7b4c49337000-7b4c49377000 rw-s 00000000 00:06 1025                       /dev/nvidiactl
7b4c49377000-7b4c49384000 r-xp 00000000 00:28 56595                      /usr/lib64/libdrm.so.2.124.0
7b4c49384000-7b4c4938c000 r--p 0000d000 00:28 56595                      /usr/lib64/libdrm.so.2.124.0
7b4c4938c000-7b4c4938d000 r--p 00015000 00:28 56595                      /usr/lib64/libdrm.so.2.124.0
7b4c4938d000-7b4c4938e000 rw-p 00000000 00:00 0 
7b4c4938e000-7b4c4938f000 r--p 00000000 00:28 57514                      /usr/lib64/libsystemd.so.0.39.0
7b4c4938f000-7b4c4942e000 r-xp 00001000 00:28 57514                      /usr/lib64/libsystemd.so.0.39.0
7b4c4942e000-7b4c49473000 r--p 000a0000 00:28 57514                      /usr/lib64/libsystemd.so.0.39.0
7b4c49473000-7b4c4947f000 r--p 000e4000 00:28 57514                      /usr/lib64/libsystemd.so.0.39.0
7b4c4947f000-7b4c49480000 rw-p 000f0000 00:28 57514                      /usr/lib64/libsystemd.so.0.39.0
7b4c49480000-7b4c49481000 rw-p 00000000 00:00 0 
7b4c49481000-7b4c4948e000 r--p 00000000 00:28 56557                      /usr/lib64/libdbus-1.so.3.32.4
7b4c4948e000-7b4c494c1000 r-xp 0000d000 00:28 56557                      /usr/lib64/libdbus-1.so.3.32.4
7b4c494c1000-7b4c494d2000 r--p 00040000 00:28 56557                      /usr/lib64/libdbus-1.so.3.32.4
7b4c494d2000-7b4c494d4000 r--p 00050000 00:28 56557                      /usr/lib64/libdbus-1.so.3.32.4
7b4c494d4000-7b4c494d5000 rw-p 00052000 00:28 56557                      /usr/lib64/libdbus-1.so.3.32.4
7b4c494f6000-7b4c49506000 r--p 00000000 00:28 439065                     /usr/lib64/libnvidia-glsi.so.570.124.04
7b4c49506000-7b4c49565000 r-xp 00010000 00:28 439065                     /usr/lib64/libnvidia-glsi.so.570.124.04
7b4c49565000-7b4c49582000 r--p 0006f000 00:28 439065                     /usr/lib64/libnvidia-glsi.so.570.124.04
7b4c49582000-7b4c49588000 r--p 0008b000 00:28 439065                     /usr/lib64/libnvidia-glsi.so.570.124.04
7b4c49588000-7b4c49589000 rw-p 00091000 00:28 439065                     /usr/lib64/libnvidia-glsi.so.570.124.04
7b4c49589000-7b4c49591000 rw-p 00000000 00:00 0 
7b4c49591000-7b4c495e2000 r--p 00000000 00:28 439059                     /usr/lib64/libGLX_nvidia.so.570.124.04
7b4c495e2000-7b4c4963e000 r-xp 00051000 00:28 439059                     /usr/lib64/libGLX_nvidia.so.570.124.04
7b4c4963e000-7b4c49673000 rwxp 000ad000 00:28 439059                     /usr/lib64/libGLX_nvidia.so.570.124.04
7b4c49673000-7b4c49674000 r-xp 000e2000 00:28 439059                     /usr/lib64/libGLX_nvidia.so.570.124.04
7b4c49674000-7b4c49694000 r--p 000e3000 00:28 439059                     /usr/lib64/libGLX_nvidia.so.570.124.04
7b4c49694000-7b4c496b4000 r--p 00102000 00:28 439059                     /usr/lib64/libGLX_nvidia.so.570.124.04
7b4c496b4000-7b4c496b9000 rw-p 00122000 00:28 439059                     /usr/lib64/libGLX_nvidia.so.570.124.04
7b4c496b9000-7b4c496bb000 rw-p 00000000 00:00 0 
7b4c496bb000-7b4c496bc000 r--p 00000000 00:28 56347                      /usr/lib64/libX11.so.6.4.0
7b4c496bc000-7b4c49754000 r-xp 00001000 00:28 56347                      /usr/lib64/libX11.so.6.4.0
7b4c49754000-7b4c497f9000 r--p 00099000 00:28 56347                      /usr/lib64/libX11.so.6.4.0
7b4c497f9000-7b4c497fc000 r--p 0013d000 00:28 56347                      /usr/lib64/libX11.so.6.4.0
7b4c497fc000-7b4c49800000 rw-p 00140000 00:28 56347                      /usr/lib64/libX11.so.6.4.0
7b4c49800000-7b4c49801000 r--p 00000000 00:28 57505                      /usr/lib64/libstdc++.so.6.0.33
7b4c49801000-7b4c49938000 r-xp 00001000 00:28 57505                      /usr/lib64/libstdc++.so.6.0.33
7b4c49938000-7b4c49a51000 r--p 00138000 00:28 57505                      /usr/lib64/libstdc++.so.6.0.33
7b4c49a51000-7b4c49a5e000 r--p 00250000 00:28 57505                      /usr/lib64/libstdc++.so.6.0.33
7b4c49a5e000-7b4c49a5f000 rw-p 0025d000 00:28 57505                      /usr/lib64/libstdc++.so.6.0.33
7b4c49a5f000-7b4c49a63000 rw-p 00000000 00:00 0 
7b4c49a64000-7b4c49a67000 rw-s 00000000 00:06 1025                       /dev/nvidiactl
7b4c49a67000-7b4c49a69000 rw-s 00000000 00:01 60894                      /memfd:/.glXXXXXX (deleted)
7b4c49a69000-7b4c49a6d000 r-xp 00000000 00:28 57708                      /usr/lib64/libxcb-xfixes.so.0.0.0
7b4c49a6d000-7b4c49a71000 r--p 00004000 00:28 57708                      /usr/lib64/libxcb-xfixes.so.0.0.0
7b4c49a71000-7b4c49a72000 r--p 00008000 00:28 57708                      /usr/lib64/libxcb-xfixes.so.0.0.0
7b4c49a72000-7b4c49a73000 rw-p 00009000 00:28 57708                      /usr/lib64/libxcb-xfixes.so.0.0.0
7b4c49a73000-7b4c49a7a000 r-xp 00000000 00:28 57697                      /usr/lib64/libxcb-randr.so.0.1.0
7b4c49a7a000-7b4c49a84000 r--p 00007000 00:28 57697                      /usr/lib64/libxcb-randr.so.0.1.0
7b4c49a84000-7b4c49a85000 r--p 00011000 00:28 57697                      /usr/lib64/libxcb-randr.so.0.1.0
7b4c49a85000-7b4c49a86000 rw-p 00012000 00:28 57697                      /usr/lib64/libxcb-randr.so.0.1.0
7b4c49a86000-7b4c49a88000 r--p 00000000 00:28 55912                      /usr/lib64/libGLdispatch.so.0.0.0
7b4c49a88000-7b4c49a8b000 r-xp 00002000 00:28 55912                      /usr/lib64/libGLdispatch.so.0.0.0
7b4c49a8b000-7b4c49ac6000 r-xp 00005000 00:28 55912                      /usr/lib64/libGLdispatch.so.0.0.0
7b4c49ac6000-7b4c49ac7000 r-xp 00040000 00:28 55912                      /usr/lib64/libGLdispatch.so.0.0.0
7b4c49ac7000-7b4c49ada000 r--p 00041000 00:28 55912                      /usr/lib64/libGLdispatch.so.0.0.0
7b4c49ada000-7b4c49af6000 r--p 00054000 00:28 55912                      /usr/lib64/libGLdispatch.so.0.0.0
7b4c49af6000-7b4c49af7000 rw-p 00070000 00:28 55912                      /usr/lib64/libGLdispatch.so.0.0.0
7b4c49af7000-7b4c49aff000 rw-p 00000000 00:00 0 
7b4c49aff000-7b4c49b00000 ---p 00000000 00:00 0 
7b4c49b00000-7b4c49b04000 ---p 00000000 00:00 0 
7b4c49b04000-7b4c49c00000 rw-p 00000000 00:00 0 
7b4c49c00000-7b4c49c6d000 r--p 00000000 00:28 441577                     /home/tom/.javacpp/cache/jaylib-5.5.0-2.jar/com/raylib/linux-x86_64/libjniRaylib.so
7b4c49c6d000-7b4c49ed1000 r-xp 0006d000 00:28 441577                     /home/tom/.javacpp/cache/jaylib-5.5.0-2.jar/com/raylib/linux-x86_64/libjniRaylib.so
7b4c49ed1000-7b4c49f63000 r--p 002d1000 00:28 441577                     /home/tom/.javacpp/cache/jaylib-5.5.0-2.jar/com/raylib/linux-x86_64/libjniRaylib.so
7b4c49f63000-7b4c49f64000 ---p 00363000 00:28 441577                     /home/tom/.javacpp/cache/jaylib-5.5.0-2.jar/com/raylib/linux-x86_64/libjniRaylib.so
7b4c49f64000-7b4c49f65000 r--p 00363000 00:28 441577                     /home/tom/.javacpp/cache/jaylib-5.5.0-2.jar/com/raylib/linux-x86_64/libjniRaylib.so
7b4c49f65000-7b4c49f6f000 rw-p 00364000 00:28 441577                     /home/tom/.javacpp/cache/jaylib-5.5.0-2.jar/com/raylib/linux-x86_64/libjniRaylib.so
7b4c49f6f000-7b4c49fa9000 rw-p 00000000 00:00 0 
7b4c49fa9000-7b4c49fad000 r-xp 00000000 00:28 57705                      /usr/lib64/libxcb-sync.so.1.0.0
7b4c49fad000-7b4c49fb0000 r--p 00004000 00:28 57705                      /usr/lib64/libxcb-sync.so.1.0.0
7b4c49fb0000-7b4c49fb1000 r--p 00007000 00:28 57705                      /usr/lib64/libxcb-sync.so.1.0.0
7b4c49fb1000-7b4c49fb2000 rw-p 00008000 00:28 57705                      /usr/lib64/libxcb-sync.so.1.0.0
7b4c49fb2000-7b4c49fbc000 r-xp 00000000 00:28 57692                      /usr/lib64/libxcb-glx.so.0.0.0
7b4c49fbc000-7b4c49fcc000 r--p 0000a000 00:28 57692                      /usr/lib64/libxcb-glx.so.0.0.0
7b4c49fcc000-7b4c49fce000 r--p 0001a000 00:28 57692                      /usr/lib64/libxcb-glx.so.0.0.0
7b4c49fce000-7b4c49fcf000 rw-p 0001c000 00:28 57692                      /usr/lib64/libxcb-glx.so.0.0.0
7b4c49fcf000-7b4c49fd1000 r--p 00000000 00:28 55909                      /usr/lib64/libGLX.so.0.0.0
7b4c49fd1000-7b4c49fec000 r-xp 00002000 00:28 55909                      /usr/lib64/libGLX.so.0.0.0
7b4c49fec000-7b4c49fee000 r--p 0001d000 00:28 55909                      /usr/lib64/libGLX.so.0.0.0
7b4c49fee000-7b4c49fef000 r--p 0001f000 00:28 55909                      /usr/lib64/libGLX.so.0.0.0
7b4c49fef000-7b4c49ff0000 rw-p 00020000 00:28 55909                      /usr/lib64/libGLX.so.0.0.0
7b4c49ff0000-7b4c4c021000 rw-p 00000000 00:00 0 
7b4c4c021000-7b4c50000000 ---p 00000000 00:00 0 
7b4c50000000-7b4c50021000 rw-p 00000000 00:00 0 
7b4c50021000-7b4c54000000 ---p 00000000 00:00 0 
7b4c54000000-7b4c54021000 rw-p 00000000 00:00 0 
7b4c54021000-7b4c58000000 ---p 00000000 00:00 0 
7b4c58000000-7b4c58002000 r-xp 00000000 00:28 57696                      /usr/lib64/libxcb-present.so.0.0.0
7b4c58002000-7b4c58004000 r--p 00002000 00:28 57696                      /usr/lib64/libxcb-present.so.0.0.0
7b4c58004000-7b4c58005000 r--p 00003000 00:28 57696                      /usr/lib64/libxcb-present.so.0.0.0
7b4c58005000-7b4c58006000 rw-p 00004000 00:28 57696                      /usr/lib64/libxcb-present.so.0.0.0
7b4c58006000-7b4c58009000 r-xp 00000000 00:28 57690                      /usr/lib64/libxcb-dri3.so.0.1.0
7b4c58009000-7b4c5800b000 r--p 00003000 00:28 57690                      /usr/lib64/libxcb-dri3.so.0.1.0
7b4c5800b000-7b4c5800c000 r--p 00005000 00:28 57690                      /usr/lib64/libxcb-dri3.so.0.1.0
7b4c5800c000-7b4c5800d000 rw-p 00006000 00:28 57690                      /usr/lib64/libxcb-dri3.so.0.1.0
7b4c5800d000-7b4c5800e000 r--p 00000000 00:28 439071                     /usr/lib64/libnvidia-tls.so.570.124.04
7b4c5800e000-7b4c58010000 r-xp 00001000 00:28 439071                     /usr/lib64/libnvidia-tls.so.570.124.04
7b4c58010000-7b4c58011000 r--p 00003000 00:28 439071                     /usr/lib64/libnvidia-tls.so.570.124.04
7b4c58011000-7b4c58012000 r--p 00003000 00:28 439071                     /usr/lib64/libnvidia-tls.so.570.124.04
7b4c58012000-7b4c58013000 rw-p 00004000 00:28 439071                     /usr/lib64/libnvidia-tls.so.570.124.04
7b4c58013000-7b4c58014000 r--p 00000000 00:28 56346                      /usr/lib64/libX11-xcb.so.1.0.0
7b4c58014000-7b4c58015000 r-xp 00001000 00:28 56346                      /usr/lib64/libX11-xcb.so.1.0.0
7b4c58015000-7b4c58016000 r--p 00002000 00:28 56346                      /usr/lib64/libX11-xcb.so.1.0.0
7b4c58016000-7b4c58017000 r--p 00002000 00:28 56346                      /usr/lib64/libX11-xcb.so.1.0.0
7b4c58017000-7b4c58018000 rw-p 00000000 00:00 0 
7b4c58018000-7b4c58019000 r--p 00000000 00:28 56361                      /usr/lib64/libXinerama.so.1.0.0
7b4c58019000-7b4c5801a000 r-xp 00001000 00:28 56361                      /usr/lib64/libXinerama.so.1.0.0
7b4c5801a000-7b4c5801b000 r--p 00002000 00:28 56361                      /usr/lib64/libXinerama.so.1.0.0
7b4c5801b000-7b4c5801c000 r--p 00002000 00:28 56361                      /usr/lib64/libXinerama.so.1.0.0
7b4c5801c000-7b4c5801d000 rw-p 00003000 00:28 56361                      /usr/lib64/libXinerama.so.1.0.0
7b4c5801d000-7b4c58025000 r-xp 00000000 00:28 56353                      /usr/lib64/libXcursor.so.1.0.2
7b4c58025000-7b4c58029000 r--p 00008000 00:28 56353                      /usr/lib64/libXcursor.so.1.0.2
7b4c58029000-7b4c5802a000 r--p 0000c000 00:28 56353                      /usr/lib64/libXcursor.so.1.0.2
7b4c5802a000-7b4c5802b000 rw-p 00000000 00:00 0 
7b4c5802b000-7b4c5802c000 ---p 00000000 00:00 0 
7b4c5802c000-7b4c58030000 ---p 00000000 00:00 0 
7b4c58030000-7b4c5812c000 rw-p 00000000 00:00 0 
7b4c5812c000-7b4c58158000 r--p 00000000 00:28 590948                     /usr/lib/libraylib.so.5.5.0
7b4c58158000-7b4c5826e000 r-xp 0002c000 00:28 590948                     /usr/lib/libraylib.so.5.5.0
7b4c5826e000-7b4c582d7000 r--p 00142000 00:28 590948                     /usr/lib/libraylib.so.5.5.0
7b4c582d7000-7b4c582db000 r--p 001aa000 00:28 590948                     /usr/lib/libraylib.so.5.5.0
7b4c582db000-7b4c582df000 rw-p 001ae000 00:28 590948                     /usr/lib/libraylib.so.5.5.0
7b4c582df000-7b4c5830f000 rw-p 00000000 00:00 0 
7b4c5830f000-7b4c58310000 ---p 00000000 00:00 0 
7b4c58310000-7b4c58410000 rw-p 00000000 00:00 0 
7b4c58410000-7b4c58411000 ---p 00000000 00:00 0 
7b4c58411000-7b4c58415000 ---p 00000000 00:00 0 
7b4c58415000-7b4c58511000 rw-p 00000000 00:00 0 
7b4c58511000-7b4c58512000 ---p 00000000 00:00 0 
7b4c58512000-7b4c58516000 ---p 00000000 00:00 0 
7b4c58516000-7b4c58612000 rw-p 00000000 00:00 0 
7b4c58612000-7b4c58613000 ---p 00000000 00:00 0 
7b4c58613000-7b4c58617000 ---p 00000000 00:00 0 
7b4c58617000-7b4c58713000 rw-p 00000000 00:00 0 
7b4c58713000-7b4c58714000 ---p 00000000 00:00 0 
7b4c58714000-7b4c58718000 ---p 00000000 00:00 0 
7b4c58718000-7b4c58814000 rw-p 00000000 00:00 0 
7b4c58814000-7b4c58815000 ---p 00000000 00:00 0 
7b4c58815000-7b4c58819000 ---p 00000000 00:00 0 
7b4c58819000-7b4c58915000 rw-p 00000000 00:00 0 
7b4c58915000-7b4c58916000 ---p 00000000 00:00 0 
7b4c58916000-7b4c5891a000 ---p 00000000 00:00 0 
7b4c5891a000-7b4c58a16000 rw-p 00000000 00:00 0 
7b4c58a16000-7b4c58a17000 ---p 00000000 00:00 0 
7b4c58a17000-7b4c58a1b000 ---p 00000000 00:00 0 
7b4c58a1b000-7b4c58b17000 rw-p 00000000 00:00 0 
7b4c58b17000-7b4c58b18000 ---p 00000000 00:00 0 
7b4c58b18000-7b4c58b1c000 ---p 00000000 00:00 0 
7b4c58b1c000-7b4c58c18000 rw-p 00000000 00:00 0 
7b4c58c18000-7b4c58c19000 ---p 00000000 00:00 0 
7b4c58c19000-7b4c58c1d000 ---p 00000000 00:00 0 
7b4c58c1d000-7b4c58d19000 rw-p 00000000 00:00 0 
7b4c58d19000-7b4c58d1a000 ---p 00000000 00:00 0 
7b4c58d1a000-7b4c58d1e000 ---p 00000000 00:00 0 
7b4c58d1e000-7b4c58e1a000 rw-p 00000000 00:00 0 
7b4c58e1a000-7b4c58e1b000 ---p 00000000 00:00 0 
7b4c58e1b000-7b4c58e1f000 ---p 00000000 00:00 0 
7b4c58e1f000-7b4c58f1b000 rw-p 00000000 00:00 0 
7b4c58f1b000-7b4c58f1c000 ---p 00000000 00:00 0 
7b4c58f1c000-7b4c58f20000 ---p 00000000 00:00 0 
7b4c58f20000-7b4c5901c000 rw-p 00000000 00:00 0 
7b4c5901c000-7b4c5901d000 ---p 00000000 00:00 0 
7b4c5901d000-7b4c59021000 ---p 00000000 00:00 0 
7b4c59021000-7b4c5911d000 rw-p 00000000 00:00 0 
7b4c5911d000-7b4c5911e000 ---p 00000000 00:00 0 
7b4c5911e000-7b4c5921e000 rw-p 00000000 00:00 0 
7b4c5921e000-7b4c59223000 r--p 00000000 00:28 1033213                    /home/tom/.jdks/temurin-17.0.15/lib/libjsvml.so
7b4c59223000-7b4c59264000 r-xp 00005000 00:28 1033213                    /home/tom/.jdks/temurin-17.0.15/lib/libjsvml.so
7b4c59264000-7b4c592ed000 r--p 00046000 00:28 1033213                    /home/tom/.jdks/temurin-17.0.15/lib/libjsvml.so
7b4c592ed000-7b4c592ee000 r--p 000ce000 00:28 1033213                    /home/tom/.jdks/temurin-17.0.15/lib/libjsvml.so
7b4c592ee000-7b4c592ef000 rw-p 000cf000 00:28 1033213                    /home/tom/.jdks/temurin-17.0.15/lib/libjsvml.so
7b4c592ef000-7b4c59370000 rw-p 00000000 00:00 0 
7b4c59370000-7b4c59371000 ---p 00000000 00:00 0 
7b4c59371000-7b4c59471000 rw-p 00000000 00:00 0 
7b4c59471000-7b4c59472000 ---p 00000000 00:00 0 
7b4c59472000-7b4c59572000 rw-p 00000000 00:00 0 
7b4c59572000-7b4c59d7a000 rw-p 00000000 00:00 0 
7b4c59d7a000-7b4c59d7b000 ---p 00000000 00:00 0 
7b4c59d7b000-7b4c59e7b000 rw-p 00000000 00:00 0 
7b4c59e7b000-7b4c59e7c000 ---p 00000000 00:00 0 
7b4c59e7c000-7b4c59f7c000 rw-p 00000000 00:00 0 
7b4c59f7c000-7b4c59f7d000 ---p 00000000 00:00 0 
7b4c59f7d000-7b4c5a07d000 rw-p 00000000 00:00 0 
7b4c5a07d000-7b4c5a45d000 rw-p 00000000 00:00 0 
7b4c5a45d000-7b4c5de1d000 ---p 00000000 00:00 0 
7b4c5de1d000-7b4c5e20d000 rw-p 00000000 00:00 0 
7b4c5e20d000-7b4c61bcd000 ---p 00000000 00:00 0 
7b4c61bcd000-7b4c61c59000 rw-p 00000000 00:00 0 
7b4c61c59000-7b4c62391000 ---p 00000000 00:00 0 
7b4c62391000-7b4c6240f000 rw-p 00000000 00:00 0 
7b4c6240f000-7b4c62b47000 ---p 00000000 00:00 0 
7b4c62b47000-7b4c62bc5000 rw-p 00000000 00:00 0 
7b4c62bc5000-7b4c632fd000 ---p 00000000 00:00 0 
7b4c632fd000-7b4c63400000 rw-p 00000000 00:00 0 
7b4c63400000-7b4c63670000 rwxp 00000000 00:00 0 
7b4c63670000-7b4c6a937000 ---p 00000000 00:00 0 
7b4c6a937000-7b4c6aba7000 rwxp 00000000 00:00 0 
7b4c6aba7000-7b4c6aec9000 ---p 00000000 00:00 0 
7b4c6aec9000-7b4c6b139000 rwxp 00000000 00:00 0 
7b4c6b139000-7b4c72400000 ---p 00000000 00:00 0 
7b4c72400000-7b4c80197000 r--p 00000000 00:28 32291                      /usr/lib/locale/locale-archive
7b4c80197000-7b4c80198000 r--p 00000000 00:28 294601                     /usr/share/locale/en_GB/LC_MESSAGES/libc.mo
7b4c80198000-7b4c8019a000 r--p 00000000 00:28 56357                      /usr/lib64/libXfixes.so.3.1.0
7b4c8019a000-7b4c8019d000 r-xp 00002000 00:28 56357                      /usr/lib64/libXfixes.so.3.1.0
7b4c8019d000-7b4c8019e000 r--p 00005000 00:28 56357                      /usr/lib64/libXfixes.so.3.1.0
7b4c8019e000-7b4c8019f000 r--p 00005000 00:28 56357                      /usr/lib64/libXfixes.so.3.1.0
7b4c8019f000-7b4c801a0000 rw-p 00006000 00:28 56357                      /usr/lib64/libXfixes.so.3.1.0
7b4c801a0000-7b4c801a8000 r-xp 00000000 00:28 56366                      /usr/lib64/libXrender.so.1.3.0
7b4c801a8000-7b4c801ab000 r--p 00008000 00:28 56366                      /usr/lib64/libXrender.so.1.3.0
7b4c801ab000-7b4c801ac000 r--p 0000a000 00:28 56366                      /usr/lib64/libXrender.so.1.3.0
7b4c801ac000-7b4c801ad000 rw-p 0000b000 00:28 56366                      /usr/lib64/libXrender.so.1.3.0
7b4c801ad000-7b4c801ae000 r--p 00000000 00:28 56360                      /usr/lib64/libXi.so.6.1.0
7b4c801ae000-7b4c801ba000 r-xp 00001000 00:28 56360                      /usr/lib64/libXi.so.6.1.0
7b4c801ba000-7b4c801be000 r--p 0000d000 00:28 56360                      /usr/lib64/libXi.so.6.1.0
7b4c801be000-7b4c801bf000 r--p 00010000 00:28 56360                      /usr/lib64/libXi.so.6.1.0
7b4c801bf000-7b4c801c0000 rw-p 00011000 00:28 56360                      /usr/lib64/libXi.so.6.1.0
7b4c801c0000-7b4c801c4000 r--p 00000000 00:28 56356                      /usr/lib64/libXext.so.6.4.0
7b4c801c4000-7b4c801cf000 r-xp 00004000 00:28 56356                      /usr/lib64/libXext.so.6.4.0
7b4c801cf000-7b4c801d2000 r--p 0000f000 00:28 56356                      /usr/lib64/libXext.so.6.4.0
7b4c801d2000-7b4c801d3000 r--p 00011000 00:28 56356                      /usr/lib64/libXext.so.6.4.0
7b4c801d3000-7b4c801d4000 rw-p 00012000 00:28 56356                      /usr/lib64/libXext.so.6.4.0
7b4c801d4000-7b4c801ea000 r-xp 00000000 00:28 57716                      /usr/lib64/libxcb.so.1.1.0
7b4c801ea000-7b4c801fe000 r--p 00016000 00:28 57716                      /usr/lib64/libxcb.so.1.1.0
7b4c801fe000-7b4c801ff000 r--p 0002a000 00:28 57716                      /usr/lib64/libxcb.so.1.1.0
7b4c801ff000-7b4c80200000 rw-p 0002b000 00:28 57716                      /usr/lib64/libxcb.so.1.1.0
7b4c80200000-7b4c87e02000 r--s 00000000 00:28 1033181                    /home/tom/.jdks/temurin-17.0.15/lib/modules
7b4c87e02000-7b4c87e06000 rw-s 00000000 00:06 1025                       /dev/nvidiactl
7b4c87e06000-7b4c87e08000 r--p 00000000 00:28 56365                      /usr/lib64/libXrandr.so.2.2.0
7b4c87e08000-7b4c87e0f000 r-xp 00002000 00:28 56365                      /usr/lib64/libXrandr.so.2.2.0
7b4c87e0f000-7b4c87e11000 r--p 00009000 00:28 56365                      /usr/lib64/libXrandr.so.2.2.0
7b4c87e11000-7b4c87e12000 r--p 0000a000 00:28 56365                      /usr/lib64/libXrandr.so.2.2.0
7b4c87e12000-7b4c87e13000 rw-p 0000b000 00:28 56365                      /usr/lib64/libXrandr.so.2.2.0
7b4c87e13000-7b4c87e14000 r--p 00000000 00:28 56712                      /usr/lib64/libgcc_s-14-20250110.so.1
7b4c87e14000-7b4c87e38000 r-xp 00001000 00:28 56712                      /usr/lib64/libgcc_s-14-20250110.so.1
7b4c87e38000-7b4c87e40000 r--p 00025000 00:28 56712                      /usr/lib64/libgcc_s-14-20250110.so.1
7b4c87e40000-7b4c87e41000 r--p 0002c000 00:28 56712                      /usr/lib64/libgcc_s-14-20250110.so.1
7b4c87e41000-7b4c87e42000 rw-p 00000000 00:00 0 
7b4c87e42000-7b4c87e46000 rw-s 00000000 00:06 1025                       /dev/nvidiactl
7b4c87e46000-7b4c87e49000 r--p 00000000 00:28 56496                      /usr/lib64/libcap.so.2.70
7b4c87e49000-7b4c87e4f000 r-xp 00003000 00:28 56496                      /usr/lib64/libcap.so.2.70
7b4c87e4f000-7b4c87e51000 r--p 00009000 00:28 56496                      /usr/lib64/libcap.so.2.70
7b4c87e51000-7b4c87e52000 r--p 0000a000 00:28 56496                      /usr/lib64/libcap.so.2.70
7b4c87e52000-7b4c87e53000 rw-p 0000b000 00:28 56496                      /usr/lib64/libcap.so.2.70
7b4c87e53000-7b4c87e63000 rw-s 00000000 00:06 1027                       /dev/nvidia0
7b4c87e63000-7b4c890da000 rw-p 00000000 00:00 0 
7b4c890da000-7b4c8c000000 ---p 00000000 00:00 0 
7b4c8c000000-7b4c8c001000 rw-s 00000000 00:06 1027                       /dev/nvidia0
7b4c8c001000-7b4c8c003000 rw-s 00000000 00:06 1025                       /dev/nvidiactl
7b4c8c003000-7b4c8c007000 r-xp 00000000 00:28 56372                      /usr/lib64/libXxf86vm.so.1.0.0
7b4c8c007000-7b4c8c009000 r--p 00004000 00:28 56372                      /usr/lib64/libXxf86vm.so.1.0.0
7b4c8c009000-7b4c8c00a000 r--p 00005000 00:28 56372                      /usr/lib64/libXxf86vm.so.1.0.0
7b4c8c00a000-7b4c8c00b000 rw-p 00006000 00:28 56372                      /usr/lib64/libXxf86vm.so.1.0.0
7b4c8c00b000-7b4c8c00c000 r--p 00000000 00:28 56350                      /usr/lib64/libXau.so.6.0.0
7b4c8c00c000-7b4c8c00e000 r-xp 00001000 00:28 56350                      /usr/lib64/libXau.so.6.0.0
7b4c8c00e000-7b4c8c00f000 r--p 00003000 00:28 56350                      /usr/lib64/libXau.so.6.0.0
7b4c8c00f000-7b4c8c010000 r--p 00003000 00:28 56350                      /usr/lib64/libXau.so.6.0.0
7b4c8c010000-7b4c8c011000 rw-p 00000000 00:00 0 
7b4c8c011000-7b4c8c015000 r--p 00000000 00:28 1033226                    /home/tom/.jdks/temurin-17.0.15/lib/libnet.so
7b4c8c015000-7b4c8c023000 r-xp 00004000 00:28 1033226                    /home/tom/.jdks/temurin-17.0.15/lib/libnet.so
7b4c8c023000-7b4c8c027000 r--p 00012000 00:28 1033226                    /home/tom/.jdks/temurin-17.0.15/lib/libnet.so
7b4c8c027000-7b4c8c028000 r--p 00015000 00:28 1033226                    /home/tom/.jdks/temurin-17.0.15/lib/libnet.so
7b4c8c028000-7b4c8c029000 rw-p 00016000 00:28 1033226                    /home/tom/.jdks/temurin-17.0.15/lib/libnet.so
7b4c8c029000-7b4c8c030000 r--p 00000000 00:28 1033235                    /home/tom/.jdks/temurin-17.0.15/lib/libnio.so
7b4c8c030000-7b4c8c039000 r-xp 00007000 00:28 1033235                    /home/tom/.jdks/temurin-17.0.15/lib/libnio.so
7b4c8c039000-7b4c8c03d000 r--p 00010000 00:28 1033235                    /home/tom/.jdks/temurin-17.0.15/lib/libnio.so
7b4c8c03d000-7b4c8c03e000 ---p 00014000 00:28 1033235                    /home/tom/.jdks/temurin-17.0.15/lib/libnio.so
7b4c8c03e000-7b4c8c03f000 r--p 00014000 00:28 1033235                    /home/tom/.jdks/temurin-17.0.15/lib/libnio.so
7b4c8c03f000-7b4c8c040000 rw-p 00015000 00:28 1033235                    /home/tom/.jdks/temurin-17.0.15/lib/libnio.so
7b4c8c040000-7b4c8c042000 r--p 00000000 00:28 1033225                    /home/tom/.jdks/temurin-17.0.15/lib/libdt_socket.so
7b4c8c042000-7b4c8c045000 r-xp 00002000 00:28 1033225                    /home/tom/.jdks/temurin-17.0.15/lib/libdt_socket.so
7b4c8c045000-7b4c8c046000 r--p 00005000 00:28 1033225                    /home/tom/.jdks/temurin-17.0.15/lib/libdt_socket.so
7b4c8c046000-7b4c8c047000 ---p 00006000 00:28 1033225                    /home/tom/.jdks/temurin-17.0.15/lib/libdt_socket.so
7b4c8c047000-7b4c8c048000 r--p 00006000 00:28 1033225                    /home/tom/.jdks/temurin-17.0.15/lib/libdt_socket.so
7b4c8c048000-7b4c8c049000 rw-p 00007000 00:28 1033225                    /home/tom/.jdks/temurin-17.0.15/lib/libdt_socket.so
7b4c8c049000-7b4c8c050000 r--s 00000000 00:28 60335                      /usr/lib64/gconv/gconv-modules.cache
7b4c8c050000-7b4c8c6db000 rw-p 00000000 00:00 0 
7b4c8c6db000-7b4c8c7c1000 ---p 00000000 00:00 0 
7b4c8c7c1000-7b4c8c7c6000 rw-p 00000000 00:00 0 
7b4c8c7c6000-7b4c8c8ac000 ---p 00000000 00:00 0 
7b4c8c8ac000-7b4c8c8b1000 rw-p 00000000 00:00 0 
7b4c8c8b1000-7b4c8c8b8000 ---p 00000000 00:00 0 
7b4c8c8b8000-7b4c8c8ba000 r--p 00000000 00:28 1033182                    /home/tom/.jdks/temurin-17.0.15/lib/libzip.so
7b4c8c8ba000-7b4c8c8cc000 r-xp 00002000 00:28 1033182                    /home/tom/.jdks/temurin-17.0.15/lib/libzip.so
7b4c8c8cc000-7b4c8c8d4000 r--p 00014000 00:28 1033182                    /home/tom/.jdks/temurin-17.0.15/lib/libzip.so
7b4c8c8d4000-7b4c8c8d5000 r--p 0001b000 00:28 1033182                    /home/tom/.jdks/temurin-17.0.15/lib/libzip.so
7b4c8c8d5000-7b4c8c8d6000 rw-p 0001c000 00:28 1033182                    /home/tom/.jdks/temurin-17.0.15/lib/libzip.so
7b4c8c8d6000-7b4c8c8e4000 r--p 00000000 00:28 1033185                    /home/tom/.jdks/temurin-17.0.15/lib/libjava.so
7b4c8c8e4000-7b4c8c8f6000 r-xp 0000e000 00:28 1033185                    /home/tom/.jdks/temurin-17.0.15/lib/libjava.so
7b4c8c8f6000-7b4c8c8fc000 r--p 00020000 00:28 1033185                    /home/tom/.jdks/temurin-17.0.15/lib/libjava.so
7b4c8c8fc000-7b4c8c8fd000 ---p 00026000 00:28 1033185                    /home/tom/.jdks/temurin-17.0.15/lib/libjava.so
7b4c8c8fd000-7b4c8c8fe000 r--p 00026000 00:28 1033185                    /home/tom/.jdks/temurin-17.0.15/lib/libjava.so
7b4c8c8fe000-7b4c8c8ff000 rw-p 00027000 00:28 1033185                    /home/tom/.jdks/temurin-17.0.15/lib/libjava.so
7b4c8c8ff000-7b4c8c900000 rw-p 00000000 00:00 0 
7b4c8c900000-7b4c8c904000 ---p 00000000 00:00 0 
7b4c8c904000-7b4c8ca00000 rw-p 00000000 00:00 0 
7b4c8ca00000-7b4c8cc53000 r--p 00000000 00:28 1033234                    /home/tom/.jdks/temurin-17.0.15/lib/server/libjvm.so
7b4c8cc53000-7b4c8d97c000 r-xp 00253000 00:28 1033234                    /home/tom/.jdks/temurin-17.0.15/lib/server/libjvm.so
7b4c8d97c000-7b4c8dc09000 r--p 00f7c000 00:28 1033234                    /home/tom/.jdks/temurin-17.0.15/lib/server/libjvm.so
7b4c8dc09000-7b4c8dc0a000 ---p 01209000 00:28 1033234                    /home/tom/.jdks/temurin-17.0.15/lib/server/libjvm.so
7b4c8dc0a000-7b4c8dcc3000 r--p 01209000 00:28 1033234                    /home/tom/.jdks/temurin-17.0.15/lib/server/libjvm.so
7b4c8dcc3000-7b4c8dcf8000 rw-p 012c2000 00:28 1033234                    /home/tom/.jdks/temurin-17.0.15/lib/server/libjvm.so
7b4c8dcf8000-7b4c8dd53000 rw-p 00000000 00:00 0 
7b4c8dd53000-7b4c8dd54000 rw-s 00000000 00:06 1025                       /dev/nvidiactl
7b4c8dd54000-7b4c8dd55000 rw-s 00000000 00:06 1025                       /dev/nvidiactl
7b4c8dd55000-7b4c8dd56000 r--s 00000000 00:06 1025                       /dev/nvidiactl
7b4c8dd56000-7b4c8dd5d000 r--s 0010e000 00:28 186164                     /home/tom/Documents/idea-IC-243.26053.27/plugins/java/lib/rt/debugger-agent.jar
7b4c8dd5d000-7b4c8dd65000 rw-s 00000000 00:33 424                        /tmp/hsperfdata_tom/44080
7b4c8dd65000-7b4c8dd67000 r--p 00000000 00:28 1033188                    /home/tom/.jdks/temurin-17.0.15/lib/libinstrument.so
7b4c8dd67000-7b4c8dd6d000 r-xp 00002000 00:28 1033188                    /home/tom/.jdks/temurin-17.0.15/lib/libinstrument.so
7b4c8dd6d000-7b4c8dd70000 r--p 00008000 00:28 1033188                    /home/tom/.jdks/temurin-17.0.15/lib/libinstrument.so
7b4c8dd70000-7b4c8dd71000 r--p 0000a000 00:28 1033188                    /home/tom/.jdks/temurin-17.0.15/lib/libinstrument.so
7b4c8dd71000-7b4c8dd72000 rw-p 0000b000 00:28 1033188                    /home/tom/.jdks/temurin-17.0.15/lib/libinstrument.so
7b4c8dd72000-7b4c8dd75000 r--p 00000000 00:28 1033222                    /home/tom/.jdks/temurin-17.0.15/lib/libjdwp.so
7b4c8dd75000-7b4c8dda2000 r-xp 00003000 00:28 1033222                    /home/tom/.jdks/temurin-17.0.15/lib/libjdwp.so
7b4c8dda2000-7b4c8ddb0000 r--p 00030000 00:28 1033222                    /home/tom/.jdks/temurin-17.0.15/lib/libjdwp.so
7b4c8ddb0000-7b4c8ddb1000 ---p 0003e000 00:28 1033222                    /home/tom/.jdks/temurin-17.0.15/lib/libjdwp.so
7b4c8ddb1000-7b4c8ddb2000 r--p 0003e000 00:28 1033222                    /home/tom/.jdks/temurin-17.0.15/lib/libjdwp.so
7b4c8ddb2000-7b4c8ddb3000 rw-p 0003f000 00:28 1033222                    /home/tom/.jdks/temurin-17.0.15/lib/libjdwp.so
7b4c8ddb3000-7b4c8ddb4000 rw-p 00000000 00:00 0 
7b4c8ddb4000-7b4c8ddb5000 ---p 00000000 00:00 0 
7b4c8ddb5000-7b4c8ddb6000 r--p 00000000 00:00 0 
7b4c8ddb6000-7b4c8ddb7000 r--p 00000000 00:28 57049                      /usr/lib64/libm.so.6
7b4c8ddb7000-7b4c8de30000 r-xp 00001000 00:28 57049                      /usr/lib64/libm.so.6
7b4c8de30000-7b4c8de9a000 r--p 0007a000 00:28 57049                      /usr/lib64/libm.so.6
7b4c8de9a000-7b4c8de9b000 r--p 000e3000 00:28 57049                      /usr/lib64/libm.so.6
7b4c8de9b000-7b4c8de9c000 rw-p 000e4000 00:28 57049                      /usr/lib64/libm.so.6
7b4c8de9c000-7b4c8de9d000 r--p 00000000 00:28 57426                      /usr/lib64/librt.so.1
7b4c8de9d000-7b4c8de9e000 r-xp 00001000 00:28 57426                      /usr/lib64/librt.so.1
7b4c8de9e000-7b4c8de9f000 r--p 00002000 00:28 57426                      /usr/lib64/librt.so.1
7b4c8de9f000-7b4c8dea0000 r--p 00002000 00:28 57426                      /usr/lib64/librt.so.1
7b4c8dea0000-7b4c8dea3000 rw-p 00000000 00:00 0 
7b4c8dea3000-7b4c8dea4000 r--p 00000000 00:28 56480                      /usr/lib64/libc.so.6
7b4c8dea4000-7b4c8e013000 r-xp 00001000 00:28 56480                      /usr/lib64/libc.so.6
7b4c8e013000-7b4c8e088000 r--p 00170000 00:28 56480                      /usr/lib64/libc.so.6
7b4c8e088000-7b4c8e08c000 r--p 001e5000 00:28 56480                      /usr/lib64/libc.so.6
7b4c8e08c000-7b4c8e08e000 rw-p 001e9000 00:28 56480                      /usr/lib64/libc.so.6
7b4c8e08e000-7b4c8e096000 rw-p 00000000 00:00 0 
7b4c8e096000-7b4c8e097000 r--p 00000000 00:28 56581                      /usr/lib64/libdl.so.2
7b4c8e097000-7b4c8e098000 r-xp 00001000 00:28 56581                      /usr/lib64/libdl.so.2
7b4c8e098000-7b4c8e099000 r--p 00002000 00:28 56581                      /usr/lib64/libdl.so.2
7b4c8e099000-7b4c8e09a000 r--p 00002000 00:28 56581                      /usr/lib64/libdl.so.2
7b4c8e09a000-7b4c8e09b000 rw-p 00000000 00:00 0 
7b4c8e09b000-7b4c8e09c000 r--p 00000000 00:28 57375                      /usr/lib64/libpthread.so.0
7b4c8e09c000-7b4c8e09d000 r-xp 00001000 00:28 57375                      /usr/lib64/libpthread.so.0
7b4c8e09d000-7b4c8e09e000 r--p 00002000 00:28 57375                      /usr/lib64/libpthread.so.0
7b4c8e09e000-7b4c8e09f000 r--p 00002000 00:28 57375                      /usr/lib64/libpthread.so.0
7b4c8e09f000-7b4c8e0a0000 rw-p 00000000 00:00 0 
7b4c8e0a0000-7b4c8e0a1000 ---p 00000000 00:00 0 
7b4c8e0a1000-7b4c8e0a5000 r--p 00000000 00:28 1033217                    /home/tom/.jdks/temurin-17.0.15/lib/libjimage.so
7b4c8e0a5000-7b4c8e0b8000 r-xp 00004000 00:28 1033217                    /home/tom/.jdks/temurin-17.0.15/lib/libjimage.so
7b4c8e0b8000-7b4c8e0be000 r--p 00017000 00:28 1033217                    /home/tom/.jdks/temurin-17.0.15/lib/libjimage.so
7b4c8e0be000-7b4c8e0c0000 r--p 0001c000 00:28 1033217                    /home/tom/.jdks/temurin-17.0.15/lib/libjimage.so
7b4c8e0c0000-7b4c8e0c1000 rw-p 0001e000 00:28 1033217                    /home/tom/.jdks/temurin-17.0.15/lib/libjimage.so
7b4c8e0c1000-7b4c8e0c4000 r--p 00000000 00:28 1033190                    /home/tom/.jdks/temurin-17.0.15/lib/libjli.so
7b4c8e0c4000-7b4c8e0d4000 r-xp 00003000 00:28 1033190                    /home/tom/.jdks/temurin-17.0.15/lib/libjli.so
7b4c8e0d4000-7b4c8e0db000 r--p 00013000 00:28 1033190                    /home/tom/.jdks/temurin-17.0.15/lib/libjli.so
7b4c8e0db000-7b4c8e0dc000 r--p 00019000 00:28 1033190                    /home/tom/.jdks/temurin-17.0.15/lib/libjli.so
7b4c8e0dc000-7b4c8e0dd000 rw-p 0001a000 00:28 1033190                    /home/tom/.jdks/temurin-17.0.15/lib/libjli.so
7b4c8e0dd000-7b4c8e0df000 rw-p 00000000 00:00 0 
7b4c8e0df000-7b4c8e0e1000 r--p 00000000 00:00 0                          [vvar]
7b4c8e0e1000-7b4c8e0e3000 r--p 00000000 00:00 0                          [vvar_vclock]
7b4c8e0e3000-7b4c8e0e5000 r-xp 00000000 00:00 0                          [vdso]
7b4c8e0e5000-7b4c8e0e6000 r--p 00000000 00:28 55890                      /usr/lib64/ld-linux-x86-64.so.2
7b4c8e0e6000-7b4c8e10f000 r-xp 00001000 00:28 55890                      /usr/lib64/ld-linux-x86-64.so.2
7b4c8e10f000-7b4c8e11a000 r--p 0002a000 00:28 55890                      /usr/lib64/ld-linux-x86-64.so.2
7b4c8e11a000-7b4c8e11c000 r--p 00035000 00:28 55890                      /usr/lib64/ld-linux-x86-64.so.2
7b4c8e11c000-7b4c8e11e000 rw-p 00037000 00:28 55890                      /usr/lib64/ld-linux-x86-64.so.2
7ffd7cdcc000-7ffd7cdee000 rw-p 00000000 00:00 0                          [stack]
ffffffffff600000-ffffffffff601000 --xp 00000000 00:00 0                  [vsyscall]


VM Arguments:
jvm_args: -Ddebugger.agent.enable.coroutines=true -Dkotlinx.coroutines.debug.enable.creation.stack.trace=false -Dkotlinx.coroutines.debug.enable.flows.stack.trace=true -Dkotlinx.coroutines.debug.enable.mutable.state.flows.stack.trace=true -agentlib:jdwp=transport=dt_socket,server=n,suspend=y,address=127.0.0.1:41453 -javaagent:/home/tom/Documents/idea-IC-243.26053.27/plugins/java/lib/rt/debugger-agent.jar -Dfile.encoding=UTF-8 -Duser.country=GB -Duser.language=en -Duser.variant 
java_command: Main
java_class_path (initial): /home/tom/Documents/GitHub/OpenWorldEngine/build/classes/java/main:/home/tom/Documents/GitHub/OpenWorldEngine/build/resources/main:/home/tom/.gradle/caches/modules-2/files-2.1/uk.co.electronstudio.jaylib/jaylib/5.5.0-2/f2131af8a2b69fa2333d92510f15f0d5fab72636/jaylib-5.5.0-2.jar
Launcher Type: SUN_STANDARD

[Global flags]
     intx CICompilerCount                          = 4                                         {product} {ergonomic}
     uint ConcGCThreads                            = 2                                         {product} {ergonomic}
     uint G1ConcRefinementThreads                  = 8                                         {product} {ergonomic}
   size_t G1HeapRegionSize                         = 2097152                                   {product} {ergonomic}
    uintx GCDrainStackTargetSize                   = 64                                        {product} {ergonomic}
   size_t InitialHeapSize                          = 260046848                                 {product} {ergonomic}
   size_t MarkStackSize                            = 4194304                                   {product} {ergonomic}
   size_t MaxHeapSize                              = 4139778048                                {product} {ergonomic}
   size_t MaxNewSize                               = 2483027968                                {product} {ergonomic}
   size_t MinHeapDeltaBytes                        = 2097152                                   {product} {ergonomic}
   size_t MinHeapSize                              = 8388608                                   {product} {ergonomic}
    uintx NonNMethodCodeHeapSize                   = 5839372                                {pd product} {ergonomic}
    uintx NonProfiledCodeHeapSize                  = 122909434                              {pd product} {ergonomic}
    uintx ProfiledCodeHeapSize                     = 122909434                              {pd product} {ergonomic}
    uintx ReservedCodeCacheSize                    = 251658240                              {pd product} {ergonomic}
     bool SegmentedCodeCache                       = true                                      {product} {ergonomic}
   size_t SoftMaxHeapSize                          = 4139778048                             {manageable} {ergonomic}
     bool UseCompressedClassPointers               = true                           {product lp64_product} {ergonomic}
     bool UseCompressedOops                        = true                           {product lp64_product} {ergonomic}
     bool UseG1GC                                  = true                                      {product} {ergonomic}

Logging:
Log output configuration:
 #0: stdout all=warning uptime,level,tags
 #1: stderr all=off uptime,level,tags

Environment Variables:
PATH=/tmp/.mount_osu.Ap7R3etJ/usr/bin/:/home/tom/.local/bin:/home/tom/bin:/usr/local/bin:/usr/bin:/bin:/usr/local/sbin:/usr/sbin:/sbin:/home/tom/.dotnet/tools
SHELL=/bin/bash
DISPLAY=:0
LANG=en_GB.utf8
LC_NUMERIC=en_GB.utf8
LC_TIME=en_GB.utf8

Active Locale:
LC_ALL=en_GB.utf8
LC_COLLATE=en_GB.utf8
LC_CTYPE=en_GB.utf8
LC_MESSAGES=en_GB.utf8
LC_MONETARY=en_GB.utf8
LC_NUMERIC=en_GB.utf8
LC_TIME=en_GB.utf8

Signal Handlers:
   SIGSEGV: crash_handler in libjvm.so, mask=11100100010111111101111111111110, flags=SA_RESTART|SA_SIGINFO, unblocked
    SIGBUS: crash_handler in libjvm.so, mask=11100100010111111101111111111110, flags=SA_RESTART|SA_SIGINFO, unblocked
    SIGFPE: crash_handler in libjvm.so, mask=11100100010111111101111111111110, flags=SA_RESTART|SA_SIGINFO, unblocked
   SIGPIPE: javaSignalHandler in libjvm.so, mask=11100100010111111101111111111110, flags=SA_RESTART|SA_SIGINFO, blocked
   SIGXFSZ: javaSignalHandler in libjvm.so, mask=11100100010111111101111111111110, flags=SA_RESTART|SA_SIGINFO, blocked
    SIGILL: crash_handler in libjvm.so, mask=11100100010111111101111111111110, flags=SA_RESTART|SA_SIGINFO, unblocked
   SIGUSR2: SR_handler in libjvm.so, mask=00100000000000000000000000000000, flags=SA_RESTART|SA_SIGINFO, blocked
    SIGHUP: UserHandler in libjvm.so, mask=11100100010111111101111111111110, flags=SA_RESTART|SA_SIGINFO, blocked
    SIGINT: UserHandler in libjvm.so, mask=11100100010111111101111111111110, flags=SA_RESTART|SA_SIGINFO, blocked
   SIGTERM: UserHandler in libjvm.so, mask=11100100010111111101111111111110, flags=SA_RESTART|SA_SIGINFO, blocked
   SIGQUIT: UserHandler in libjvm.so, mask=11100100010111111101111111111110, flags=SA_RESTART|SA_SIGINFO, blocked
   SIGTRAP: crash_handler in libjvm.so, mask=11100100010111111101111111111110, flags=SA_RESTART|SA_SIGINFO, unblocked


Periodic native trim disabled


---------------  S Y S T E M  ---------------

OS:
Nobara release 41 (Forty One)
uname: Linux 6.13.5-200.nobara.fc41.x86_64 #1 SMP PREEMPT_DYNAMIC Thu Feb 27 18:52:39 UTC 2025 x86_64
OS uptime: 0 days 7:58 hours
libc: glibc 2.40 NPTL 2.40 
rlimit (soft/hard): STACK 8192k/infinity , CORE infinity/infinity , NPROC 62306/62306 , NOFILE 1048576/1048576 , AS infinity/infinity , CPU infinity/infinity , DATA infinity/infinity , FSIZE infinity/infinity , MEMLOCK 8192k/8192k
load average: 1.49 1.23 1.02

/proc/meminfo:
MemTotal:       16167600 kB
MemFree:         1620672 kB
MemAvailable:    8563104 kB
Buffers:            3608 kB
Cached:          7166120 kB
SwapCached:            0 kB
Active:          8294108 kB
Inactive:        5083076 kB
Active(anon):    6300860 kB
Inactive(anon):    17620 kB
Active(file):    1993248 kB
Inactive(file):  5065456 kB
Unevictable:         152 kB
Mlocked:             152 kB
SwapTotal:      26172312 kB
SwapFree:       26172056 kB
Zswap:                 0 kB
Zswapped:              0 kB
Dirty:              7396 kB
Writeback:             0 kB
AnonPages:       6121592 kB
Mapped:          2483728 kB
Shmem:            111340 kB
KReclaimable:     220356 kB
Slab:             429172 kB
SReclaimable:     220356 kB
SUnreclaim:       208816 kB
KernelStack:       23936 kB
PageTables:        50076 kB
SecPageTables:      5300 kB
NFS_Unstable:          0 kB
Bounce:                0 kB
WritebackTmp:          0 kB
CommitLimit:    34256112 kB
Committed_AS:   15769512 kB
VmallocTotal:   34359738367 kB
VmallocUsed:      137420 kB
VmallocChunk:          0 kB
Percpu:             8768 kB
HardwareCorrupted:     0 kB
AnonHugePages:   3108864 kB
ShmemHugePages:        0 kB
ShmemPmdMapped:        0 kB
FileHugePages:   2650112 kB
FilePmdMapped:   1200128 kB
CmaTotal:              0 kB
CmaFree:               0 kB
Unaccepted:            0 kB
HugePages_Total:       0
HugePages_Free:        0
HugePages_Rsvd:        0
HugePages_Surp:        0
Hugepagesize:       2048 kB
Hugetlb:               0 kB
DirectMap4k:     1393592 kB
DirectMap2M:    13078528 kB
DirectMap1G:     2097152 kB

/sys/kernel/mm/transparent_hugepage/enabled: [always] madvise never
/sys/kernel/mm/transparent_hugepage/hpage_pmd_size: 2097152
/sys/kernel/mm/transparent_hugepage/defrag (defrag/compaction efforts parameter): always defer [defer+madvise] madvise never

Process Memory:
Virtual Size: 7655352K (peak: 7655480K)
Resident Set Size: 176724K (peak: 176724K) (anon: 65060K, file: 111664K, shmem: 0K)
Swapped out: 0K
C-Heap outstanding allocations: 42355K, retained: 3480K
glibc malloc tunables: (default)

/proc/sys/kernel/threads-max (system-wide limit on the number of threads): 124612
/proc/sys/vm/max_map_count (maximum number of memory map areas a process may have): 16777216
/proc/sys/vm/swappiness (control to define how aggressively the kernel swaps out anonymous memory): 100
/proc/sys/kernel/pid_max (system-wide limit on number of process identifiers): 4194304

container information not found.
Steal ticks since vm start: 0
Steal ticks percentage since vm start:  0.000

CPU: total 8 (initial active 8) (8 cores per cpu, 2 threads per core) family 23 model 96 stepping 1 microcode 0x860010d, cx8, cmov, fxsr, ht, mmx, 3dnowpref, sse, sse2, sse3, ssse3, sse4a, sse4.1, sse4.2, popcnt, lzcnt, tsc, tscinvbit, avx, avx2, aes, clmul, bmi1, bmi2, adx, sha, fma, vzeroupper, clflush, clflushopt
CPU Model and flags from /proc/cpuinfo:
model name	: AMD Ryzen 3 4100 4-Core Processor
flags		: fpu vme de pse tsc msr pae mce cx8 apic sep mtrr pge mca cmov pat pse36 clflush mmx fxsr sse sse2 ht syscall nx mmxext fxsr_opt pdpe1gb rdtscp lm constant_tsc rep_good nopl xtopology nonstop_tsc cpuid extd_apicid aperfmperf rapl pni pclmulqdq monitor ssse3 fma cx16 sse4_1 sse4_2 x2apic movbe popcnt aes xsave avx f16c rdrand lahf_lm cmp_legacy svm extapic cr8_legacy abm sse4a misalignsse 3dnowprefetch osvw ibs skinit wdt tce topoext perfctr_core perfctr_nb bpext perfctr_llc mwaitx cpb cat_l3 cdp_l3 hw_pstate ssbd mba ibrs ibpb stibp vmmcall fsgsbase bmi1 avx2 smep bmi2 cqm rdt_a rdseed adx smap clflushopt clwb sha_ni xsaveopt xsavec xgetbv1 cqm_llc cqm_occup_llc cqm_mbm_total cqm_mbm_local clzero irperf xsaveerptr rdpru wbnoinvd cppc arat npt lbrv svm_lock nrip_save tsc_scale vmcb_clean flushbyasid decodeassists pausefilter pfthreshold avic v_vmsave_vmload vgif v_spec_ctrl umip rdpid overflow_recov succor smca

Online cpus: 0-7
Offline cpus: 
BIOS frequency limitation: <Not Available>
Frequency switch latency (ns): 0
Available cpu frequencies: <Not Available>
Current governor: powersave
Core performance/turbo boost: 1

Memory: 4k page, physical 16167600k(1620672k free), swap 26172312k(26172056k free)
Page Sizes: 4k

vm_info: OpenJDK 64-Bit Server VM (17.0.15+6) for linux-amd64 JRE (17.0.15+6), built on Apr 15 2025 00:00:00 by "admin" with gcc 10.3.0

END.
